id,tvt
000d7d20_1442,11747.369487429743
000d7d20_1443,11747.36529216198
000d7d20_1444,11747.361550434456
000d7d20_1445,11747.358193503022
000d7d20_1446,11747.355152623528
000d7d20_1447,11747.352359051825
000d7d20_1448,11747.349744043768
000d7d20_1449,11747.347238855202
000d7d20_1450,11747.34477474198
000d7d20_1451,11747.342007802134
000d7d20_1452,11747.339142570281
000d7d20_1453,11747.336377877316
000d7d20_1454,11747.333176874898
000d7d20_1455,11747.330130344717
000d7d20_1456,11747.326223054488
000d7d20_1457,11747.321991842373
000d7d20_1458,11747.318325984257
000d7d20_1459,11747.31405153676
000d7d20_1460,11747.311224764228
000d7d20_1461,11747.30907913915
000d7d20_1462,11747.309371357454
000d7d20_1463,11747.308596349076
000d7d20_1464,11747.309922958402
000d7d20_1465,11747.313768219503
000d7d20_1466,11747.316916365495
000d7d20_1467,11747.320803673909
000d7d20_1468,11747.327253417066
000d7d20_1469,11747.336158401486
000d7d20_1470,11747.346883342434
000d7d20_1471,11747.35815415977
000d7d20_1472,11747.368878553167
000d7d20_1473,11747.379205650583
000d7d20_1474,11747.389180862308
000d7d20_1475,11747.39711600449
000d7d20_1476,11747.405600584978
000d7d20_1477,11747.410694454715
000d7d20_1478,11747.414441053374
000d7d20_1479,11747.416380655699
000d7d20_1480,11747.420232047876
000d7d20_1481,11747.423206812911
000d7d20_1482,11747.424567041078
000d7d20_1483,11747.428513059627
000d7d20_1484,11747.436030847595
000d7d20_1485,11747.444797219705
000d7d20_1486,11747.454082907192
000d7d20_1487,11747.462781323155
000d7d20_1488,11747.469454309572
000d7d20_1489,11747.477756802045
000d7d20_1490,11747.48575333569
000d7d20_1491,11747.493785279397
000d7d20_1492,11747.499966330526
000d7d20_1493,11747.506106122632
000d7d20_1494,11747.512137694055
000d7d20_1495,11747.520187041175
000d7d20_1496,11747.531253062065
000d7d20_1497,11747.542580370276
000d7d20_1498,11747.554406396257
000d7d20_1499,11747.565681490876
000d7d20_1500,11747.57409995855
000d7d20_1501,11747.579676906695
000d7d20_1502,11747.58288011422
000d7d20_1503,11747.586304406268
000d7d20_1504,11747.590412868236
000d7d20_1505,11747.59500465502
000d7d20_1506,11747.596080861867
000d7d20_1507,11747.598144917833
000d7d20_1508,11747.59848828557
000d7d20_1509,11747.594991835751
000d7d20_1510,11747.594980768903
000d7d20_1511,11747.601422659887
000d7d20_1512,11747.61537938227
000d7d20_1513,11747.627470253545
000d7d20_1514,11747.641170628302
000d7d20_1515,11747.65740363186
000d7d20_1516,11747.678494795813
000d7d20_1517,11747.70794133398
000d7d20_1518,11747.742094253943
000d7d20_1519,11747.784133445382
000d7d20_1520,11747.821409448023
000d7d20_1521,11747.847913725624
000d7d20_1522,11747.866936709066
000d7d20_1523,11747.887914948113
000d7d20_1524,11747.897595992406
000d7d20_1525,11747.898570340845
000d7d20_1526,11747.898649786503
000d7d20_1527,11747.895488444941
000d7d20_1528,11747.889397142178
000d7d20_1529,11747.878496796766
000d7d20_1530,11747.870188485005
000d7d20_1531,11747.865443633382
000d7d20_1532,11747.870054431129
000d7d20_1533,11747.882158628208
000d7d20_1534,11747.887732681924
000d7d20_1535,11747.896300215054
000d7d20_1536,11747.893166969488
000d7d20_1537,11747.874284032294
000d7d20_1538,11747.851395092883
000d7d20_1539,11747.831370993717
000d7d20_1540,11747.805150985936
000d7d20_1541,11747.775954247372
000d7d20_1542,11747.754430695471
000d7d20_1543,11747.723913642116
000d7d20_1544,11747.707661875475
000d7d20_1545,11747.69941791146
000d7d20_1546,11747.708237687251
000d7d20_1547,11747.725409751349
000d7d20_1548,11747.754969798092
000d7d20_1549,11747.799629270789
000d7d20_1550,11747.843926429254
000d7d20_1551,11747.89439680454
000d7d20_1552,11747.934323258358
000d7d20_1553,11747.968727580446
000d7d20_1554,11747.996784897032
000d7d20_1555,11748.029286877108
000d7d20_1556,11748.047648081196
000d7d20_1557,11748.051468582315
000d7d20_1558,11748.063245679501
000d7d20_1559,11748.048707502603
000d7d20_1560,11748.055358699534
000d7d20_1561,11748.059007273145
000d7d20_1562,11748.060294501722
000d7d20_1563,11748.066165953169
000d7d20_1564,11748.073606366203
000d7d20_1565,11748.095515075238
000d7d20_1566,11748.111507744326
000d7d20_1567,11748.136328515406
000d7d20_1568,11748.161908601664
000d7d20_1569,11748.197536789727
000d7d20_1570,11748.219757838884
000d7d20_1571,11748.250288373254
000d7d20_1572,11748.259924550795
000d7d20_1573,11748.278673288445
000d7d20_1574,11748.298505605473
000d7d20_1575,11748.312155971535
000d7d20_1576,11748.332235798265
000d7d20_1577,11748.34132984359
000d7d20_1578,11748.342442703175
000d7d20_1579,11748.347987465331
000d7d20_1580,11748.346112284913
000d7d20_1581,11748.345361264131
000d7d20_1582,11748.345887106909
000d7d20_1583,11748.342634470891
000d7d20_1584,11748.335037061122
000d7d20_1585,11748.335667605883
000d7d20_1586,11748.324279275226
000d7d20_1587,11748.320556956949
000d7d20_1588,11748.320643627228
000d7d20_1589,11748.327497800754
000d7d20_1590,11748.329538667575
000d7d20_1591,11748.34759933392
000d7d20_1592,11748.353477749142
000d7d20_1593,11748.363344500569
000d7d20_1594,11748.382655992773
000d7d20_1595,11748.394146779614
000d7d20_1596,11748.40776388459
000d7d20_1597,11748.416594799866
000d7d20_1598,11748.411672771625
000d7d20_1599,11748.404999092445
000d7d20_1600,11748.412297110324
000d7d20_1601,11748.419354007938
000d7d20_1602,11748.430458252209
000d7d20_1603,11748.44350562495
000d7d20_1604,11748.466089695536
000d7d20_1605,11748.493954261678
000d7d20_1606,11748.51885089306
000d7d20_1607,11748.54731536462
000d7d20_1608,11748.573252316442
000d7d20_1609,11748.597765230605
000d7d20_1610,11748.62750980577
000d7d20_1611,11748.63297518574
000d7d20_1612,11748.641208500518
000d7d20_1613,11748.64391536615
000d7d20_1614,11748.628476331673
000d7d20_1615,11748.625176034971
000d7d20_1616,11748.623477193212
000d7d20_1617,11748.604942804324
000d7d20_1618,11748.598140663378
000d7d20_1619,11748.578856422788
000d7d20_1620,11748.570280695598
000d7d20_1621,11748.572360849837
000d7d20_1622,11748.558863744254
000d7d20_1623,11748.563879690999
000d7d20_1624,11748.563692509759
000d7d20_1625,11748.554563953241
000d7d20_1626,11748.557053209068
000d7d20_1627,11748.540491195436
000d7d20_1628,11748.537424263015
000d7d20_1629,11748.526799012565
000d7d20_1630,11748.521123844806
000d7d20_1631,11748.50633757576
000d7d20_1632,11748.479048409376
000d7d20_1633,11748.447579077303
000d7d20_1634,11748.42078814602
000d7d20_1635,11748.394627130483
000d7d20_1636,11748.375722583214
000d7d20_1637,11748.356704700727
000d7d20_1638,11748.337669852952
000d7d20_1639,11748.31486998519
000d7d20_1640,11748.282455777127
000d7d20_1641,11748.244966913266
000d7d20_1642,11748.21695758605
000d7d20_1643,11748.175593693033
000d7d20_1644,11748.153250631305
000d7d20_1645,11748.12372907977
000d7d20_1646,11748.105969028029
000d7d20_1647,11748.08039583442
000d7d20_1648,11748.05337303211
000d7d20_1649,11748.049428088812
000d7d20_1650,11748.041701489936
000d7d20_1651,11748.051170111004
000d7d20_1652,11748.051245740926
000d7d20_1653,11748.059154786839
000d7d20_1654,11748.062644082565
000d7d20_1655,11748.0582721285
000d7d20_1656,11748.067191249667
000d7d20_1657,11748.061766672989
000d7d20_1658,11748.073333044103
000d7d20_1659,11748.067618952167
000d7d20_1660,11748.075442188125
000d7d20_1661,11748.067187433686
000d7d20_1662,11748.07078407545
000d7d20_1663,11748.078960817882
000d7d20_1664,11748.08131544176
000d7d20_1665,11748.083683275496
000d7d20_1666,11748.073746393477
000d7d20_1667,11748.060482484816
000d7d20_1668,11748.042913140434
000d7d20_1669,11748.029621226502
000d7d20_1670,11748.015053400244
000d7d20_1671,11748.003000539598
000d7d20_1672,11747.994807554982
000d7d20_1673,11747.979983491845
000d7d20_1674,11747.978891731094
000d7d20_1675,11747.969618388475
000d7d20_1676,11747.97637762246
000d7d20_1677,11747.977739495718
000d7d20_1678,11747.994743581221
000d7d20_1679,11748.005776396565
000d7d20_1680,11748.016250843426
000d7d20_1681,11748.01603778496
000d7d20_1682,11748.015306676092
000d7d20_1683,11747.998401686798
000d7d20_1684,11747.994020606713
000d7d20_1685,11747.976620820846
000d7d20_1686,11747.971421148912
000d7d20_1687,11747.96436647304
000d7d20_1688,11747.95923486376
000d7d20_1689,11747.965213701898
000d7d20_1690,11747.982478912256
000d7d20_1691,11748.00395856647
000d7d20_1692,11748.028346247826
000d7d20_1693,11748.057258863195
000d7d20_1694,11748.087717294518
000d7d20_1695,11748.113095604811
000d7d20_1696,11748.13937025592
000d7d20_1697,11748.15836627042
000d7d20_1698,11748.168860196847
000d7d20_1699,11748.166997157228
000d7d20_1700,11748.166671491557
000d7d20_1701,11748.15330475838
000d7d20_1702,11748.152080392867
000d7d20_1703,11748.144620056744
000d7d20_1704,11748.128549865442
000d7d20_1705,11748.118816322021
000d7d20_1706,11748.106803742468
000d7d20_1707,11748.093493722814
000d7d20_1708,11748.072099743433
000d7d20_1709,11748.05572541525
000d7d20_1710,11748.035912307005
000d7d20_1711,11748.022234169894
000d7d20_1712,11748.010449048
000d7d20_1713,11748.003368648833
000d7d20_1714,11747.994120388847
000d7d20_1715,11747.988963397316
000d7d20_1716,11747.980444785335
000d7d20_1717,11747.976957349469
000d7d20_1718,11747.975141951105
000d7d20_1719,11747.958770502639
000d7d20_1720,11747.940540330399
000d7d20_1721,11747.918270003973
000d7d20_1722,11747.900170458886
000d7d20_1723,11747.882955577286
000d7d20_1724,11747.86601334537
000d7d20_1725,11747.858697628795
000d7d20_1726,11747.849409963934
000d7d20_1727,11747.84308710614
000d7d20_1728,11747.84187323929
000d7d20_1729,11747.843511627932
000d7d20_1730,11747.84793088639
000d7d20_1731,11747.85455110874
000d7d20_1732,11747.860279857501
000d7d20_1733,11747.868597960958
000d7d20_1734,11747.871220629235
000d7d20_1735,11747.865092713064
000d7d20_1736,11747.86602800946
000d7d20_1737,11747.86504114102
000d7d20_1738,11747.87070959984
000d7d20_1739,11747.874486349237
000d7d20_1740,11747.877096798347
000d7d20_1741,11747.880584003029
000d7d20_1742,11747.876033404757
000d7d20_1743,11747.872695138562
000d7d20_1744,11747.871588111118
000d7d20_1745,11747.868418139677
000d7d20_1746,11747.870476931575
000d7d20_1747,11747.868306688115
000d7d20_1748,11747.86718209572
000d7d20_1749,11747.872773027242
000d7d20_1750,11747.87822850633
000d7d20_1751,11747.883101832353
000d7d20_1752,11747.890769387446
000d7d20_1753,11747.898239780858
000d7d20_1754,11747.903546304551
000d7d20_1755,11747.905711533691
000d7d20_1756,11747.90852382538
000d7d20_1757,11747.91277493504
000d7d20_1758,11747.913145984436
000d7d20_1759,11747.913606744243
000d7d20_1760,11747.909256261712
000d7d20_1761,11747.906312755462
000d7d20_1762,11747.904556164345
000d7d20_1763,11747.899139512601
000d7d20_1764,11747.901849256976
000d7d20_1765,11747.911093647941
000d7d20_1766,11747.919134388652
000d7d20_1767,11747.926572557613
000d7d20_1768,11747.936843610472
000d7d20_1769,11747.95028442574
000d7d20_1770,11747.965416268176
000d7d20_1771,11747.980516389314
000d7d20_1772,11747.987315423665
000d7d20_1773,11747.997445995019
000d7d20_1774,11748.010550300167
000d7d20_1775,11748.026624362563
000d7d20_1776,11748.05975314402
000d7d20_1777,11748.085225574343
000d7d20_1778,11748.101243681027
000d7d20_1779,11748.10193423224
000d7d20_1780,11748.099119475668
000d7d20_1781,11748.08845998038
000d7d20_1782,11748.075566927027
000d7d20_1783,11748.064409600931
000d7d20_1784,11748.044206203844
000d7d20_1785,11748.01533293543
000d7d20_1786,11747.991940892374
000d7d20_1787,11747.955077705255
000d7d20_1788,11747.906852112832
000d7d20_1789,11747.864959082623
000d7d20_1790,11747.824177455755
000d7d20_1791,11747.788098330404
000d7d20_1792,11747.78476115784
000d7d20_1793,11747.749963496237
000d7d20_1794,11747.699092669682
000d7d20_1795,11747.647839933565
000d7d20_1796,11747.59064754545
000d7d20_1797,11747.528536240396
000d7d20_1798,11747.470327072015
000d7d20_1799,11747.41264001137
000d7d20_1800,11747.350394302031
000d7d20_1801,11747.29947009051
000d7d20_1802,11747.259703894988
000d7d20_1803,11747.215470609473
000d7d20_1804,11747.172135051875
000d7d20_1805,11747.126550771081
000d7d20_1806,11747.09226895577
000d7d20_1807,11747.081136250908
000d7d20_1808,11747.083173761632
000d7d20_1809,11747.062036690335
000d7d20_1810,11747.040608143952
000d7d20_1811,11747.035884957812
000d7d20_1812,11747.014152105878
000d7d20_1813,11746.988308179456
000d7d20_1814,11746.964593547233
000d7d20_1815,11746.939095425732
000d7d20_1816,11746.917700972866
000d7d20_1817,11746.9015211533
000d7d20_1818,11746.880593038279
000d7d20_1819,11746.871060447324
000d7d20_1820,11746.861101302547
000d7d20_1821,11746.841275918114
000d7d20_1822,11746.840043630202
000d7d20_1823,11746.836288085713
000d7d20_1824,11746.822782999447
000d7d20_1825,11746.82002962401
000d7d20_1826,11746.822543044378
000d7d20_1827,11746.83447879866
000d7d20_1828,11746.837904998127
000d7d20_1829,11746.845551232323
000d7d20_1830,11746.853933491317
000d7d20_1831,11746.852945647774
000d7d20_1832,11746.846730240544
000d7d20_1833,11746.842824789894
000d7d20_1834,11746.844293225498
000d7d20_1835,11746.856696165716
000d7d20_1836,11746.855781726244
000d7d20_1837,11746.849070130727
000d7d20_1838,11746.838181269246
000d7d20_1839,11746.814380434002
000d7d20_1840,11746.79538172395
000d7d20_1841,11746.803649712705
000d7d20_1842,11746.803088767343
000d7d20_1843,11746.809797613389
000d7d20_1844,11746.809267567103
000d7d20_1845,11746.80896550728
000d7d20_1846,11746.805031784634
000d7d20_1847,11746.804926616984
000d7d20_1848,11746.807329077285
000d7d20_1849,11746.817172242256
000d7d20_1850,11746.836810324792
000d7d20_1851,11746.852349395376
000d7d20_1852,11746.86551899676
000d7d20_1853,11746.888937431706
000d7d20_1854,11746.900379327239
000d7d20_1855,11746.918434019284
000d7d20_1856,11746.94240639977
000d7d20_1857,11746.981041292624
000d7d20_1858,11746.99668510108
000d7d20_1859,11747.002256298663
000d7d20_1860,11747.002182766548
000d7d20_1861,11747.007936448586
000d7d20_1862,11747.017989845297
000d7d20_1863,11747.03335418501
000d7d20_1864,11747.045033106962
000d7d20_1865,11747.063988715649
000d7d20_1866,11747.088180175459
000d7d20_1867,11747.113746754138
000d7d20_1868,11747.142187849178
000d7d20_1869,11747.17082028129
000d7d20_1870,11747.191353598759
000d7d20_1871,11747.21356958697
000d7d20_1872,11747.222589472365
000d7d20_1873,11747.237802303873
000d7d20_1874,11747.246850283587
000d7d20_1875,11747.24821238218
000d7d20_1876,11747.260769390889
000d7d20_1877,11747.267085805372
000d7d20_1878,11747.272410854892
000d7d20_1879,11747.28160904712
000d7d20_1880,11747.290653208958
000d7d20_1881,11747.301654129711
000d7d20_1882,11747.311945765758
000d7d20_1883,11747.312217406976
000d7d20_1884,11747.30417707084
000d7d20_1885,11747.290568413548
000d7d20_1886,11747.270933127273
000d7d20_1887,11747.253252228486
000d7d20_1888,11747.225156526467
000d7d20_1889,11747.219365361147
000d7d20_1890,11747.208816764665
000d7d20_1891,11747.20060438841
000d7d20_1892,11747.18405841748
000d7d20_1893,11747.154299679212
000d7d20_1894,11747.141675732812
000d7d20_1895,11747.131682417667
000d7d20_1896,11747.124530312685
000d7d20_1897,11747.116512106626
000d7d20_1898,11747.106417660923
000d7d20_1899,11747.097665517149
000d7d20_1900,11747.0805143191
000d7d20_1901,11747.07069931348
000d7d20_1902,11747.07979623079
000d7d20_1903,11747.102327129025
000d7d20_1904,11747.130282092265
000d7d20_1905,11747.174132452443
000d7d20_1906,11747.185374211174
000d7d20_1907,11747.221255576382
000d7d20_1908,11747.253930689629
000d7d20_1909,11747.300347488524
000d7d20_1910,11747.362139930348
000d7d20_1911,11747.417942161439
000d7d20_1912,11747.470509108081
000d7d20_1913,11747.517553636355
000d7d20_1914,11747.563684468305
000d7d20_1915,11747.613921970484
000d7d20_1916,11747.652833049115
000d7d20_1917,11747.70295582409
000d7d20_1918,11747.752592423747
000d7d20_1919,11747.788170214779
000d7d20_1920,11747.812753871762
000d7d20_1921,11747.819157634061
000d7d20_1922,11747.822100478437
000d7d20_1923,11747.822829505965
000d7d20_1924,11747.830412004225
000d7d20_1925,11747.844992877444
000d7d20_1926,11747.82976222804
000d7d20_1927,11747.790842588392
000d7d20_1928,11747.742399844768
000d7d20_1929,11747.67855596752
000d7d20_1930,11747.612643569491
000d7d20_1931,11747.573959778967
000d7d20_1932,11747.556565567687
000d7d20_1933,11747.566504374747
000d7d20_1934,11747.583247041905
000d7d20_1935,11747.608665078185
000d7d20_1936,11747.643510216072
000d7d20_1937,11747.691853344237
000d7d20_1938,11747.756056866752
000d7d20_1939,11747.794277037723
000d7d20_1940,11747.864480850674
000d7d20_1941,11747.912388303657
000d7d20_1942,11747.937051321906
000d7d20_1943,11747.952540453654
000d7d20_1944,11747.953660715802
000d7d20_1945,11747.946821958501
000d7d20_1946,11747.972201261604
000d7d20_1947,11748.048768294453
000d7d20_1948,11748.143483440736
000d7d20_1949,11748.255707297812
000d7d20_1950,11748.355316732806
000d7d20_1951,11748.470291054704
000d7d20_1952,11748.591003343947
000d7d20_1953,11748.714541306545
000d7d20_1954,11748.844885450831
000d7d20_1955,11748.98897875707
000d7d20_1956,11749.078111745926
000d7d20_1957,11749.099698910964
000d7d20_1958,11749.075914951665
000d7d20_1959,11748.999182419748
000d7d20_1960,11748.88306574846
000d7d20_1961,11748.753262057722
000d7d20_1962,11748.620835378231
000d7d20_1963,11748.487626818569
000d7d20_1964,11748.346854573321
000d7d20_1965,11748.21419032047
000d7d20_1966,11748.097183380854
000d7d20_1967,11748.021232313304
000d7d20_1968,11747.973328021064
000d7d20_1969,11747.960623028308
000d7d20_1970,11747.98679710936
000d7d20_1971,11748.025004985482
000d7d20_1972,11748.018387701683
000d7d20_1973,11748.005435829069
000d7d20_1974,11747.992629623554
000d7d20_1975,11747.98134652133
000d7d20_1976,11747.97445683614
000d7d20_1977,11747.965092039303
000d7d20_1978,11747.960810767461
000d7d20_1979,11747.957150054743
000d7d20_1980,11747.958216320243
000d7d20_1981,11747.942659559978
000d7d20_1982,11747.92659301206
000d7d20_1983,11747.91150041382
000d7d20_1984,11747.893899261117
000d7d20_1985,11747.874047079704
000d7d20_1986,11747.85386101121
000d7d20_1987,11747.832888671128
000d7d20_1988,11747.816047482918
000d7d20_1989,11747.800976972683
000d7d20_1990,11747.789978730985
000d7d20_1991,11747.78555441651
000d7d20_1992,11747.789163046436
000d7d20_1993,11747.798224085009
000d7d20_1994,11747.80620153529
000d7d20_1995,11747.816421249077
000d7d20_1996,11747.838420256063
000d7d20_1997,11747.846807971528
000d7d20_1998,11747.847780077645
000d7d20_1999,11747.83630513508
000d7d20_2000,11747.811509955576
000d7d20_2001,11747.778397171216
000d7d20_2002,11747.734666074573
000d7d20_2003,11747.693676062921
000d7d20_2004,11747.654749609681
000d7d20_2005,11747.597184495513
000d7d20_2006,11747.542215200632
000d7d20_2007,11747.51887887992
000d7d20_2008,11747.538855540668
000d7d20_2009,11747.539262095368
000d7d20_2010,11747.574459036534
000d7d20_2011,11747.660612654376
000d7d20_2012,11747.802199640919
000d7d20_2013,11747.940417403726
000d7d20_2014,11748.09009964045
000d7d20_2015,11748.259355339027
000d7d20_2016,11748.443528437176
000d7d20_2017,11748.62783389187
000d7d20_2018,11748.80503110024
000d7d20_2019,11748.967811574375
000d7d20_2020,11749.101821944692
000d7d20_2021,11749.198375706006
000d7d20_2022,11749.291770859541
000d7d20_2023,11749.374937276621
000d7d20_2024,11749.430573392356
000d7d20_2025,11749.431427950103
000d7d20_2026,11749.461299594714
000d7d20_2027,11749.47657755252
000d7d20_2028,11749.48965691919
000d7d20_2029,11749.475819690962
000d7d20_2030,11749.459662045634
000d7d20_2031,11749.467691112717
000d7d20_2032,11749.48279301854
000d7d20_2033,11749.511049231227
000d7d20_2034,11749.548409413854
000d7d20_2035,11749.597891471032
000d7d20_2036,11749.63763231289
000d7d20_2037,11749.683499158304
000d7d20_2038,11749.748283311032
000d7d20_2039,11749.791071129488
000d7d20_2040,11749.835194308964
000d7d20_2041,11749.883449708233
000d7d20_2042,11749.90230040508
000d7d20_2043,11749.906703013623
000d7d20_2044,11749.931987848577
000d7d20_2045,11749.916919652132
000d7d20_2046,11749.879060973539
000d7d20_2047,11749.830138253044
000d7d20_2048,11749.757655062407
000d7d20_2049,11749.682136219386
000d7d20_2050,11749.614966921414
000d7d20_2051,11749.548626367869
000d7d20_2052,11749.480497783035
000d7d20_2053,11749.442773349108
000d7d20_2054,11749.400745136969
000d7d20_2055,11749.350368624808
000d7d20_2056,11749.318805534824
000d7d20_2057,11749.28952451023
000d7d20_2058,11749.250151064234
000d7d20_2059,11749.238468292526
000d7d20_2060,11749.238421425427
000d7d20_2061,11749.205162739028
000d7d20_2062,11749.170876677039
000d7d20_2063,11749.126427339539
000d7d20_2064,11749.089859568652
000d7d20_2065,11749.066274699946
000d7d20_2066,11749.064597662496
000d7d20_2067,11749.058823249277
000d7d20_2068,11749.067145734693
000d7d20_2069,11749.074159432514
000d7d20_2070,11749.068088484404
000d7d20_2071,11749.071190788945
000d7d20_2072,11749.069552667042
000d7d20_2073,11749.063433715664
000d7d20_2074,11749.055115841333
000d7d20_2075,11749.045872513316
000d7d20_2076,11749.04017803967
000d7d20_2077,11749.040479927471
000d7d20_2078,11749.044286123097
000d7d20_2079,11749.047590958573
000d7d20_2080,11749.05536082273
000d7d20_2081,11749.06524379111
000d7d20_2082,11749.070294584295
000d7d20_2083,11749.06866554498
000d7d20_2084,11749.06682117526
000d7d20_2085,11749.061326923227
000d7d20_2086,11749.060865269646
000d7d20_2087,11749.051960614106
000d7d20_2088,11749.037703321523
000d7d20_2089,11749.024411468296
000d7d20_2090,11749.006470585795
000d7d20_2091,11749.00293613478
000d7d20_2092,11748.992904421078
000d7d20_2093,11748.998704606478
000d7d20_2094,11748.999113890486
000d7d20_2095,11749.004065433814
000d7d20_2096,11749.021420916062
000d7d20_2097,11749.026526887821
000d7d20_2098,11749.031853120272
000d7d20_2099,11749.041034038144
000d7d20_2100,11749.039522143592
000d7d20_2101,11749.042876105686
000d7d20_2102,11749.06114935716
000d7d20_2103,11749.055532610064
000d7d20_2104,11749.0536652623
000d7d20_2105,11749.060155930321
000d7d20_2106,11749.056575726101
000d7d20_2107,11749.063587973813
000d7d20_2108,11749.068495398162
000d7d20_2109,11749.094435543615
000d7d20_2110,11749.107540395806
000d7d20_2111,11749.129571705951
000d7d20_2112,11749.149164139932
000d7d20_2113,11749.16826340345
000d7d20_2114,11749.179197841706
000d7d20_2115,11749.178560140117
000d7d20_2116,11749.175918652783
000d7d20_2117,11749.190211565949
000d7d20_2118,11749.21484208639
000d7d20_2119,11749.222253430304
000d7d20_2120,11749.242429409293
000d7d20_2121,11749.262188315917
000d7d20_2122,11749.270074095044
000d7d20_2123,11749.288390654245
000d7d20_2124,11749.312930855978
000d7d20_2125,11749.341468863873
000d7d20_2126,11749.363038818987
000d7d20_2127,11749.388668913072
000d7d20_2128,11749.410679412285
000d7d20_2129,11749.427734080778
000d7d20_2130,11749.424226174538
000d7d20_2131,11749.425743431655
000d7d20_2132,11749.423888113333
000d7d20_2133,11749.432837585711
000d7d20_2134,11749.442096686347
000d7d20_2135,11749.445056904968
000d7d20_2136,11749.448563346283
000d7d20_2137,11749.449523013296
000d7d20_2138,11749.446798720466
000d7d20_2139,11749.468310762411
000d7d20_2140,11749.484876672777
000d7d20_2141,11749.497285102725
000d7d20_2142,11749.489495355601
000d7d20_2143,11749.470574742127
000d7d20_2144,11749.444445830806
000d7d20_2145,11749.40913407105
000d7d20_2146,11749.366626715577
000d7d20_2147,11749.324783761991
000d7d20_2148,11749.283036732093
000d7d20_2149,11749.2344435743
000d7d20_2150,11749.16451643006
000d7d20_2151,11749.096665453379
000d7d20_2152,11749.032199559322
000d7d20_2153,11748.986968496052
000d7d20_2154,11748.963360439593
000d7d20_2155,11748.975526700826
000d7d20_2156,11748.97694550582
000d7d20_2157,11748.981126200015
000d7d20_2158,11748.982674788087
000d7d20_2159,11748.992162507177
000d7d20_2160,11749.00924242862
000d7d20_2161,11749.029307441104
000d7d20_2162,11749.050936579491
000d7d20_2163,11749.06391856706
000d7d20_2164,11749.083381433458
000d7d20_2165,11749.087550077647
000d7d20_2166,11749.094357190415
000d7d20_2167,11749.106993566924
000d7d20_2168,11749.14082043903
000d7d20_2169,11749.187093022807
000d7d20_2170,11749.225548824343
000d7d20_2171,11749.267883839273
000d7d20_2172,11749.289763470564
000d7d20_2173,11749.316240918874
000d7d20_2174,11749.32444685148
000d7d20_2175,11749.304933316896
000d7d20_2176,11749.26198619498
000d7d20_2177,11749.195570544773
000d7d20_2178,11749.113306293506
000d7d20_2179,11749.022464901198
000d7d20_2180,11748.959616518801
000d7d20_2181,11748.900646974047
000d7d20_2182,11748.841876900813
000d7d20_2183,11748.791667716387
000d7d20_2184,11748.772530218177
000d7d20_2185,11748.749571823542
000d7d20_2186,11748.73431564051
000d7d20_2187,11748.735049514093
000d7d20_2188,11748.741873895491
000d7d20_2189,11748.761747964718
000d7d20_2190,11748.769136644682
000d7d20_2191,11748.771641426998
000d7d20_2192,11748.768355305887
000d7d20_2193,11748.768540212151
000d7d20_2194,11748.770025939493
000d7d20_2195,11748.775305231618
000d7d20_2196,11748.78655796162
000d7d20_2197,11748.782528522746
000d7d20_2198,11748.784280750848
000d7d20_2199,11748.79121563687
000d7d20_2200,11748.799055882577
000d7d20_2201,11748.747799162364
000d7d20_2202,11748.724138290561
000d7d20_2203,11748.717415983194
000d7d20_2204,11748.726042104145
000d7d20_2205,11748.760877825714
000d7d20_2206,11748.799231506377
000d7d20_2207,11748.849728153207
000d7d20_2208,11748.905925440471
000d7d20_2209,11748.961893920263
000d7d20_2210,11749.0289955032
000d7d20_2211,11749.091204658365
000d7d20_2212,11749.145529710879
000d7d20_2213,11749.184169127851
000d7d20_2214,11749.21534649245
000d7d20_2215,11749.22440081472
000d7d20_2216,11749.197848294856
000d7d20_2217,11749.12863443366
000d7d20_2218,11749.10752164708
000d7d20_2219,11749.094131561114
000d7d20_2220,11749.083770242858
000d7d20_2221,11749.08780711748
000d7d20_2222,11749.075561697773
000d7d20_2223,11749.072266586156
000d7d20_2224,11749.072354935213
000d7d20_2225,11749.06769868579
000d7d20_2226,11749.079639087578
000d7d20_2227,11749.089288041072
000d7d20_2228,11749.076011525343
000d7d20_2229,11749.07017183519
000d7d20_2230,11749.059981673068
000d7d20_2231,11749.041634341607
000d7d20_2232,11749.026139456333
000d7d20_2233,11749.02687975884
000d7d20_2234,11749.055595356873
000d7d20_2235,11749.081706167033
000d7d20_2236,11749.121545640659
000d7d20_2237,11749.189932333178
000d7d20_2238,11749.258055498565
000d7d20_2239,11749.349901015219
000d7d20_2240,11749.438615587134
000d7d20_2241,11749.5259329255
000d7d20_2242,11749.56929309227
000d7d20_2243,11749.617045219367
000d7d20_2244,11749.631282063358
000d7d20_2245,11749.65198127148
000d7d20_2246,11749.655332775812
000d7d20_2247,11749.658542018702
000d7d20_2248,11749.69510886075
000d7d20_2249,11749.723909477867
000d7d20_2250,11749.743547701852
000d7d20_2251,11749.751073766607
000d7d20_2252,11749.774005280522
000d7d20_2253,11749.801211164717
000d7d20_2254,11749.824329326459
000d7d20_2255,11749.836199588352
000d7d20_2256,11749.822906273732
000d7d20_2257,11749.796605070602
000d7d20_2258,11749.738321195458
000d7d20_2259,11749.709746238212
000d7d20_2260,11749.67197766467
000d7d20_2261,11749.644585059546
000d7d20_2262,11749.637958062907
000d7d20_2263,11749.644097470817
000d7d20_2264,11749.650842517822
000d7d20_2265,11749.64120843078
000d7d20_2266,11749.632215168223
000d7d20_2267,11749.62606156642
000d7d20_2268,11749.613099682028
000d7d20_2269,11749.598713422298
000d7d20_2270,11749.584605064434
000d7d20_2271,11749.573869064121
000d7d20_2272,11749.579754306427
000d7d20_2273,11749.569632975645
000d7d20_2274,11749.547614304389
000d7d20_2275,11749.511990289482
000d7d20_2276,11749.466840907531
000d7d20_2277,11749.418564660484
000d7d20_2278,11749.362237009767
000d7d20_2279,11749.300732255806
000d7d20_2280,11749.227528674215
000d7d20_2281,11749.16091938656
000d7d20_2282,11749.096745938295
000d7d20_2283,11749.03473884044
000d7d20_2284,11748.980148611527
000d7d20_2285,11748.940038691177
000d7d20_2286,11748.912405960727
000d7d20_2287,11748.909431495687
000d7d20_2288,11748.905012058267
000d7d20_2289,11748.851162276585
000d7d20_2290,11748.820754801365
000d7d20_2291,11748.811610671999
000d7d20_2292,11748.8223036049
000d7d20_2293,11748.857830204317
000d7d20_2294,11748.906501183548
000d7d20_2295,11748.976617062224
000d7d20_2296,11749.047395629756
000d7d20_2297,11749.11825488647
000d7d20_2298,11749.19270086984
000d7d20_2299,11749.260644450027
000d7d20_2300,11749.31541113876
000d7d20_2301,11749.350073254856
000d7d20_2302,11749.35345157031
000d7d20_2303,11749.348698474996
000d7d20_2304,11749.31549248123
000d7d20_2305,11749.255266269836
000d7d20_2306,11749.216867811772
000d7d20_2307,11749.19508014287
000d7d20_2308,11749.172200861767
000d7d20_2309,11749.14648485502
000d7d20_2310,11749.129435927964
000d7d20_2311,11749.128045602605
000d7d20_2312,11749.11274030298
000d7d20_2313,11749.100054082253
000d7d20_2314,11749.088041520363
000d7d20_2315,11749.082082884186
000d7d20_2316,11749.058534188554
000d7d20_2317,11749.019111790694
000d7d20_2318,11748.964184416158
000d7d20_2319,11748.913545566436
000d7d20_2320,11748.856522207789
000d7d20_2321,11748.790014058924
000d7d20_2322,11748.747012579335
000d7d20_2323,11748.704016082887
000d7d20_2324,11748.684759966336
000d7d20_2325,11748.706644510185
000d7d20_2326,11748.769603557497
000d7d20_2327,11748.85645961169
000d7d20_2328,11748.970565648684
000d7d20_2329,11749.094606630511
000d7d20_2330,11749.1996406241
000d7d20_2331,11749.319807954498
000d7d20_2332,11749.392965823972
000d7d20_2333,11749.452190495947
000d7d20_2334,11749.475583139325
000d7d20_2335,11749.475533443388
000d7d20_2336,11749.488199646485
000d7d20_2337,11749.474006088109
000d7d20_2338,11749.444913521605
000d7d20_2339,11749.379021977864
000d7d20_2340,11749.32600060314
000d7d20_2341,11749.268534587558
000d7d20_2342,11749.201802750427
000d7d20_2343,11749.134920869623
000d7d20_2344,11749.082515618069
000d7d20_2345,11748.982780645694
000d7d20_2346,11748.880567815977
000d7d20_2347,11748.806005275734
000d7d20_2348,11748.71654612428
000d7d20_2349,11748.653259384393
000d7d20_2350,11748.59165518288
000d7d20_2351,11748.557779087756
000d7d20_2352,11748.568863677181
000d7d20_2353,11748.550372276075
000d7d20_2354,11748.528073311865
000d7d20_2355,11748.511642920006
000d7d20_2356,11748.483552801741
000d7d20_2357,11748.458675303551
000d7d20_2358,11748.442932972353
000d7d20_2359,11748.407988911116
000d7d20_2360,11748.372629216263
000d7d20_2361,11748.327855314728
000d7d20_2362,11748.276776536371
000d7d20_2363,11748.210955965951
000d7d20_2364,11748.13127135592
000d7d20_2365,11748.04317903967
000d7d20_2366,11747.94533851133
000d7d20_2367,11747.850074994136
000d7d20_2368,11747.768545036066
000d7d20_2369,11747.682973767027
000d7d20_2370,11747.62481494793
000d7d20_2371,11747.587336187073
000d7d20_2372,11747.56821080836
000d7d20_2373,11747.5566095141
000d7d20_2374,11747.553435049986
000d7d20_2375,11747.543267546833
000d7d20_2376,11747.546970129597
000d7d20_2377,11747.53646679519
000d7d20_2378,11747.508683213595
000d7d20_2379,11747.450943420508
000d7d20_2380,11747.404914297915
000d7d20_2381,11747.36357129899
000d7d20_2382,11747.308784632396
000d7d20_2383,11747.287748861776
000d7d20_2384,11747.286022027805
000d7d20_2385,11747.264410546442
000d7d20_2386,11747.25290123484
000d7d20_2387,11747.241863675305
000d7d20_2388,11747.22526903216
000d7d20_2389,11747.162905674464
000d7d20_2390,11747.097400747618
000d7d20_2391,11747.027057846202
000d7d20_2392,11746.992206998777
000d7d20_2393,11746.981588312632
000d7d20_2394,11746.985337425864
000d7d20_2395,11747.007640432876
000d7d20_2396,11747.087532032421
000d7d20_2397,11747.189313333462
000d7d20_2398,11747.301892730482
000d7d20_2399,11747.455238319342
000d7d20_2400,11747.600248377928
000d7d20_2401,11747.706352354753
000d7d20_2402,11747.82776330158
000d7d20_2403,11747.905179825366
000d7d20_2404,11747.953677923875
000d7d20_2405,11747.94380292149
000d7d20_2406,11747.93648765545
000d7d20_2407,11747.940452080478
000d7d20_2408,11747.966116367821
000d7d20_2409,11747.983295202932
000d7d20_2410,11748.005747065958
000d7d20_2411,11748.028488433682
000d7d20_2412,11748.060579225994
000d7d20_2413,11748.083959824346
000d7d20_2414,11748.11799571413
000d7d20_2415,11748.157611039001
000d7d20_2416,11748.185666813779
000d7d20_2417,11748.205167361983
000d7d20_2418,11748.223471645972
000d7d20_2419,11748.21757523754
000d7d20_2420,11748.212689697328
000d7d20_2421,11748.189881149752
000d7d20_2422,11748.183350478244
000d7d20_2423,11748.168659031639
000d7d20_2424,11748.145324573465
000d7d20_2425,11748.128990058278
000d7d20_2426,11748.12224176809
000d7d20_2427,11748.09454192845
000d7d20_2428,11748.072010370464
000d7d20_2429,11748.035798016732
000d7d20_2430,11748.00647433384
000d7d20_2431,11747.974089320925
000d7d20_2432,11747.943255245444
000d7d20_2433,11747.908660904095
000d7d20_2434,11747.872916011467
000d7d20_2435,11747.853591075936
000d7d20_2436,11747.837940462
000d7d20_2437,11747.816889455687
000d7d20_2438,11747.811208829022
000d7d20_2439,11747.7947453144
000d7d20_2440,11747.779991755731
000d7d20_2441,11747.770629232204
000d7d20_2442,11747.743402801869
000d7d20_2443,11747.70421530721
000d7d20_2444,11747.64915271439
000d7d20_2445,11747.583596638688
000d7d20_2446,11747.50581529916
000d7d20_2447,11747.414425091503
000d7d20_2448,11747.327072138047
000d7d20_2449,11747.223437540491
000d7d20_2450,11747.127149614302
000d7d20_2451,11747.029559743958
000d7d20_2452,11746.953594538849
000d7d20_2453,11746.875732573197
000d7d20_2454,11746.808063518385
000d7d20_2455,11746.725215241819
000d7d20_2456,11746.650487616984
000d7d20_2457,11746.58815297887
000d7d20_2458,11746.524894633203
000d7d20_2459,11746.478921442285
000d7d20_2460,11746.439781950363
000d7d20_2461,11746.410632404379
000d7d20_2462,11746.37917233165
000d7d20_2463,11746.355221174617
000d7d20_2464,11746.332944503545
000d7d20_2465,11746.309198959028
000d7d20_2466,11746.287866075743
000d7d20_2467,11746.274743263255
000d7d20_2468,11746.240223145274
000d7d20_2469,11746.207669304858
000d7d20_2470,11746.174529468162
000d7d20_2471,11746.143209750751
000d7d20_2472,11746.149898227482
000d7d20_2473,11746.154152126304
000d7d20_2474,11746.160230275436
000d7d20_2475,11746.165717763997
000d7d20_2476,11746.16352313989
000d7d20_2477,11746.16681033438
000d7d20_2478,11746.170618248254
000d7d20_2479,11746.186076987315
000d7d20_2480,11746.189093906918
000d7d20_2481,11746.202879838118
000d7d20_2482,11746.209091038469
000d7d20_2483,11746.215961314472
000d7d20_2484,11746.191126678365
000d7d20_2485,11746.203710417807
000d7d20_2486,11746.229024331276
000d7d20_2487,11746.254267625902
000d7d20_2488,11746.290452020401
000d7d20_2489,11746.289382674699
000d7d20_2490,11746.274537721843
000d7d20_2491,11746.235514803462
000d7d20_2492,11746.186140984531
000d7d20_2493,11746.141465543631
000d7d20_2494,11746.099738655475
000d7d20_2495,11746.066527794394
000d7d20_2496,11746.022548948258
000d7d20_2497,11745.986964448295
000d7d20_2498,11745.953275739015
000d7d20_2499,11745.939210924415
000d7d20_2500,11745.910699295386
000d7d20_2501,11745.887410738731
000d7d20_2502,11745.860615719328
000d7d20_2503,11745.833321156708
000d7d20_2504,11745.805951406159
000d7d20_2505,11745.763236992914
000d7d20_2506,11745.720871492933
000d7d20_2507,11745.681490532546
000d7d20_2508,11745.64808463906
000d7d20_2509,11745.609609416628
000d7d20_2510,11745.576432777094
000d7d20_2511,11745.54991726205
000d7d20_2512,11745.519490116905
000d7d20_2513,11745.503744146192
000d7d20_2514,11745.492958512736
000d7d20_2515,11745.48962464013
000d7d20_2516,11745.470285725938
000d7d20_2517,11745.451467312454
000d7d20_2518,11745.43556243432
000d7d20_2519,11745.44073228062
000d7d20_2520,11745.440145787756
000d7d20_2521,11745.438687545024
000d7d20_2522,11745.443600928129
000d7d20_2523,11745.449452527617
000d7d20_2524,11745.453816841662
000d7d20_2525,11745.4471404354
000d7d20_2526,11745.446515050786
000d7d20_2527,11745.441545566879
000d7d20_2528,11745.433548764244
000d7d20_2529,11745.431945219092
000d7d20_2530,11745.427155414785
000d7d20_2531,11745.414585847386
000d7d20_2532,11745.404214678045
000d7d20_2533,11745.394645069475
000d7d20_2534,11745.393352471403
000d7d20_2535,11745.386231191964
000d7d20_2536,11745.37906043861
000d7d20_2537,11745.375647119456
000d7d20_2538,11745.365368909417
000d7d20_2539,11745.354803849566
000d7d20_2540,11745.352365006569
000d7d20_2541,11745.342542413953
000d7d20_2542,11745.340994307935
000d7d20_2543,11745.341097148415
000d7d20_2544,11745.333322727118
000d7d20_2545,11745.322668372843
000d7d20_2546,11745.300814495868
000d7d20_2547,11745.274456443185
000d7d20_2548,11745.245191060098
000d7d20_2549,11745.22091723261
000d7d20_2550,11745.189046238065
000d7d20_2551,11745.15955872639
000d7d20_2552,11745.135342274474
000d7d20_2553,11745.119883039755
000d7d20_2554,11745.09652755839
000d7d20_2555,11745.08582769733
000d7d20_2556,11745.076071998805
000d7d20_2557,11745.071873163077
000d7d20_2558,11745.09500641834
000d7d20_2559,11745.124232145368
000d7d20_2560,11745.159791379056
000d7d20_2561,11745.192491299451
000d7d20_2562,11745.223334477663
000d7d20_2563,11745.27069760578
000d7d20_2564,11745.31166219145
000d7d20_2565,11745.358140383856
000d7d20_2566,11745.402118032063
000d7d20_2567,11745.454854892409
000d7d20_2568,11745.485334622143
000d7d20_2569,11745.517532392529
000d7d20_2570,11745.526067235629
000d7d20_2571,11745.526434824465
000d7d20_2572,11745.513836969707
000d7d20_2573,11745.503967380957
000d7d20_2574,11745.50725359767
000d7d20_2575,11745.498398432932
000d7d20_2576,11745.49170911474
000d7d20_2577,11745.472653030807
000d7d20_2578,11745.460184853395
000d7d20_2579,11745.459767470324
000d7d20_2580,11745.464360844408
000d7d20_2581,11745.473870811627
000d7d20_2582,11745.491458522201
000d7d20_2583,11745.504782894694
000d7d20_2584,11745.509912196809
000d7d20_2585,11745.521545982672
000d7d20_2586,11745.525331806255
000d7d20_2587,11745.527886133472
000d7d20_2588,11745.52860779265
000d7d20_2589,11745.526535995015
000d7d20_2590,11745.525798799055
000d7d20_2591,11745.516869405914
000d7d20_2592,11745.502954875146
000d7d20_2593,11745.493946651002
000d7d20_2594,11745.487086198384
000d7d20_2595,11745.486207566575
000d7d20_2596,11745.485705421419
000d7d20_2597,11745.482012316874
000d7d20_2598,11745.481369515404
000d7d20_2599,11745.480483593668
000d7d20_2600,11745.47824941472
000d7d20_2601,11745.47929582055
000d7d20_2602,11745.482108365737
000d7d20_2603,11745.481800169224
000d7d20_2604,11745.485343199176
000d7d20_2605,11745.48391659623
000d7d20_2606,11745.482420796658
000d7d20_2607,11745.477814143249
000d7d20_2608,11745.474427739098
000d7d20_2609,11745.478290839581
000d7d20_2610,11745.474964099816
000d7d20_2611,11745.472481863168
000d7d20_2612,11745.466244745885
000d7d20_2613,11745.46325556985
000d7d20_2614,11745.462449666422
000d7d20_2615,11745.462310696968
000d7d20_2616,11745.462356351207
000d7d20_2617,11745.466140530707
000d7d20_2618,11745.471039585105
000d7d20_2619,11745.467100579235
000d7d20_2620,11745.468652804962
000d7d20_2621,11745.47402049537
000d7d20_2622,11745.478582513691
000d7d20_2623,11745.474059409331
000d7d20_2624,11745.471147698894
000d7d20_2625,11745.464273554235
000d7d20_2626,11745.452372375858
000d7d20_2627,11745.44009733332
000d7d20_2628,11745.429335762428
000d7d20_2629,11745.42262220874
000d7d20_2630,11745.415161096189
000d7d20_2631,11745.4100844225
000d7d20_2632,11745.407179325839
000d7d20_2633,11745.406058084312
000d7d20_2634,11745.406014036043
000d7d20_2635,11745.402196671388
000d7d20_2636,11745.409258419664
000d7d20_2637,11745.416846106376
000d7d20_2638,11745.417528922686
000d7d20_2639,11745.415071070216
000d7d20_2640,11745.412934967813
000d7d20_2641,11745.4119747058
000d7d20_2642,11745.411290860862
000d7d20_2643,11745.412326718702
000d7d20_2644,11745.417145483147
000d7d20_2645,11745.421563398173
000d7d20_2646,11745.425147742599
000d7d20_2647,11745.431427092024
000d7d20_2648,11745.439402656044
000d7d20_2649,11745.446063823507
000d7d20_2650,11745.4521715499
000d7d20_2651,11745.454238572667
000d7d20_2652,11745.457991040701
000d7d20_2653,11745.45957532354
000d7d20_2654,11745.463952074484
000d7d20_2655,11745.468651655288
000d7d20_2656,11745.467648304526
000d7d20_2657,11745.470688091194
000d7d20_2658,11745.47214310749
000d7d20_2659,11745.47373600085
000d7d20_2660,11745.470517386175
000d7d20_2661,11745.464228195196
000d7d20_2662,11745.456569194055
000d7d20_2663,11745.451468778281
000d7d20_2664,11745.445866241364
000d7d20_2665,11745.439356902672
000d7d20_2666,11745.43207660513
000d7d20_2667,11745.425012716249
000d7d20_2668,11745.422824586944
000d7d20_2669,11745.41636242111
000d7d20_2670,11745.415014786206
000d7d20_2671,11745.408160196463
000d7d20_2672,11745.402440586955
000d7d20_2673,11745.399835819942
000d7d20_2674,11745.394400935913
000d7d20_2675,11745.386260912774
000d7d20_2676,11745.35278238109
000d7d20_2677,11745.341577672329
000d7d20_2678,11745.347724335168
000d7d20_2679,11745.37167579526
000d7d20_2680,11745.401765106755
000d7d20_2681,11745.437605646628
000d7d20_2682,11745.470223800281
000d7d20_2683,11745.515825317976
000d7d20_2684,11745.55551887782
000d7d20_2685,11745.589929266647
000d7d20_2686,11745.631522295069
000d7d20_2687,11745.662276272178
000d7d20_2688,11745.684569486355
000d7d20_2689,11745.685818498077
000d7d20_2690,11745.665535903587
000d7d20_2691,11745.626271770729
000d7d20_2692,11745.575814351625
000d7d20_2693,11745.54640287149
000d7d20_2694,11745.513945323746
000d7d20_2695,11745.48370655978
000d7d20_2696,11745.468958213256
000d7d20_2697,11745.449804688731
000d7d20_2698,11745.426444763081
000d7d20_2699,11745.414258804423
000d7d20_2700,11745.398770427231
000d7d20_2701,11745.378954492287
000d7d20_2702,11745.374724204843
000d7d20_2703,11745.367842998368
000d7d20_2704,11745.334711128264
000d7d20_2705,11745.281853360888
000d7d20_2706,11745.242015927568
000d7d20_2707,11745.226157188461
000d7d20_2708,11745.244710078257
000d7d20_2709,11745.27002307135
000d7d20_2710,11745.30813970531
000d7d20_2711,11745.360147543837
000d7d20_2712,11745.439195141407
000d7d20_2713,11745.504094599657
000d7d20_2714,11745.56779557398
000d7d20_2715,11745.625738536384
000d7d20_2716,11745.680682046861
000d7d20_2717,11745.730320956442
000d7d20_2718,11745.763236572207
000d7d20_2719,11745.764056052045
000d7d20_2720,11745.725683333503
000d7d20_2721,11745.677909196977
000d7d20_2722,11745.65576822916
000d7d20_2723,11745.61084823437
000d7d20_2724,11745.589926840648
000d7d20_2725,11745.570819646475
000d7d20_2726,11745.57281336369
000d7d20_2727,11745.593671248138
000d7d20_2728,11745.640178168318
000d7d20_2729,11745.684456338064
000d7d20_2730,11745.744964447847
000d7d20_2731,11745.808276014981
000d7d20_2732,11745.89361937551
000d7d20_2733,11745.96165812134
000d7d20_2734,11746.006318297961
000d7d20_2735,11746.046347984524
000d7d20_2736,11746.077767974035
000d7d20_2737,11746.087708671837
000d7d20_2738,11746.094627963115
000d7d20_2739,11746.067981872558
000d7d20_2740,11746.076602588571
000d7d20_2741,11746.070354681235
000d7d20_2742,11746.066384386879
000d7d20_2743,11746.061850519767
000d7d20_2744,11746.043453713739
000d7d20_2745,11746.019227442695
000d7d20_2746,11746.01082660413
000d7d20_2747,11746.000049246573
000d7d20_2748,11745.995609241636
000d7d20_2749,11745.983013272562
000d7d20_2750,11745.985049191742
000d7d20_2751,11745.99101991528
000d7d20_2752,11746.009279563952
000d7d20_2753,11746.027053867154
000d7d20_2754,11746.076176385272
000d7d20_2755,11746.117805936652
000d7d20_2756,11746.15552458011
000d7d20_2757,11746.184089573364
000d7d20_2758,11746.208691864664
000d7d20_2759,11746.224948752042
000d7d20_2760,11746.226911439358
000d7d20_2761,11746.236801106745
000d7d20_2762,11746.261477080347
000d7d20_2763,11746.279713103475
000d7d20_2764,11746.28241281881
000d7d20_2765,11746.250998195472
000d7d20_2766,11746.22317408953
000d7d20_2767,11746.215015299633
000d7d20_2768,11746.214055826309
000d7d20_2769,11746.21471338116
000d7d20_2770,11746.22971150656
000d7d20_2771,11746.228744676591
000d7d20_2772,11746.222756790168
000d7d20_2773,11746.225229321732
000d7d20_2774,11746.216452914083
000d7d20_2775,11746.207977156822
000d7d20_2776,11746.201784581688
000d7d20_2777,11746.19932066333
000d7d20_2778,11746.198692024565
000d7d20_2779,11746.181889700947
000d7d20_2780,11746.151119094602
000d7d20_2781,11746.11091948577
000d7d20_2782,11746.099201462792
000d7d20_2783,11746.08857820914
000d7d20_2784,11746.067954610337
000d7d20_2785,11746.055350380439
000d7d20_2786,11746.046593571537
000d7d20_2787,11746.025037916113
000d7d20_2788,11746.010779403487
000d7d20_2789,11745.99546328854
000d7d20_2790,11745.975236051323
000d7d20_2791,11745.94962002415
000d7d20_2792,11745.932375101374
000d7d20_2793,11745.911684395373
000d7d20_2794,11745.894963424484
000d7d20_2795,11745.886410214485
000d7d20_2796,11745.882527752623
000d7d20_2797,11745.869834918569
000d7d20_2798,11745.862372500835
000d7d20_2799,11745.858303118026
000d7d20_2800,11745.866620072971
000d7d20_2801,11745.876419412234
000d7d20_2802,11745.884673144263
000d7d20_2803,11745.890713865114
000d7d20_2804,11745.905109113883
000d7d20_2805,11745.907709917317
000d7d20_2806,11745.904807597019
000d7d20_2807,11745.903913933282
000d7d20_2808,11745.911965035391
000d7d20_2809,11745.910428692267
000d7d20_2810,11745.90548088574
000d7d20_2811,11745.899747745349
000d7d20_2812,11745.889127482105
000d7d20_2813,11745.874967524027
000d7d20_2814,11745.864552684892
000d7d20_2815,11745.850434857188
000d7d20_2816,11745.828177119878
000d7d20_2817,11745.801062196377
000d7d20_2818,11745.780921096926
000d7d20_2819,11745.769469233155
000d7d20_2820,11745.756416897968
000d7d20_2821,11745.749633504542
000d7d20_2822,11745.748873056315
000d7d20_2823,11745.760583789952
000d7d20_2824,11745.774598281665
000d7d20_2825,11745.78750423648
000d7d20_2826,11745.798681213371
000d7d20_2827,11745.80935299971
000d7d20_2828,11745.81622937953
000d7d20_2829,11745.815273467815
000d7d20_2830,11745.809020417917
000d7d20_2831,11745.799408746618
000d7d20_2832,11745.788958844081
000d7d20_2833,11745.780559248338
000d7d20_2834,11745.760937879773
000d7d20_2835,11745.754188397319
000d7d20_2836,11745.748040587801
000d7d20_2837,11745.75732124987
000d7d20_2838,11745.763749549644
000d7d20_2839,11745.774919574586
000d7d20_2840,11745.794039096168
000d7d20_2841,11745.812967642336
000d7d20_2842,11745.824045461726
000d7d20_2843,11745.828679430166
000d7d20_2844,11745.826145771143
000d7d20_2845,11745.822843604383
000d7d20_2846,11745.81658258658
000d7d20_2847,11745.80763308189
000d7d20_2848,11745.798711352794
000d7d20_2849,11745.780602919036
000d7d20_2850,11745.755739736942
000d7d20_2851,11745.743276751395
000d7d20_2852,11745.727676614659
000d7d20_2853,11745.710761674227
000d7d20_2854,11745.676240735958
000d7d20_2855,11745.645941256544
000d7d20_2856,11745.630498994275
000d7d20_2857,11745.616167917273
000d7d20_2858,11745.601168318097
000d7d20_2859,11745.595248691063
000d7d20_2860,11745.585517155621
000d7d20_2861,11745.579396208004
000d7d20_2862,11745.585910003034
000d7d20_2863,11745.599647364857
000d7d20_2864,11745.611568842072
000d7d20_2865,11745.619593069254
000d7d20_2866,11745.624824233126
000d7d20_2867,11745.620612528586
000d7d20_2868,11745.616072893923
000d7d20_2869,11745.595623401372
000d7d20_2870,11745.562381045205
000d7d20_2871,11745.534618182028
000d7d20_2872,11745.509850498707
000d7d20_2873,11745.488163115333
000d7d20_2874,11745.472698745689
000d7d20_2875,11745.459050533278
000d7d20_2876,11745.431592797173
000d7d20_2877,11745.404093433463
000d7d20_2878,11745.39001876509
000d7d20_2879,11745.380000722498
000d7d20_2880,11745.367300660477
000d7d20_2881,11745.347958236165
000d7d20_2882,11745.324235079726
000d7d20_2883,11745.293965886414
000d7d20_2884,11745.265330673194
000d7d20_2885,11745.236519830021
000d7d20_2886,11745.211724694713
000d7d20_2887,11745.178682814934
000d7d20_2888,11745.145253520883
000d7d20_2889,11745.123793674073
000d7d20_2890,11745.109959797664
000d7d20_2891,11745.06960878159
000d7d20_2892,11745.041691002443
000d7d20_2893,11745.034468960395
000d7d20_2894,11745.050263190627
000d7d20_2895,11745.084114143323
000d7d20_2896,11745.121376578405
000d7d20_2897,11745.1674890806
000d7d20_2898,11745.205817570453
000d7d20_2899,11745.236880057306
000d7d20_2900,11745.2639675636
000d7d20_2901,11745.291572149927
000d7d20_2902,11745.30371243118
000d7d20_2903,11745.295787079722
000d7d20_2904,11745.283882057785
000d7d20_2905,11745.265589170538
000d7d20_2906,11745.233996939822
000d7d20_2907,11745.183934044777
000d7d20_2908,11745.159284867535
000d7d20_2909,11745.134335301767
000d7d20_2910,11745.110207782434
000d7d20_2911,11745.09403782787
000d7d20_2912,11745.09188133537
000d7d20_2913,11745.095310915303
000d7d20_2914,11745.080528979854
000d7d20_2915,11745.05937022236
000d7d20_2916,11745.03346861798
000d7d20_2917,11745.006559713082
000d7d20_2918,11744.976721820678
000d7d20_2919,11744.949251639882
000d7d20_2920,11744.921553535994
000d7d20_2921,11744.897632325225
000d7d20_2922,11744.870080968334
000d7d20_2923,11744.842393474608
000d7d20_2924,11744.823233928833
000d7d20_2925,11744.808458997157
000d7d20_2926,11744.804111732736
000d7d20_2927,11744.821783388148
000d7d20_2928,11744.836581222717
000d7d20_2929,11744.84186994392
000d7d20_2930,11744.83338128407
000d7d20_2931,11744.820223504366
000d7d20_2932,11744.803175869489
000d7d20_2933,11744.77838394647
000d7d20_2934,11744.753123115717
000d7d20_2935,11744.728014493377
000d7d20_2936,11744.700904054382
000d7d20_2937,11744.68147475846
000d7d20_2938,11744.657798209359
000d7d20_2939,11744.64138624054
000d7d20_2940,11744.60998763506
000d7d20_2941,11744.600999936505
000d7d20_2942,11744.608977935153
000d7d20_2943,11744.634676941107
000d7d20_2944,11744.659913702388
000d7d20_2945,11744.692468170464
000d7d20_2946,11744.727845592943
000d7d20_2947,11744.769820616173
000d7d20_2948,11744.810342518856
000d7d20_2949,11744.8569634891
000d7d20_2950,11744.892755355126
000d7d20_2951,11744.933039694446
000d7d20_2952,11744.977992777043
000d7d20_2953,11745.00662528227
000d7d20_2954,11745.011984087056
000d7d20_2955,11744.994864451277
000d7d20_2956,11744.954697759007
000d7d20_2957,11744.932164654405
000d7d20_2958,11744.898048809731
000d7d20_2959,11744.861646981191
000d7d20_2960,11744.82330445302
000d7d20_2961,11744.779179624767
000d7d20_2962,11744.734132390946
000d7d20_2963,11744.692241636007
000d7d20_2964,11744.655360901477
000d7d20_2965,11744.63118149668
000d7d20_2966,11744.5966401874
000d7d20_2967,11744.574643024276
000d7d20_2968,11744.55700410028
000d7d20_2969,11744.525620196677
000d7d20_2970,11744.500990526309
000d7d20_2971,11744.467211202056
000d7d20_2972,11744.440330867046
000d7d20_2973,11744.42326999619
000d7d20_2974,11744.403661623814
000d7d20_2975,11744.379146894284
000d7d20_2976,11744.365123308386
000d7d20_2977,11744.368953700538
000d7d20_2978,11744.364888693068
000d7d20_2979,11744.360948706431
000d7d20_2980,11744.356440906762
000d7d20_2981,11744.340746426595
000d7d20_2982,11744.310050801067
000d7d20_2983,11744.276907967816
000d7d20_2984,11744.23384146399
000d7d20_2985,11744.183523812415
000d7d20_2986,11744.13642856032
000d7d20_2987,11744.081808669029
000d7d20_2988,11744.042723706585
000d7d20_2989,11744.020610439495
000d7d20_2990,11743.999708839807
000d7d20_2991,11743.981139732408
000d7d20_2992,11743.974082451508
000d7d20_2993,11743.9716474005
000d7d20_2994,11743.950123951574
000d7d20_2995,11743.930144179021
000d7d20_2996,11743.911303985487
000d7d20_2997,11743.884290254613
000d7d20_2998,11743.85724238195
000d7d20_2999,11743.830793297151
000d7d20_3000,11743.792623579424
000d7d20_3001,11743.762989514442
000d7d20_3002,11743.742461478256
000d7d20_3003,11743.732852030289
000d7d20_3004,11743.736152698071
000d7d20_3005,11743.749440509748
000d7d20_3006,11743.764943113176
000d7d20_3007,11743.745178772064
000d7d20_3008,11743.741987493606
000d7d20_3009,11743.763188898078
000d7d20_3010,11743.798463241657
000d7d20_3011,11743.845780347267
000d7d20_3012,11743.901848240797
000d7d20_3013,11743.965704436285
000d7d20_3014,11744.03360220868
000d7d20_3015,11744.10212459867
000d7d20_3016,11744.167871483103
000d7d20_3017,11744.237288390055
000d7d20_3018,11744.298921534251
000d7d20_3019,11744.350738223866
000d7d20_3020,11744.399235217816
000d7d20_3021,11744.441101015678
000d7d20_3022,11744.462004597417
000d7d20_3023,11744.455272363575
000d7d20_3024,11744.487341767986
000d7d20_3025,11744.48776199785
000d7d20_3026,11744.504646011563
000d7d20_3027,11744.517226959764
000d7d20_3028,11744.528488240396
000d7d20_3029,11744.541059560812
000d7d20_3030,11744.551915881566
000d7d20_3031,11744.559651909758
000d7d20_3032,11744.568900593911
000d7d20_3033,11744.574963539431
000d7d20_3034,11744.577940267607
000d7d20_3035,11744.567950120578
000d7d20_3036,11744.577993770281
000d7d20_3037,11744.602082031413
000d7d20_3038,11744.626673795221
000d7d20_3039,11744.652936397886
000d7d20_3040,11744.680464870255
000d7d20_3041,11744.691290757151
000d7d20_3042,11744.72884820803
000d7d20_3043,11744.75818591932
000d7d20_3044,11744.785725812126
000d7d20_3045,11744.80560398586
000d7d20_3046,11744.823692719308
000d7d20_3047,11744.82382979683
000d7d20_3048,11744.826638678845
000d7d20_3049,11744.82680034511
000d7d20_3050,11744.817642771039
000d7d20_3051,11744.799738225913
000d7d20_3052,11744.805204007427
000d7d20_3053,11744.821468774158
000d7d20_3054,11744.83667055356
000d7d20_3055,11744.856668276552
000d7d20_3056,11744.868391416872
000d7d20_3057,11744.865199463355
000d7d20_3058,11744.846913996376
000d7d20_3059,11744.82479863318
000d7d20_3060,11744.787811758883
000d7d20_3061,11744.745493149303
000d7d20_3062,11744.701676372368
000d7d20_3063,11744.647979270976
000d7d20_3064,11744.613318016913
000d7d20_3065,11744.583798641697
000d7d20_3066,11744.559626092074
000d7d20_3067,11744.554540602901
000d7d20_3068,11744.576119967696
000d7d20_3069,11744.607071842787
000d7d20_3070,11744.634058854377
000d7d20_3071,11744.655708618642
000d7d20_3072,11744.659954588193
000d7d20_3073,11744.654388642906
000d7d20_3074,11744.648887705003
000d7d20_3075,11744.638699421916
000d7d20_3076,11744.618185213827
000d7d20_3077,11744.597555817872
000d7d20_3078,11744.57002755831
000d7d20_3079,11744.538091514092
000d7d20_3080,11744.494042919065
000d7d20_3081,11744.471582141243
000d7d20_3082,11744.478862882044
000d7d20_3083,11744.511255073725
000d7d20_3084,11744.565542154658
000d7d20_3085,11744.62244280105
000d7d20_3086,11744.6799342081
000d7d20_3087,11744.740245659941
000d7d20_3088,11744.803991643385
000d7d20_3089,11744.869087536455
000d7d20_3090,11744.934646663643
000d7d20_3091,11744.984605681864
000d7d20_3092,11745.013136533084
000d7d20_3093,11745.028193497383
000d7d20_3094,11745.017892785061
000d7d20_3095,11744.986906709195
000d7d20_3096,11744.942935010738
000d7d20_3097,11744.926815031218
000d7d20_3098,11744.92348562573
000d7d20_3099,11744.938093580067
000d7d20_3100,11744.955150338592
000d7d20_3101,11744.986653373451
000d7d20_3102,11745.003165820357
000d7d20_3103,11745.018889688621
000d7d20_3104,11745.037249011622
000d7d20_3105,11745.041720022828
000d7d20_3106,11745.052708308274
000d7d20_3107,11745.059599522334
000d7d20_3108,11745.059734608785
000d7d20_3109,11745.057744122896
000d7d20_3110,11745.028011632565
000d7d20_3111,11745.015281165694
000d7d20_3112,11745.023791418442
000d7d20_3113,11745.056582679013
000d7d20_3114,11745.096900062617
000d7d20_3115,11745.158485899778
000d7d20_3116,11745.208415124516
000d7d20_3117,11745.262220470535
000d7d20_3118,11745.292402013449
000d7d20_3119,11745.330235233792
000d7d20_3120,11745.362511970316
000d7d20_3121,11745.383909419645
000d7d20_3122,11745.403661111532
000d7d20_3123,11745.415197437434
000d7d20_3124,11745.417021022236
000d7d20_3125,11745.407890700255
000d7d20_3126,11745.384109128026
000d7d20_3127,11745.386874961345
000d7d20_3128,11745.39293319312
000d7d20_3129,11745.40366196205
000d7d20_3130,11745.40369777599
000d7d20_3131,11745.411798047158
000d7d20_3132,11745.410457079095
000d7d20_3133,11745.410758809378
000d7d20_3134,11745.411620947538
000d7d20_3135,11745.416157115369
000d7d20_3136,11745.421666209239
000d7d20_3137,11745.430487123813
000d7d20_3138,11745.43021849841
000d7d20_3139,11745.433557859447
000d7d20_3140,11745.435233487045
000d7d20_3141,11745.42706947216
000d7d20_3142,11745.437435114594
000d7d20_3143,11745.45381507233
000d7d20_3144,11745.45629467476
000d7d20_3145,11745.449906085156
000d7d20_3146,11745.435485566799
000d7d20_3147,11745.411650934808
000d7d20_3148,11745.388201045085
000d7d20_3149,11745.363708334453
000d7d20_3150,11745.326455676866
000d7d20_3151,11745.309368119864
000d7d20_3152,11745.295328601673
000d7d20_3153,11745.281080815914
000d7d20_3154,11745.266019143044
000d7d20_3155,11745.250949785439
000d7d20_3156,11745.237219457113
000d7d20_3157,11745.23054449516
000d7d20_3158,11745.24273907121
000d7d20_3159,11745.24031762778
000d7d20_3160,11745.221308033413
000d7d20_3161,11745.198114187282
000d7d20_3162,11745.175719736471
000d7d20_3163,11745.153819466574
000d7d20_3164,11745.134325482533
000d7d20_3165,11745.113833493118
000d7d20_3166,11745.086402537292
000d7d20_3167,11745.082905566167
000d7d20_3168,11745.066847269482
000d7d20_3169,11745.047922196236
000d7d20_3170,11745.02955801606
000d7d20_3171,11745.009890811658
000d7d20_3172,11744.98724975686
000d7d20_3173,11744.968196920769
000d7d20_3174,11744.94809058486
000d7d20_3175,11744.929439830119
000d7d20_3176,11744.917383357446
000d7d20_3177,11744.902455329793
000d7d20_3178,11744.88905343518
000d7d20_3179,11744.881070599038
000d7d20_3180,11744.869411278192
000d7d20_3181,11744.866703386706
000d7d20_3182,11744.860766385113
000d7d20_3183,11744.857464796836
000d7d20_3184,11744.848509102643
000d7d20_3185,11744.838154903378
000d7d20_3186,11744.825853372573
000d7d20_3187,11744.811477345767
000d7d20_3188,11744.790083352247
000d7d20_3189,11744.774467008732
000d7d20_3190,11744.766589493205
000d7d20_3191,11744.76379171987
000d7d20_3192,11744.765444548642
000d7d20_3193,11744.762279901814
000d7d20_3194,11744.76125896117
000d7d20_3195,11744.77212808778
000d7d20_3196,11744.747610348993
000d7d20_3197,11744.746620302973
000d7d20_3198,11744.754198330713
000d7d20_3199,11744.771714886905
000d7d20_3200,11744.8061900778
000d7d20_3201,11744.839282637311
000d7d20_3202,11744.872316315692
000d7d20_3203,11744.90203115879
000d7d20_3204,11744.922217009958
000d7d20_3205,11744.946539324554
000d7d20_3206,11744.973230999183
000d7d20_3207,11744.996220986372
000d7d20_3208,11745.018358535475
000d7d20_3209,11745.036191137973
000d7d20_3210,11745.043115434712
000d7d20_3211,11745.04212503351
000d7d20_3212,11745.01854690921
000d7d20_3213,11745.027265038358
000d7d20_3214,11745.033476529177
000d7d20_3215,11745.034977921967
000d7d20_3216,11745.051183823425
000d7d20_3217,11745.05109460362
000d7d20_3218,11745.047727641064
000d7d20_3219,11745.036349999657
000d7d20_3220,11745.00991404372
000d7d20_3221,11744.996115670374
000d7d20_3222,11744.988693102552
000d7d20_3223,11744.978491898255
000d7d20_3224,11744.96653015721
000d7d20_3225,11744.954222350056
000d7d20_3226,11744.943286667209
000d7d20_3227,11744.934167497797
000d7d20_3228,11744.925574430477
000d7d20_3229,11744.92812958564
000d7d20_3230,11744.916319958726
000d7d20_3231,11744.893176143212
000d7d20_3232,11744.881054941954
000d7d20_3233,11744.843627583796
000d7d20_3234,11744.7986657866
000d7d20_3235,11744.748073304261
000d7d20_3236,11744.692446761697
000d7d20_3237,11744.632380884115
000d7d20_3238,11744.58805174454
000d7d20_3239,11744.562434939986
000d7d20_3240,11744.541740952167
000d7d20_3241,11744.532291039866
000d7d20_3242,11744.527186515144
000d7d20_3243,11744.540762242117
000d7d20_3244,11744.564134248252
000d7d20_3245,11744.597597963924
000d7d20_3246,11744.605339050966
000d7d20_3247,11744.620167793926
000d7d20_3248,11744.6349638065
000d7d20_3249,11744.632315481562
000d7d20_3250,11744.627382127252
000d7d20_3251,11744.617209541046
000d7d20_3252,11744.603935416719
000d7d20_3253,11744.591305983218
000d7d20_3254,11744.597422324241
000d7d20_3255,11744.603186613913
000d7d20_3256,11744.593653738339
000d7d20_3257,11744.58246550228
000d7d20_3258,11744.56759618675
000d7d20_3259,11744.561374171954
000d7d20_3260,11744.546163033025
000d7d20_3261,11744.532148838358
000d7d20_3262,11744.516512177592
000d7d20_3263,11744.517034490778
000d7d20_3264,11744.511502447265
000d7d20_3265,11744.508683008075
000d7d20_3266,11744.51476251048
000d7d20_3267,11744.519476512094
000d7d20_3268,11744.527648089195
000d7d20_3269,11744.539229717933
000d7d20_3270,11744.540527262616
000d7d20_3271,11744.540218621858
000d7d20_3272,11744.536717940511
000d7d20_3273,11744.536102534492
000d7d20_3274,11744.538874088681
000d7d20_3275,11744.54039568054
000d7d20_3276,11744.544472408723
000d7d20_3277,11744.547132948835
000d7d20_3278,11744.551983167848
000d7d20_3279,11744.559612333589
000d7d20_3280,11744.564383394523
000d7d20_3281,11744.564288206748
000d7d20_3282,11744.560493263485
000d7d20_3283,11744.545487398036
000d7d20_3284,11744.562884256875
000d7d20_3285,11744.598879602969
000d7d20_3286,11744.645517066929
000d7d20_3287,11744.70164379256
000d7d20_3288,11744.773146263437
000d7d20_3289,11744.857648447105
000d7d20_3290,11744.942059044639
000d7d20_3291,11745.027289967908
000d7d20_3292,11745.11335811891
000d7d20_3293,11745.192701998054
000d7d20_3294,11745.267785189175
000d7d20_3295,11745.328729155408
000d7d20_3296,11745.371499089944
000d7d20_3297,11745.378471018048
000d7d20_3298,11745.382704700263
000d7d20_3299,11745.38970329258
000d7d20_3300,11745.416117232136
000d7d20_3301,11745.437975983545
000d7d20_3302,11745.460811860377
000d7d20_3303,11745.48331621776
000d7d20_3304,11745.517229850038
000d7d20_3305,11745.542535690196
000d7d20_3306,11745.558800892046
000d7d20_3307,11745.580493553249
000d7d20_3308,11745.595511254198
000d7d20_3309,11745.601537207798
000d7d20_3310,11745.600287972211
000d7d20_3311,11745.590450306841
000d7d20_3312,11745.570998592046
000d7d20_3313,11745.542603507605
000d7d20_3314,11745.52807622263
000d7d20_3315,11745.511915811643
000d7d20_3316,11745.497636827375
000d7d20_3317,11745.486775789956
000d7d20_3318,11745.476456136674
000d7d20_3319,11745.476986626994
000d7d20_3320,11745.482615696897
000d7d20_3321,11745.478328577474
000d7d20_3322,11745.472210187867
000d7d20_3323,11745.469386403278
000d7d20_3324,11745.464325291325
000d7d20_3325,11745.463966472336
000d7d20_3326,11745.468326005195
000d7d20_3327,11745.47840033644
000d7d20_3328,11745.481000682616
000d7d20_3329,11745.485195719766
000d7d20_3330,11745.496885833794
000d7d20_3331,11745.50725329446
000d7d20_3332,11745.522376674842
000d7d20_3333,11745.540779140942
000d7d20_3334,11745.555175075104
000d7d20_3335,11745.573254174127
000d7d20_3336,11745.585981693634
000d7d20_3337,11745.594459795822
000d7d20_3338,11745.599979094231
000d7d20_3339,11745.604474614
000d7d20_3340,11745.611088557696
000d7d20_3341,11745.614486158825
000d7d20_3342,11745.61167275543
000d7d20_3343,11745.608241820426
000d7d20_3344,11745.594751828725
000d7d20_3345,11745.587742398135
000d7d20_3346,11745.586768210382
000d7d20_3347,11745.586087954232
000d7d20_3348,11745.587005256579
000d7d20_3349,11745.585851346223
000d7d20_3350,11745.582218425323
000d7d20_3351,11745.586477109187
000d7d20_3352,11745.592684839385
000d7d20_3353,11745.605391836825
000d7d20_3354,11745.608378366462
000d7d20_3355,11745.596167474845
000d7d20_3356,11745.574036533992
000d7d20_3357,11745.542785025835
000d7d20_3358,11745.50630585823
000d7d20_3359,11745.46918625584
000d7d20_3360,11745.41959007393
000d7d20_3361,11745.378299655331
000d7d20_3362,11745.344483483595
000d7d20_3363,11745.319073389841
000d7d20_3364,11745.302625952692
000d7d20_3365,11745.29998745275
000d7d20_3366,11745.305368008414
000d7d20_3367,11745.322961531605
000d7d20_3368,11745.347046169056
000d7d20_3369,11745.374286323062
000d7d20_3370,11745.397059301136
000d7d20_3371,11745.396289609465
000d7d20_3372,11745.411624393977
000d7d20_3373,11745.436639406016
000d7d20_3374,11745.474468185099
000d7d20_3375,11745.515775283662
000d7d20_3376,11745.564939344913
000d7d20_3377,11745.62879055328
000d7d20_3378,11745.69312390841
000d7d20_3379,11745.75819233843
000d7d20_3380,11745.820804520368
000d7d20_3381,11745.87578796304
000d7d20_3382,11745.913328461136
000d7d20_3383,11745.941632497244
000d7d20_3384,11745.95901062885
000d7d20_3385,11745.961100815637
000d7d20_3386,11745.95536714564
000d7d20_3387,11745.933266377946
000d7d20_3388,11745.932100576762
000d7d20_3389,11745.932155980652
000d7d20_3390,11745.938955991163
000d7d20_3391,11745.942802768946
000d7d20_3392,11745.958841727692
000d7d20_3393,11745.963133558163
000d7d20_3394,11745.96025484079
000d7d20_3395,11745.952723658113
000d7d20_3396,11745.952015218461
000d7d20_3397,11745.945076147122
000d7d20_3398,11745.932672771822
000d7d20_3399,11745.926305784367
000d7d20_3400,11745.912777091866
000d7d20_3401,11745.89469283591
000d7d20_3402,11745.87634273563
000d7d20_3403,11745.855545304514
000d7d20_3404,11745.834730886629
000d7d20_3405,11745.815596409198
000d7d20_3406,11745.818916007262
000d7d20_3407,11745.804117306392
000d7d20_3408,11745.780051495172
000d7d20_3409,11745.734058364182
000d7d20_3410,11745.658502769118
000d7d20_3411,11745.612685899448
000d7d20_3412,11745.574154631118
000d7d20_3413,11745.526436101765
000d7d20_3414,11745.486987227117
000d7d20_3415,11745.450690696262
000d7d20_3416,11745.416326410095
000d7d20_3417,11745.383222209251
000d7d20_3418,11745.35566975909
000d7d20_3419,11745.331409919927
000d7d20_3420,11745.315668144873
000d7d20_3421,11745.321884759638
000d7d20_3422,11745.347766542776
000d7d20_3423,11745.353757109628
000d7d20_3424,11745.363610536497
000d7d20_3425,11745.372729919836
000d7d20_3426,11745.379587604877
000d7d20_3427,11745.424048165398
000d7d20_3428,11745.454967800426
000d7d20_3429,11745.486748251142
000d7d20_3430,11745.510881428096
000d7d20_3431,11745.534455384875
000d7d20_3432,11745.558804045524
000d7d20_3433,11745.572514117266
000d7d20_3434,11745.57645785037
000d7d20_3435,11745.572311820726
000d7d20_3436,11745.567827371728
000d7d20_3437,11745.56972819917
000d7d20_3438,11745.568400008333
000d7d20_3439,11745.564883215984
000d7d20_3440,11745.569666524187
000d7d20_3441,11745.566169418376
000d7d20_3442,11745.554950819569
000d7d20_3443,11745.538386161232
000d7d20_3444,11745.518867996334
000d7d20_3445,11745.49484417392
000d7d20_3446,11745.465271757552
000d7d20_3447,11745.446967517939
000d7d20_3448,11745.42892299581
000d7d20_3449,11745.413663573785
000d7d20_3450,11745.39417852745
000d7d20_3451,11745.377726979345
000d7d20_3452,11745.368046007636
000d7d20_3453,11745.360649180286
000d7d20_3454,11745.355666798561
000d7d20_3455,11745.356451243364
000d7d20_3456,11745.364329251137
000d7d20_3457,11745.36214269266
000d7d20_3458,11745.359053570628
000d7d20_3459,11745.339002166453
000d7d20_3460,11745.329114869177
000d7d20_3461,11745.330738971923
000d7d20_3462,11745.341794681763
000d7d20_3463,11745.363529301163
000d7d20_3464,11745.395223726364
000d7d20_3465,11745.436419747935
000d7d20_3466,11745.48056682554
000d7d20_3467,11745.523997420343
000d7d20_3468,11745.566082050313
000d7d20_3469,11745.605247996724
000d7d20_3470,11745.637314793035
000d7d20_3471,11745.660068611734
000d7d20_3472,11745.677250811772
000d7d20_3473,11745.684628787358
000d7d20_3474,11745.680791980685
000d7d20_3475,11745.663526360557
000d7d20_3476,11745.659020250934
000d7d20_3477,11745.651565654396
000d7d20_3478,11745.643351373777
000d7d20_3479,11745.63763507575
000d7d20_3480,11745.636142244644
000d7d20_3481,11745.638963074149
000d7d20_3482,11745.638716031368
000d7d20_3483,11745.638441874842
000d7d20_3484,11745.633840303544
000d7d20_3485,11745.648133634508
000d7d20_3486,11745.646861104784
000d7d20_3487,11745.643512872397
000d7d20_3488,11745.638861438172
000d7d20_3489,11745.633181617213
000d7d20_3490,11745.62593562415
000d7d20_3491,11745.617577430876
000d7d20_3492,11745.605965430726
000d7d20_3493,11745.588248842545
000d7d20_3494,11745.563516005685
000d7d20_3495,11745.534272531157
000d7d20_3496,11745.51190586103
000d7d20_3497,11745.484405284202
000d7d20_3498,11745.450154349006
000d7d20_3499,11745.422200523386
000d7d20_3500,11745.398229396698
000d7d20_3501,11745.394019550942
000d7d20_3502,11745.37327807152
000d7d20_3503,11745.364675034556
000d7d20_3504,11745.350657595307
000d7d20_3505,11745.342392899316
000d7d20_3506,11745.335263034434
000d7d20_3507,11745.33345589905
000d7d20_3508,11745.332886855402
000d7d20_3509,11745.328181905828
000d7d20_3510,11745.322664539624
000d7d20_3511,11745.316810101967
000d7d20_3512,11745.320385409086
000d7d20_3513,11745.311072105242
000d7d20_3514,11745.298848751025
000d7d20_3515,11745.289170807286
000d7d20_3516,11745.278667196017
000d7d20_3517,11745.264942727501
000d7d20_3518,11745.253022924591
000d7d20_3519,11745.244200683148
000d7d20_3520,11745.230876195059
000d7d20_3521,11745.227183694074
000d7d20_3522,11745.224156953047
000d7d20_3523,11745.228699373372
000d7d20_3524,11745.238367834387
000d7d20_3525,11745.252530093532
000d7d20_3526,11745.272146917036
000d7d20_3527,11745.287668848667
000d7d20_3528,11745.307189494175
000d7d20_3529,11745.315318296824
000d7d20_3530,11745.318948502965
000d7d20_3531,11745.317066393263
000d7d20_3532,11745.309008117734
000d7d20_3533,11745.296234647338
000d7d20_3534,11745.292056804241
000d7d20_3535,11745.282363904436
000d7d20_3536,11745.272158332253
000d7d20_3537,11745.26726876247
000d7d20_3538,11745.259066905419
000d7d20_3539,11745.258326402783
000d7d20_3540,11745.261719886223
000d7d20_3541,11745.265379859207
000d7d20_3542,11745.265020264884
000d7d20_3543,11745.266721215161
000d7d20_3544,11745.268075729542
000d7d20_3545,11745.269458924055
000d7d20_3546,11745.270445671847
000d7d20_3547,11745.26496505472
000d7d20_3548,11745.263255350535
000d7d20_3549,11745.265755218543
000d7d20_3550,11745.27086194365
000d7d20_3551,11745.279305507018
000d7d20_3552,11745.283562980234
000d7d20_3553,11745.293206769145
000d7d20_3554,11745.305207991885
000d7d20_3555,11745.325603364565
000d7d20_3556,11745.353570822506
000d7d20_3557,11745.383686330048
000d7d20_3558,11745.41750974693
000d7d20_3559,11745.456866824898
000d7d20_3560,11745.49157813365
000d7d20_3561,11745.522660046583
000d7d20_3562,11745.547821098253
000d7d20_3563,11745.570927127252
000d7d20_3564,11745.584943185337
000d7d20_3565,11745.598949062307
000d7d20_3566,11745.61537295452
000d7d20_3567,11745.635796401879
000d7d20_3568,11745.65079007534
000d7d20_3569,11745.673334296325
000d7d20_3570,11745.697769646662
000d7d20_3571,11745.736200936144
000d7d20_3572,11745.774786138023
000d7d20_3573,11745.808842255563
000d7d20_3574,11745.83225040712
000d7d20_3575,11745.83191423519
000d7d20_3576,11745.814446963694
000d7d20_3577,11745.795638493597
000d7d20_3578,11745.777394953968
000d7d20_3579,11745.75188066122
000d7d20_3580,11745.718619767567
000d7d20_3581,11745.689271206278
000d7d20_3582,11745.659399826312
000d7d20_3583,11745.628974482415
000d7d20_3584,11745.607098897528
000d7d20_3585,11745.58901416216
000d7d20_3586,11745.575635763395
000d7d20_3587,11745.572007082907
000d7d20_3588,11745.556938433114
000d7d20_3589,11745.540710984533
000d7d20_3590,11745.5210312109
000d7d20_3591,11745.494909691244
000d7d20_3592,11745.470906646258
000d7d20_3593,11745.476295693554
000d7d20_3594,11745.495019054535
000d7d20_3595,11745.51269769865
000d7d20_3596,11745.536318968225
000d7d20_3597,11745.55010647082
000d7d20_3598,11745.53904639673
000d7d20_3599,11745.525581616772
000d7d20_3600,11745.5086181278
000d7d20_3601,11745.484260631965
000d7d20_3602,11745.456860900815
000d7d20_3603,11745.417155687755
000d7d20_3604,11745.362171593964
000d7d20_3605,11745.313745239611
000d7d20_3606,11745.265513753146
000d7d20_3607,11745.216051788162
000d7d20_3608,11745.185617584151
000d7d20_3609,11745.166776884891
000d7d20_3610,11745.15047316348
000d7d20_3611,11745.134316116308
000d7d20_3612,11745.130299159651
000d7d20_3613,11745.11485730211
000d7d20_3614,11745.085076808304
000d7d20_3615,11745.06802726485
000d7d20_3616,11745.042848895357
000d7d20_3617,11745.026691324632
000d7d20_3618,11744.989275802507
000d7d20_3619,11744.930946234099
000d7d20_3620,11744.859798004185
000d7d20_3621,11744.798849805238
000d7d20_3622,11744.736586279016
000d7d20_3623,11744.67776769742
000d7d20_3624,11744.645492842375
000d7d20_3625,11744.601178951258
000d7d20_3626,11744.58925772299
000d7d20_3627,11744.583664685322
000d7d20_3628,11744.582857966385
000d7d20_3629,11744.581216100141
000d7d20_3630,11744.571414979433
000d7d20_3631,11744.569954051998
000d7d20_3632,11744.556764619161
000d7d20_3633,11744.547403509367
000d7d20_3634,11744.526171091758
000d7d20_3635,11744.499083301705
000d7d20_3636,11744.434608736867
000d7d20_3637,11744.406740043245
000d7d20_3638,11744.399574440211
000d7d20_3639,11744.417075084317
000d7d20_3640,11744.462951706857
000d7d20_3641,11744.529371979128
000d7d20_3642,11744.625108020045
000d7d20_3643,11744.719939155759
000d7d20_3644,11744.814168393019
000d7d20_3645,11744.90482853661
000d7d20_3646,11744.980354500509
000d7d20_3647,11745.061070755739
000d7d20_3648,11745.109315838195
000d7d20_3649,11745.146273721419
000d7d20_3650,11745.160194337324
000d7d20_3651,11745.129216448448
000d7d20_3652,11745.07161662461
000d7d20_3653,11745.048049162235
000d7d20_3654,11745.02437095451
000d7d20_3655,11744.996354691599
000d7d20_3656,11744.971542853187
000d7d20_3657,11744.961849141153
000d7d20_3658,11744.946913567199
000d7d20_3659,11744.95401645636
000d7d20_3660,11744.9477459978
000d7d20_3661,11744.951693539208
000d7d20_3662,11744.968399587397
000d7d20_3663,11744.992846175413
000d7d20_3664,11744.991295947415
000d7d20_3665,11744.983322401087
000d7d20_3666,11744.969581386591
000d7d20_3667,11744.943606487506
000d7d20_3668,11744.907692551886
000d7d20_3669,11744.86600493315
000d7d20_3670,11744.810208136114
000d7d20_3671,11744.747171796882
000d7d20_3672,11744.685718978713
000d7d20_3673,11744.632899790873
000d7d20_3674,11744.573023098526
000d7d20_3675,11744.531302270983
000d7d20_3676,11744.483180176929
000d7d20_3677,11744.457208102176
000d7d20_3678,11744.429963808794
000d7d20_3679,11744.408965259187
000d7d20_3680,11744.388951399262
000d7d20_3681,11744.384216759132
000d7d20_3682,11744.39096933968
000d7d20_3683,11744.396410860172
000d7d20_3684,11744.398574551009
000d7d20_3685,11744.404400718819
000d7d20_3686,11744.411211860397
000d7d20_3687,11744.421812522
000d7d20_3688,11744.43658139636
000d7d20_3689,11744.456004500125
000d7d20_3690,11744.461333753696
000d7d20_3691,11744.470569144538
000d7d20_3692,11744.484575737535
000d7d20_3693,11744.475553671205
000d7d20_3694,11744.474967917044
000d7d20_3695,11744.480273635738
000d7d20_3696,11744.482998838332
000d7d20_3697,11744.4830434694
000d7d20_3698,11744.480152984266
000d7d20_3699,11744.474366452603
000d7d20_3700,11744.468164169619
000d7d20_3701,11744.457565024293
000d7d20_3702,11744.4571528524
000d7d20_3703,11744.451596425228
000d7d20_3704,11744.460214058514
000d7d20_3705,11744.442445268114
000d7d20_3706,11744.429204641456
000d7d20_3707,11744.434269063844
000d7d20_3708,11744.4170892437
000d7d20_3709,11744.38655136181
000d7d20_3710,11744.392407316771
000d7d20_3711,11744.385759155528
000d7d20_3712,11744.373532830661
000d7d20_3713,11744.359638952126
000d7d20_3714,11744.365018856424
000d7d20_3715,11744.402394416755
000d7d20_3716,11744.44389628709
000d7d20_3717,11744.488588359463
000d7d20_3718,11744.545632885045
000d7d20_3719,11744.582235509964
000d7d20_3720,11744.618704628632
000d7d20_3721,11744.63803133126
000d7d20_3722,11744.685489873915
000d7d20_3723,11744.735972478633
000d7d20_3724,11744.752443240275
000d7d20_3725,11744.782091226883
000d7d20_3726,11744.8087646517
000d7d20_3727,11744.810872530998
000d7d20_3728,11744.799775603398
000d7d20_3729,11744.792954828577
000d7d20_3730,11744.802607522182
000d7d20_3731,11744.821677769754
000d7d20_3732,11744.82535011478
000d7d20_3733,11744.82261148057
000d7d20_3734,11744.812153556346
000d7d20_3735,11744.78639360566
000d7d20_3736,11744.76871520872
000d7d20_3737,11744.750783103847
000d7d20_3738,11744.742200045874
000d7d20_3739,11744.740492258943
000d7d20_3740,11744.772874266127
000d7d20_3741,11744.800866695223
000d7d20_3742,11744.817361108142
000d7d20_3743,11744.794351227576
000d7d20_3744,11744.749061403327
000d7d20_3745,11744.670698486078
000d7d20_3746,11744.563624929053
000d7d20_3747,11744.467375708844
000d7d20_3748,11744.389970371845
000d7d20_3749,11744.249209700964
000d7d20_3750,11744.07003983347
000d7d20_3751,11743.854631040225
000d7d20_3752,11743.608999438327
000d7d20_3753,11743.349603574643
000d7d20_3754,11743.097076295637
000d7d20_3755,11742.865676304187
000d7d20_3756,11742.678242018348
000d7d20_3757,11742.484776102554
000d7d20_3758,11742.313821594209
000d7d20_3759,11742.151368658819
000d7d20_3760,11742.026908383472
000d7d20_3761,11741.926336989516
000d7d20_3762,11741.876140350314
000d7d20_3763,11741.879604555244
000d7d20_3764,11741.907242178258
000d7d20_3765,11741.894036365245
000d7d20_3766,11741.889890743107
000d7d20_3767,11741.872585170739
000d7d20_3768,11741.859019075015
000d7d20_3769,11741.846585906156
000d7d20_3770,11741.842690685598
000d7d20_3771,11741.830799662916
000d7d20_3772,11741.831239164589
000d7d20_3773,11741.832031791802
000d7d20_3774,11741.855725086973
000d7d20_3775,11741.87972449904
000d7d20_3776,11741.90612923126
000d7d20_3777,11741.917929093222
000d7d20_3778,11741.919915185013
000d7d20_3779,11741.911685473078
000d7d20_3780,11741.897858082704
000d7d20_3781,11741.866288322375
000d7d20_3782,11741.81469956317
000d7d20_3783,11741.774948234659
000d7d20_3784,11741.75042909441
000d7d20_3785,11741.684348403092
000d7d20_3786,11741.603558205217
000d7d20_3787,11741.498935010371
000d7d20_3788,11741.389133357998
000d7d20_3789,11741.267242826665
000d7d20_3790,11741.149707171779
000d7d20_3791,11741.023396213648
000d7d20_3792,11740.899962614509
000d7d20_3793,11740.755538561476
000d7d20_3794,11740.643152812174
000d7d20_3795,11740.538857316802
000d7d20_3796,11740.437943443243
000d7d20_3797,11740.374612528609
000d7d20_3798,11740.34115619735
000d7d20_3799,11740.33993721229
000d7d20_3800,11740.337040013945
000d7d20_3801,11740.315384699697
000d7d20_3802,11740.311260056318
000d7d20_3803,11740.311108764105
000d7d20_3804,11740.318252156054
000d7d20_3805,11740.320087359736
000d7d20_3806,11740.316651059524
000d7d20_3807,11740.304172713391
000d7d20_3808,11740.277557255398
000d7d20_3809,11740.247461826812
000d7d20_3810,11740.254433047114
000d7d20_3811,11740.223930387987
000d7d20_3812,11740.129863505977
000d7d20_3813,11740.121648084121
000d7d20_3814,11740.12763814149
000d7d20_3815,11740.159511111786
000d7d20_3816,11740.215215043723
000d7d20_3817,11740.245517980711
000d7d20_3818,11740.266785624704
000d7d20_3819,11740.26501988157
000d7d20_3820,11740.262607538176
000d7d20_3821,11740.250236057329
000d7d20_3822,11740.207062561973
000d7d20_3823,11740.1362253548
000d7d20_3824,11740.070128253812
000d7d20_3825,11739.979251210743
000d7d20_3826,11739.857462311147
000d7d20_3827,11739.72127912226
000d7d20_3828,11739.56131513709
000d7d20_3829,11739.484440640228
000d7d20_3830,11739.358896250644
000d7d20_3831,11739.236913087921
000d7d20_3832,11739.10862576646
000d7d20_3833,11738.95699686436
000d7d20_3834,11738.82725574099
000d7d20_3835,11738.707771418909
000d7d20_3836,11738.623463772608
000d7d20_3837,11738.562287366714
000d7d20_3838,11738.50764508116
000d7d20_3839,11738.492305320746
000d7d20_3840,11738.49955073712
000d7d20_3841,11738.495479130353
000d7d20_3842,11738.484166489192
000d7d20_3843,11738.500513231678
000d7d20_3844,11738.483543265225
000d7d20_3845,11738.45042185749
000d7d20_3846,11738.380870618386
000d7d20_3847,11738.318214540017
000d7d20_3848,11738.271546753733
000d7d20_3849,11738.222250391098
000d7d20_3850,11738.152795833767
000d7d20_3851,11738.081953945155
000d7d20_3852,11738.028194514665
000d7d20_3853,11737.989704376407
000d7d20_3854,11737.958386162933
000d7d20_3855,11737.94068904868
000d7d20_3856,11737.931039457835
000d7d20_3857,11737.924861483329
000d7d20_3858,11737.898215177142
000d7d20_3859,11737.884040479428
000d7d20_3860,11737.867650140784
000d7d20_3861,11737.847084222742
000d7d20_3862,11737.823655622507
000d7d20_3863,11737.782990498386
000d7d20_3864,11737.742631260477
000d7d20_3865,11737.693978103029
000d7d20_3866,11737.622056654349
000d7d20_3867,11737.57992302344
000d7d20_3868,11737.536527619966
000d7d20_3869,11737.48948513964
000d7d20_3870,11737.4539976843
000d7d20_3871,11737.430814008792
000d7d20_3872,11737.437811606995
000d7d20_3873,11737.436807923696
000d7d20_3874,11737.449052995173
000d7d20_3875,11737.448139755821
000d7d20_3876,11737.447259355687
000d7d20_3877,11737.42333024756
000d7d20_3878,11737.391926464035
000d7d20_3879,11737.34221799716
000d7d20_3880,11737.28896332349
000d7d20_3881,11737.246573542441
000d7d20_3882,11737.187225216885
000d7d20_3883,11737.146240357139
000d7d20_3884,11737.083087185429
000d7d20_3885,11737.03431987681
000d7d20_3886,11737.00637319465
000d7d20_3887,11736.991422147225
000d7d20_3888,11736.97068600551
000d7d20_3889,11736.957923880358
000d7d20_3890,11736.944691456294
000d7d20_3891,11736.892304701061
000d7d20_3892,11736.841505631262
000d7d20_3893,11736.776977206013
000d7d20_3894,11736.735605284792
000d7d20_3895,11736.681112133281
000d7d20_3896,11736.611368492431
000d7d20_3897,11736.516556466826
000d7d20_3898,11736.392473502128
000d7d20_3899,11736.261046734064
000d7d20_3900,11736.19691691003
000d7d20_3901,11736.220607339168
000d7d20_3902,11736.26353733562
000d7d20_3903,11736.313434842492
000d7d20_3904,11736.356471190486
000d7d20_3905,11736.415182151162
000d7d20_3906,11736.463595576572
000d7d20_3907,11736.501566412999
000d7d20_3908,11736.541254510532
000d7d20_3909,11736.575259649731
000d7d20_3910,11736.599867533921
000d7d20_3911,11736.588448350096
000d7d20_3912,11736.541072549622
000d7d20_3913,11736.45117491386
000d7d20_3914,11736.349736309487
000d7d20_3915,11736.268588414541
000d7d20_3916,11736.263178806941
000d7d20_3917,11736.277142509498
000d7d20_3918,11736.26550411887
000d7d20_3919,11736.259503608924
000d7d20_3920,11736.257727966418
000d7d20_3921,11736.25831016536
000d7d20_3922,11736.268665165864
000d7d20_3923,11736.268684036837
000d7d20_3924,11736.263126313872
000d7d20_3925,11736.260814329267
000d7d20_3926,11736.263275333054
000d7d20_3927,11736.270292670284
000d7d20_3928,11736.28732942308
000d7d20_3929,11736.279672725566
000d7d20_3930,11736.266557420664
000d7d20_3931,11736.254634465064
000d7d20_3932,11736.247505494135
000d7d20_3933,11736.244125551482
000d7d20_3934,11736.232460456917
000d7d20_3935,11736.207190207148
000d7d20_3936,11736.180011090693
000d7d20_3937,11736.143053065463
000d7d20_3938,11736.100749293631
000d7d20_3939,11736.04853339991
000d7d20_3940,11735.99362008638
000d7d20_3941,11735.951395709797
000d7d20_3942,11735.90416606477
000d7d20_3943,11735.86456856863
000d7d20_3944,11735.829200297994
000d7d20_3945,11735.797337257209
000d7d20_3946,11735.781877726959
000d7d20_3947,11735.770955493534
000d7d20_3948,11735.76385196843
000d7d20_3949,11735.755254068901
000d7d20_3950,11735.743252143358
000d7d20_3951,11735.731861913211
000d7d20_3952,11735.727570391684
000d7d20_3953,11735.73035989196
000d7d20_3954,11735.720906854409
000d7d20_3955,11735.70127625258
000d7d20_3956,11735.674693815727
000d7d20_3957,11735.637232899033
000d7d20_3958,11735.599625177994
000d7d20_3959,11735.563251599036
000d7d20_3960,11735.515807917953
000d7d20_3961,11735.478278724582
000d7d20_3962,11735.425094197159
000d7d20_3963,11735.381394430644
000d7d20_3964,11735.331596763443
000d7d20_3965,11735.286554760067
000d7d20_3966,11735.236931688183
000d7d20_3967,11735.19132231083
000d7d20_3968,11735.151312739394
000d7d20_3969,11735.118153035897
000d7d20_3970,11735.077605376242
000d7d20_3971,11735.037566232042
000d7d20_3972,11734.998747003798
000d7d20_3973,11734.94848877895
000d7d20_3974,11734.919119152859
000d7d20_3975,11734.887744616293
000d7d20_3976,11734.868009465408
000d7d20_3977,11734.857423354586
000d7d20_3978,11734.853825798366
000d7d20_3979,11734.85831849475
000d7d20_3980,11734.85101686592
000d7d20_3981,11734.85077617734
000d7d20_3982,11734.849856467055
000d7d20_3983,11734.849380924325
000d7d20_3984,11734.823375896829
000d7d20_3985,11734.81860577949
000d7d20_3986,11734.831953039024
000d7d20_3987,11734.84390081465
000d7d20_3988,11734.855809865172
000d7d20_3989,11734.839291936343
000d7d20_3990,11734.890778460009
000d7d20_3991,11734.979803045419
000d7d20_3992,11735.095805528332
000d7d20_3993,11735.222259867392
000d7d20_3994,11735.358846144993
000d7d20_3995,11735.484646868203
000d7d20_3996,11735.5909103584
000d7d20_3997,11735.685564673646
000d7d20_3998,11735.757028966978
000d7d20_3999,11735.795976200543
000d7d20_4000,11735.795383185174
000d7d20_4001,11735.805818456107
000d7d20_4002,11735.79510740771
000d7d20_4003,11735.754614488047
000d7d20_4004,11735.705215000124
000d7d20_4005,11735.649484739768
000d7d20_4006,11735.644436893774
000d7d20_4007,11735.639753634625
000d7d20_4008,11735.64645712792
000d7d20_4009,11735.68119239212
000d7d20_4010,11735.707708443613
000d7d20_4011,11735.716467182789
000d7d20_4012,11735.708311247527
000d7d20_4013,11735.691853013259
000d7d20_4014,11735.669017239226
000d7d20_4015,11735.64415378178
000d7d20_4016,11735.607714535803
000d7d20_4017,11735.570867618351
000d7d20_4018,11735.53634345562
000d7d20_4019,11735.498833309062
000d7d20_4020,11735.472263432495
000d7d20_4021,11735.45021111395
000d7d20_4022,11735.43009111339
000d7d20_4023,11735.42706313469
000d7d20_4024,11735.437569764192
000d7d20_4025,11735.454792720193
000d7d20_4026,11735.463183449103
000d7d20_4027,11735.467459204809
000d7d20_4028,11735.452702455976
000d7d20_4029,11735.441783584627
000d7d20_4030,11735.433002839478
000d7d20_4031,11735.427009852041
000d7d20_4032,11735.402186107085
000d7d20_4033,11735.391798699016
000d7d20_4034,11735.380820371938
000d7d20_4035,11735.368419631674
000d7d20_4036,11735.352352991795
000d7d20_4037,11735.341240603479
000d7d20_4038,11735.335042229999
000d7d20_4039,11735.32652414605
000d7d20_4040,11735.31776181665
000d7d20_4041,11735.314696491183
000d7d20_4042,11735.314274680119
000d7d20_4043,11735.310362563834
000d7d20_4044,11735.29830191712
000d7d20_4045,11735.291874202789
000d7d20_4046,11735.285705388385
000d7d20_4047,11735.277410826682
000d7d20_4048,11735.272184359505
000d7d20_4049,11735.278232333947
000d7d20_4050,11735.267436444621
000d7d20_4051,11735.268925036773
000d7d20_4052,11735.266525767405
000d7d20_4053,11735.265592048288
000d7d20_4054,11735.26745186326
000d7d20_4055,11735.267464397319
000d7d20_4056,11735.272917133205
000d7d20_4057,11735.275739622532
000d7d20_4058,11735.276330968676
000d7d20_4059,11735.285534458206
000d7d20_4060,11735.281881828012
000d7d20_4061,11735.276550379258
000d7d20_4062,11735.276350266462
000d7d20_4063,11735.29174034921
000d7d20_4064,11735.304484354412
000d7d20_4065,11735.300170293824
000d7d20_4066,11735.288476245642
000d7d20_4067,11735.281126278074
000d7d20_4068,11735.271780405335
000d7d20_4069,11735.239600998548
000d7d20_4070,11735.212621919316
000d7d20_4071,11735.196122426154
000d7d20_4072,11735.187941410757
000d7d20_4073,11735.190579788434
000d7d20_4074,11735.193144585288
000d7d20_4075,11735.213659293531
000d7d20_4076,11735.224804058282
000d7d20_4077,11735.244265790361
000d7d20_4078,11735.279923360204
000d7d20_4079,11735.319525858566
000d7d20_4080,11735.345492590355
000d7d20_4081,11735.354223422455
000d7d20_4082,11735.367746857371
000d7d20_4083,11735.385797930936
000d7d20_4084,11735.390848655894
000d7d20_4085,11735.377475468782
000d7d20_4086,11735.378608673214
000d7d20_4087,11735.368077126439
000d7d20_4088,11735.364433004184
000d7d20_4089,11735.368095764401
000d7d20_4090,11735.367939232776
000d7d20_4091,11735.378962863966
000d7d20_4092,11735.384414295404
000d7d20_4093,11735.39587426252
000d7d20_4094,11735.413763587449
000d7d20_4095,11735.424900039521
000d7d20_4096,11735.433784513638
000d7d20_4097,11735.428967911672
000d7d20_4098,11735.438599388099
000d7d20_4099,11735.44165356839
000d7d20_4100,11735.427784240403
000d7d20_4101,11735.421637475398
000d7d20_4102,11735.41590805164
000d7d20_4103,11735.397889724232
000d7d20_4104,11735.404858823058
000d7d20_4105,11735.425469366175
000d7d20_4106,11735.452407777286
000d7d20_4107,11735.490813054064
000d7d20_4108,11735.536849466687
000d7d20_4109,11735.586566061967
000d7d20_4110,11735.6339733189
000d7d20_4111,11735.679176280435
000d7d20_4112,11735.716798838754
000d7d20_4113,11735.745785055316
000d7d20_4114,11735.770425375438
000d7d20_4115,11735.789211879903
000d7d20_4116,11735.798083292
000d7d20_4117,11735.80097688366
000d7d20_4118,11735.786575102115
000d7d20_4119,11735.75991534912
000d7d20_4120,11735.73364800261
000d7d20_4121,11735.707599330175
000d7d20_4122,11735.681169802789
000d7d20_4123,11735.656447923368
000d7d20_4124,11735.63053162386
000d7d20_4125,11735.608204168366
000d7d20_4126,11735.58042843468
000d7d20_4127,11735.5695356728
000d7d20_4128,11735.550817863475
000d7d20_4129,11735.52902239686
000d7d20_4130,11735.522251240876
000d7d20_4131,11735.514086132709
000d7d20_4132,11735.49092223213
000d7d20_4133,11735.460729426597
000d7d20_4134,11735.434524268838
000d7d20_4135,11735.416535583923
000d7d20_4136,11735.396060680006
000d7d20_4137,11735.38229787499
000d7d20_4138,11735.36924373818
000d7d20_4139,11735.35436583801
000d7d20_4140,11735.343167114452
000d7d20_4141,11735.333227874342
000d7d20_4142,11735.321169780138
000d7d20_4143,11735.333796744762
000d7d20_4144,11735.333551600786
000d7d20_4145,11735.332307670264
000d7d20_4146,11735.339325128823
000d7d20_4147,11735.355141749733
000d7d20_4148,11735.376634943212
000d7d20_4149,11735.405943778775
000d7d20_4150,11735.438732841641
000d7d20_4151,11735.474275556857
000d7d20_4152,11735.501317501994
000d7d20_4153,11735.520495519091
000d7d20_4154,11735.528105097172
000d7d20_4155,11735.534407103147
000d7d20_4156,11735.538557371841
000d7d20_4157,11735.540490423014
000d7d20_4158,11735.533717469447
000d7d20_4159,11735.539567414431
000d7d20_4160,11735.549287270378
000d7d20_4161,11735.557675266542
000d7d20_4162,11735.575475826015
000d7d20_4163,11735.588304683402
000d7d20_4164,11735.5882538226
000d7d20_4165,11735.580069774262
000d7d20_4166,11735.568263919127
000d7d20_4167,11735.550529816292
000d7d20_4168,11735.524784143547
000d7d20_4169,11735.507848103925
000d7d20_4170,11735.477807409407
000d7d20_4171,11735.435828196656
000d7d20_4172,11735.3802675696
000d7d20_4173,11735.318157256064
000d7d20_4174,11735.262919207986
000d7d20_4175,11735.208970542095
000d7d20_4176,11735.157490196003
000d7d20_4177,11735.093411872807
000d7d20_4178,11735.024968916485
000d7d20_4179,11734.94482136607
000d7d20_4180,11734.881155820534
000d7d20_4181,11734.82661503611
000d7d20_4182,11734.787154870866
000d7d20_4183,11734.753951792723
000d7d20_4184,11734.744247763667
000d7d20_4185,11734.74467664466
000d7d20_4186,11734.73275064241
000d7d20_4187,11734.717612871937
000d7d20_4188,11734.70389912603
000d7d20_4189,11734.695776945902
000d7d20_4190,11734.695005598665
000d7d20_4191,11734.679324083545
000d7d20_4192,11734.665422239701
000d7d20_4193,11734.653968950746
000d7d20_4194,11734.638757483559
000d7d20_4195,11734.631532597901
000d7d20_4196,11734.624033836802
000d7d20_4197,11734.626822744176
000d7d20_4198,11734.642502585906
000d7d20_4199,11734.6649240906
000d7d20_4200,11734.702153479666
000d7d20_4201,11734.73231878004
000d7d20_4202,11734.755895119373
000d7d20_4203,11734.784716203067
000d7d20_4204,11734.802622144134
000d7d20_4205,11734.824787444797
000d7d20_4206,11734.83734192145
000d7d20_4207,11734.842807101839
000d7d20_4208,11734.837719792937
000d7d20_4209,11734.826902631672
000d7d20_4210,11734.80625075236
000d7d20_4211,11734.79596971343
000d7d20_4212,11734.778938432442
000d7d20_4213,11734.770427571424
000d7d20_4214,11734.764264116006
000d7d20_4215,11734.756951926527
000d7d20_4216,11734.75115958725
000d7d20_4217,11734.73172108512
000d7d20_4218,11734.716384864672
000d7d20_4219,11734.70326819264
000d7d20_4220,11734.689605009617
000d7d20_4221,11734.681147572372
000d7d20_4222,11734.666330875807
000d7d20_4223,11734.656398947527
000d7d20_4224,11734.64758834781
000d7d20_4225,11734.645095419748
000d7d20_4226,11734.644496924977
000d7d20_4227,11734.649170415345
000d7d20_4228,11734.651753511556
000d7d20_4229,11734.662140346109
000d7d20_4230,11734.667700918568
000d7d20_4231,11734.666249295004
000d7d20_4232,11734.66136937338
000d7d20_4233,11734.6507705288
000d7d20_4234,11734.643742085009
000d7d20_4235,11734.627547880325
000d7d20_4236,11734.61688728938
000d7d20_4237,11734.598445042386
000d7d20_4238,11734.583200610316
000d7d20_4239,11734.572151116961
000d7d20_4240,11734.547100284935
000d7d20_4241,11734.533801796015
000d7d20_4242,11734.529148924486
000d7d20_4243,11734.533262988569
000d7d20_4244,11734.550293998836
000d7d20_4245,11734.576957413512
000d7d20_4246,11734.599386461134
000d7d20_4247,11734.626088944622
000d7d20_4248,11734.652702515912
000d7d20_4249,11734.681000916506
000d7d20_4250,11734.710309819904
000d7d20_4251,11734.734926536414
000d7d20_4252,11734.752287275256
000d7d20_4253,11734.763520581253
000d7d20_4254,11734.767911467507
000d7d20_4255,11734.762127855716
000d7d20_4256,11734.746387549796
000d7d20_4257,11734.743905783924
000d7d20_4258,11734.731898306067
000d7d20_4259,11734.734642780459
000d7d20_4260,11734.73361188061
000d7d20_4261,11734.735195614368
000d7d20_4262,11734.734362942734
000d7d20_4263,11734.740073690828
000d7d20_4264,11734.743134579023
000d7d20_4265,11734.74491258541
000d7d20_4266,11734.747253360185
000d7d20_4267,11734.736767730592
000d7d20_4268,11734.739627814699
000d7d20_4269,11734.722708492774
000d7d20_4270,11734.710584253651
000d7d20_4271,11734.733130453491
000d7d20_4272,11734.759638110258
000d7d20_4273,11734.779284953082
000d7d20_4274,11734.794510505635
000d7d20_4275,11734.820775066079
000d7d20_4276,11734.820542258083
000d7d20_4277,11734.825170679604
000d7d20_4278,11734.828746735668
000d7d20_4279,11734.83745581082
000d7d20_4280,11734.834133068915
000d7d20_4281,11734.824970341644
000d7d20_4282,11734.827945384142
000d7d20_4283,11734.823087596904
000d7d20_4284,11734.823786731306
000d7d20_4285,11734.798635336694
000d7d20_4286,11734.813720427022
000d7d20_4287,11734.858581793747
000d7d20_4288,11734.89310881514
000d7d20_4289,11734.935769312198
000d7d20_4290,11734.974414681188
000d7d20_4291,11735.004668127587
000d7d20_4292,11735.022074297878
000d7d20_4293,11735.04011403651
000d7d20_4294,11735.051277982137
000d7d20_4295,11735.060381530444
000d7d20_4296,11735.062094469566
000d7d20_4297,11735.06441184675
000d7d20_4298,11735.07153171819
000d7d20_4299,11735.059403423013
000d7d20_4300,11735.035648054067
000d7d20_4301,11735.01777930291
000d7d20_4302,11735.019336238425
000d7d20_4303,11735.02382723305
000d7d20_4304,11735.032925775507
000d7d20_4305,11735.050497704824
000d7d20_4306,11735.054192046331
000d7d20_4307,11735.049902342507
000d7d20_4308,11735.03519372835
000d7d20_4309,11735.017451244603
000d7d20_4310,11734.999108234317
000d7d20_4311,11734.981157253344
000d7d20_4312,11734.96170791171
000d7d20_4313,11734.937928486834
000d7d20_4314,11734.923877012936
000d7d20_4315,11734.908681122462
000d7d20_4316,11734.897518697717
000d7d20_4317,11734.89750068401
000d7d20_4318,11734.89429997618
000d7d20_4319,11734.893907276868
000d7d20_4320,11734.89863163804
000d7d20_4321,11734.907346824759
000d7d20_4322,11734.909862191504
000d7d20_4323,11734.914100585404
000d7d20_4324,11734.91383563217
000d7d20_4325,11734.921686542875
000d7d20_4326,11734.907178590222
000d7d20_4327,11734.915814032218
000d7d20_4328,11734.934735070312
000d7d20_4329,11734.965113623799
000d7d20_4330,11735.012517544845
000d7d20_4331,11735.06297639198
000d7d20_4332,11735.11807974
000d7d20_4333,11735.170442300305
000d7d20_4334,11735.228663617743
000d7d20_4335,11735.284502499107
000d7d20_4336,11735.339216875771
000d7d20_4337,11735.377841291285
000d7d20_4338,11735.400391568917
000d7d20_4339,11735.410858572284
000d7d20_4340,11735.418397272835
000d7d20_4341,11735.416749412443
000d7d20_4342,11735.39860846853
000d7d20_4343,11735.399122990968
000d7d20_4344,11735.390321943963
000d7d20_4345,11735.379172492449
000d7d20_4346,11735.373800242529
000d7d20_4347,11735.36894925011
000d7d20_4348,11735.367756546388
000d7d20_4349,11735.362786764203
000d7d20_4350,11735.374266759953
000d7d20_4351,11735.389405787526
000d7d20_4352,11735.406482768632
000d7d20_4353,11735.413138122645
000d7d20_4354,11735.413576046421
000d7d20_4355,11735.425911912222
000d7d20_4356,11735.448683485385
000d7d20_4357,11735.459883792624
000d7d20_4358,11735.456676885495
000d7d20_4359,11735.464422103734
000d7d20_4360,11735.469866748443
000d7d20_4361,11735.468840299036
000d7d20_4362,11735.473390957111
000d7d20_4363,11735.47324715054
000d7d20_4364,11735.476431941426
000d7d20_4365,11735.475865444458
000d7d20_4366,11735.480280143962
000d7d20_4367,11735.487471812436
000d7d20_4368,11735.490548964024
000d7d20_4369,11735.48810991677
000d7d20_4370,11735.483474841687
000d7d20_4371,11735.496811601804
000d7d20_4372,11735.512420775925
000d7d20_4373,11735.52926400533
000d7d20_4374,11735.551463085338
000d7d20_4375,11735.561098201271
000d7d20_4376,11735.60084167926
000d7d20_4377,11735.646890471793
000d7d20_4378,11735.697202356361
000d7d20_4379,11735.747886686526
000d7d20_4380,11735.801673087368
000d7d20_4381,11735.8520034636
000d7d20_4382,11735.890100026176
000d7d20_4383,11735.935188872747
000d7d20_4384,11735.959166174642
000d7d20_4385,11735.989890083045
000d7d20_4386,11736.01981406094
000d7d20_4387,11736.049592842275
000d7d20_4388,11736.058094667087
000d7d20_4389,11736.051893050428
000d7d20_4390,11736.03380048001
000d7d20_4391,11736.005526775929
000d7d20_4392,11736.015437707452
000d7d20_4393,11736.004907426368
000d7d20_4394,11735.985383966308
000d7d20_4395,11735.961115792892
000d7d20_4396,11735.934946403795
000d7d20_4397,11735.915778715042
000d7d20_4398,11735.878021401228
000d7d20_4399,11735.849526581113
000d7d20_4400,11735.81704351635
000d7d20_4401,11735.817402140283
000d7d20_4402,11735.816109384383
000d7d20_4403,11735.815089982028
000d7d20_4404,11735.800338750185
000d7d20_4405,11735.804565147504
000d7d20_4406,11735.799508302793
000d7d20_4407,11735.8033640503
000d7d20_4408,11735.804274457205
000d7d20_4409,11735.81231680291
000d7d20_4410,11735.812750526982
000d7d20_4411,11735.8081150176
000d7d20_4412,11735.804868458556
000d7d20_4413,11735.806791125815
000d7d20_4414,11735.79303579668
000d7d20_4415,11735.794655265354
000d7d20_4416,11735.796856233332
000d7d20_4417,11735.802853700232
000d7d20_4418,11735.803141043352
000d7d20_4419,11735.808045259944
000d7d20_4420,11735.799849923196
000d7d20_4421,11735.794045017192
000d7d20_4422,11735.770847512133
000d7d20_4423,11735.753363269358
000d7d20_4424,11735.73175988879
000d7d20_4425,11735.711883920827
000d7d20_4426,11735.678055701297
000d7d20_4427,11735.651602432643
000d7d20_4428,11735.58074316819
000d7d20_4429,11735.551047491439
000d7d20_4430,11735.574368335621
000d7d20_4431,11735.627147887459
000d7d20_4432,11735.720515479592
000d7d20_4433,11735.834899732388
000d7d20_4434,11735.957025833364
000d7d20_4435,11736.076744681699
000d7d20_4436,11736.19361432846
000d7d20_4437,11736.31723854181
000d7d20_4438,11736.427349966105
000d7d20_4439,11736.50749432445
000d7d20_4440,11736.573033617953
000d7d20_4441,11736.620565181192
000d7d20_4442,11736.642335759303
000d7d20_4443,11736.644015457245
000d7d20_4444,11736.60849308924
000d7d20_4445,11736.633962803717
000d7d20_4446,11736.677897703676
000d7d20_4447,11736.719626909897
000d7d20_4448,11736.772383714695
000d7d20_4449,11736.808339790474
000d7d20_4450,11736.834864327147
000d7d20_4451,11736.849193857555
000d7d20_4452,11736.869538396075
000d7d20_4453,11736.891674208935
000d7d20_4454,11736.890079429562
000d7d20_4455,11736.873048003694
000d7d20_4456,11736.869614488078
000d7d20_4457,11736.866504850444
000d7d20_4458,11736.833245988933
000d7d20_4459,11736.821662673969
000d7d20_4460,11736.829093311848
000d7d20_4461,11736.861746992363
000d7d20_4462,11736.907697334978
000d7d20_4463,11736.948119335826
000d7d20_4464,11736.999653606108
000d7d20_4465,11737.057719169685
000d7d20_4466,11737.110488490007
000d7d20_4467,11737.165039918751
000d7d20_4468,11737.213924447478
000d7d20_4469,11737.257621529827
000d7d20_4470,11737.291926164457
000d7d20_4471,11737.30629117181
000d7d20_4472,11737.30842241321
000d7d20_4473,11737.290144293842
000d7d20_4474,11737.257649471143
000d7d20_4475,11737.260569916367
000d7d20_4476,11737.27139469063
000d7d20_4477,11737.287856816121
000d7d20_4478,11737.29795242533
000d7d20_4479,11737.30006278357
000d7d20_4480,11737.321829619179
000d7d20_4481,11737.33345851896
000d7d20_4482,11737.340571044322
000d7d20_4483,11737.352996627518
000d7d20_4484,11737.352766363354
000d7d20_4485,11737.366723774909
000d7d20_4486,11737.378720539788
000d7d20_4487,11737.363007560349
000d7d20_4488,11737.338267555282
000d7d20_4489,11737.300875227482
000d7d20_4490,11737.259150248272
000d7d20_4491,11737.209857024436
000d7d20_4492,11737.163687649325
000d7d20_4493,11737.117449969597
000d7d20_4494,11737.062565366532
000d7d20_4495,11737.024058371462
000d7d20_4496,11736.994973953146
000d7d20_4497,11736.959687120543
000d7d20_4498,11736.925266524626
000d7d20_4499,11736.904541497895
000d7d20_4500,11736.901205570653
000d7d20_4501,11736.916795220712
000d7d20_4502,11736.929636460498
000d7d20_4503,11736.940237488849
000d7d20_4504,11736.944976497281
000d7d20_4505,11736.95054974546
000d7d20_4506,11736.965825350977
000d7d20_4507,11736.99203628589
000d7d20_4508,11737.014271382739
000d7d20_4509,11737.016063985504
000d7d20_4510,11737.013761042706
000d7d20_4511,11737.034846024942
000d7d20_4512,11737.058166194616
000d7d20_4513,11737.081358440597
000d7d20_4514,11737.107466508429
000d7d20_4515,11737.14476847665
000d7d20_4516,11737.188206308081
000d7d20_4517,11737.2240855082
000d7d20_4518,11737.266139715652
000d7d20_4519,11737.295706627085
000d7d20_4520,11737.307571541327
000d7d20_4521,11737.326745154869
000d7d20_4522,11737.345592139827
000d7d20_4523,11737.36647391981
000d7d20_4524,11737.35062186622
000d7d20_4525,11737.323895472706
000d7d20_4526,11737.31183430887
000d7d20_4527,11737.307114838053
000d7d20_4528,11737.305910241625
000d7d20_4529,11737.302129082624
000d7d20_4530,11737.303122312418
000d7d20_4531,11737.310415265192
000d7d20_4532,11737.32016751615
000d7d20_4533,11737.313880537522
000d7d20_4534,11737.318087561835
000d7d20_4535,11737.32350782418
000d7d20_4536,11737.325234764916
000d7d20_4537,11737.333883431847
000d7d20_4538,11737.348485166976
000d7d20_4539,11737.36832808584
000d7d20_4540,11737.354607560721
000d7d20_4541,11737.361825346898
000d7d20_4542,11737.380060190937
000d7d20_4543,11737.400593591743
000d7d20_4544,11737.426655309599
000d7d20_4545,11737.45529245533
000d7d20_4546,11737.489442815559
000d7d20_4547,11737.522835738266
000d7d20_4548,11737.547522861085
000d7d20_4549,11737.567101113635
000d7d20_4550,11737.597975623803
000d7d20_4551,11737.631657155345
000d7d20_4552,11737.650838542755
000d7d20_4553,11737.665523658205
000d7d20_4554,11737.677714814496
000d7d20_4555,11737.680697371035
000d7d20_4556,11737.667797516433
000d7d20_4557,11737.676542194897
000d7d20_4558,11737.680679776035
000d7d20_4559,11737.682228397554
000d7d20_4560,11737.683907435796
000d7d20_4561,11737.659362957864
000d7d20_4562,11737.651287375307
000d7d20_4563,11737.657773041972
000d7d20_4564,11737.675457461852
000d7d20_4565,11737.702708226858
000d7d20_4566,11737.735336669804
000d7d20_4567,11737.771599081476
000d7d20_4568,11737.813666810724
000d7d20_4569,11737.85073282754
000d7d20_4570,11737.885877435847
000d7d20_4571,11737.920600021007
000d7d20_4572,11737.948966104688
000d7d20_4573,11737.976377451409
000d7d20_4574,11737.991694427588
000d7d20_4575,11737.991207658943
000d7d20_4576,11737.972815929728
000d7d20_4577,11737.935234462404
000d7d20_4578,11737.925251503646
000d7d20_4579,11737.917659420835
000d7d20_4580,11737.917964701064
000d7d20_4581,11737.89992095959
000d7d20_4582,11737.873098102811
000d7d20_4583,11737.834277075432
000d7d20_4584,11737.793196093393
000d7d20_4585,11737.745336736552
000d7d20_4586,11737.703413387815
000d7d20_4587,11737.66502418597
000d7d20_4588,11737.637011914152
000d7d20_4589,11737.6239003771
000d7d20_4590,11737.605570499749
000d7d20_4591,11737.584999560817
000d7d20_4592,11737.55918945986
000d7d20_4593,11737.543591877933
000d7d20_4594,11737.530038877392
000d7d20_4595,11737.514395945811
000d7d20_4596,11737.502265453732
000d7d20_4597,11737.473858923497
000d7d20_4598,11737.441131203714
000d7d20_4599,11737.406824733462
000d7d20_4600,11737.383045721746
000d7d20_4601,11737.364563642333
000d7d20_4602,11737.354896591103
000d7d20_4603,11737.353327554029
000d7d20_4604,11737.366957838813
000d7d20_4605,11737.37641061773
000d7d20_4606,11737.390298101936
000d7d20_4607,11737.403182758326
000d7d20_4608,11737.41147914731
000d7d20_4609,11737.42451973922
000d7d20_4610,11737.432533115758
000d7d20_4611,11737.441922863754
000d7d20_4612,11737.463521327316
000d7d20_4613,11737.476479072418
000d7d20_4614,11737.480775048743
000d7d20_4615,11737.484982639075
000d7d20_4616,11737.479880498358
000d7d20_4617,11737.469952804026
000d7d20_4618,11737.463996309596
000d7d20_4619,11737.458738360852
000d7d20_4620,11737.456889745657
000d7d20_4621,11737.450301434128
000d7d20_4622,11737.448669051955
000d7d20_4623,11737.442936532594
000d7d20_4624,11737.44355539063
000d7d20_4625,11737.448698978269
000d7d20_4626,11737.461247332558
000d7d20_4627,11737.477320533626
000d7d20_4628,11737.497105082066
000d7d20_4629,11737.506211238551
000d7d20_4630,11737.512946199706
000d7d20_4631,11737.515061045038
000d7d20_4632,11737.512238329482
000d7d20_4633,11737.51486340796
000d7d20_4634,11737.518857872932
000d7d20_4635,11737.51816159036
000d7d20_4636,11737.51125991882
000d7d20_4637,11737.511269135915
000d7d20_4638,11737.513488380802
000d7d20_4639,11737.527892487351
000d7d20_4640,11737.540491219268
000d7d20_4641,11737.558233611016
000d7d20_4642,11737.577761053211
000d7d20_4643,11737.579563859494
000d7d20_4644,11737.60061122761
000d7d20_4645,11737.631986449092
000d7d20_4646,11737.666475673275
000d7d20_4647,11737.707748935936
000d7d20_4648,11737.742362680117
000d7d20_4649,11737.773646125464
000d7d20_4650,11737.791896917803
000d7d20_4651,11737.801692866851
000d7d20_4652,11737.807993521912
000d7d20_4653,11737.824065119816
000d7d20_4654,11737.834996709393
000d7d20_4655,11737.83818016704
000d7d20_4656,11737.82802566069
000d7d20_4657,11737.825324164218
000d7d20_4658,11737.80011376721
000d7d20_4659,11737.759295100948
000d7d20_4660,11737.733821900405
000d7d20_4661,11737.700159113567
000d7d20_4662,11737.665229698941
000d7d20_4663,11737.632567839068
000d7d20_4664,11737.595009221683
000d7d20_4665,11737.556256389598
000d7d20_4666,11737.515062373412
000d7d20_4667,11737.482524365343
000d7d20_4668,11737.454319318818
000d7d20_4669,11737.432783444878
000d7d20_4670,11737.419130204993
000d7d20_4671,11737.407122749208
000d7d20_4672,11737.404303096479
000d7d20_4673,11737.410221428581
000d7d20_4674,11737.40071088054
000d7d20_4675,11737.387071535011
000d7d20_4676,11737.372633826924
000d7d20_4677,11737.363397299268
000d7d20_4678,11737.358370809216
000d7d20_4679,11737.352230353967
000d7d20_4680,11737.344214968467
000d7d20_4681,11737.336854618601
000d7d20_4682,11737.333608297648
000d7d20_4683,11737.334104636198
000d7d20_4684,11737.332157385616
000d7d20_4685,11737.329079453564
000d7d20_4686,11737.330950728812
000d7d20_4687,11737.329684691225
000d7d20_4688,11737.342748447705
000d7d20_4689,11737.353770699614
000d7d20_4690,11737.353261971877
000d7d20_4691,11737.352816626775
000d7d20_4692,11737.365585172894
000d7d20_4693,11737.3766849153
000d7d20_4694,11737.387999222627
000d7d20_4695,11737.381688997597
000d7d20_4696,11737.407855109757
000d7d20_4697,11737.447232323417
000d7d20_4698,11737.483844497452
000d7d20_4699,11737.526111434845
000d7d20_4700,11737.552278689169
000d7d20_4701,11737.56927236504
000d7d20_4702,11737.578446527485
000d7d20_4703,11737.569056090248
000d7d20_4704,11737.564872829777
000d7d20_4705,11737.539181453865
000d7d20_4706,11737.502770556352
000d7d20_4707,11737.469078684768
000d7d20_4708,11737.435342803998
000d7d20_4709,11737.393759562015
000d7d20_4710,11737.357125933504
000d7d20_4711,11737.32218474477
000d7d20_4712,11737.324339657493
000d7d20_4713,11737.325313571095
000d7d20_4714,11737.330926245033
000d7d20_4715,11737.3437901619
000d7d20_4716,11737.34853034412
000d7d20_4717,11737.358378152221
000d7d20_4718,11737.365272827048
000d7d20_4719,11737.369504076127
000d7d20_4720,11737.383218011018
000d7d20_4721,11737.387323033125
000d7d20_4722,11737.392148749692
000d7d20_4723,11737.392012432376
000d7d20_4724,11737.394175224621
000d7d20_4725,11737.397756973105
000d7d20_4726,11737.405130512718
000d7d20_4727,11737.408927015113
000d7d20_4728,11737.421261879063
000d7d20_4729,11737.418859161975
000d7d20_4730,11737.424887622787
000d7d20_4731,11737.433697319146
000d7d20_4732,11737.422811092212
000d7d20_4733,11737.401376590517
000d7d20_4734,11737.38375167473
000d7d20_4735,11737.369642869528
000d7d20_4736,11737.356780162308
000d7d20_4737,11737.339455975976
000d7d20_4738,11737.333309159865
000d7d20_4739,11737.314752312064
000d7d20_4740,11737.324798614718
000d7d20_4741,11737.32265227352
000d7d20_4742,11737.311817200416
000d7d20_4743,11737.29164210749
000d7d20_4744,11737.29852496117
000d7d20_4745,11737.284943348577
000d7d20_4746,11737.273820627355
000d7d20_4747,11737.267852858064
000d7d20_4748,11737.242773994338
000d7d20_4749,11737.211837788906
000d7d20_4750,11737.204579379482
000d7d20_4751,11737.195569601405
000d7d20_4752,11737.189356427696
000d7d20_4753,11737.180722122961
000d7d20_4754,11737.171405104147
000d7d20_4755,11737.147692670467
000d7d20_4756,11737.133126243329
000d7d20_4757,11737.086663237707
000d7d20_4758,11737.026903432927
000d7d20_4759,11736.992617161248
000d7d20_4760,11736.988087932628
000d7d20_4761,11736.968132671112
000d7d20_4762,11736.951359115226
000d7d20_4763,11736.948159924445
000d7d20_4764,11736.942494891653
000d7d20_4765,11736.9376239738
000d7d20_4766,11736.950949884545
000d7d20_4767,11736.958433963087
000d7d20_4768,11736.9681770996
000d7d20_4769,11736.980726713047
000d7d20_4770,11736.975130189012
000d7d20_4771,11736.968260206238
000d7d20_4772,11736.954695433267
000d7d20_4773,11736.946842040656
000d7d20_4774,11736.937306622565
000d7d20_4775,11736.942805182862
000d7d20_4776,11736.9535769269
000d7d20_4777,11736.954153903447
000d7d20_4778,11736.952365518222
000d7d20_4779,11736.945330841912
000d7d20_4780,11736.936706380313
000d7d20_4781,11736.928049226077
000d7d20_4782,11736.92720707593
000d7d20_4783,11736.927883161097
000d7d20_4784,11736.923002781396
000d7d20_4785,11736.906995844114
000d7d20_4786,11736.883037349558
000d7d20_4787,11736.874384758286
000d7d20_4788,11736.870816282666
000d7d20_4789,11736.879161441442
000d7d20_4790,11736.892908787113
000d7d20_4791,11736.89450733423
000d7d20_4792,11736.907707061357
000d7d20_4793,11736.917844119012
000d7d20_4794,11736.926482614743
000d7d20_4795,11736.928207665678
000d7d20_4796,11736.932618930548
000d7d20_4797,11736.949160285822
000d7d20_4798,11736.969273381257
000d7d20_4799,11736.985762359804
000d7d20_4800,11736.993124505865
000d7d20_4801,11736.996732627344
000d7d20_4802,11737.020643773763
000d7d20_4803,11737.050002333475
000d7d20_4804,11737.079694135882
000d7d20_4805,11737.105646225864
000d7d20_4806,11737.136486364212
000d7d20_4807,11737.152512173354
000d7d20_4808,11737.182492943302
000d7d20_4809,11737.223153662257
000d7d20_4810,11737.258058206093
000d7d20_4811,11737.289280838993
000d7d20_4812,11737.322246817423
000d7d20_4813,11737.352268748687
000d7d20_4814,11737.376616718078
000d7d20_4815,11737.39420871141
000d7d20_4816,11737.413651651816
000d7d20_4817,11737.427990404254
000d7d20_4818,11737.419805162628
000d7d20_4819,11737.409795654734
000d7d20_4820,11737.402125777753
000d7d20_4821,11737.396624988958
000d7d20_4822,11737.413732137755
000d7d20_4823,11737.431417675016
000d7d20_4824,11737.461742421729
000d7d20_4825,11737.520818186462
000d7d20_4826,11737.556679862353
000d7d20_4827,11737.582893218847
000d7d20_4828,11737.597594348292
000d7d20_4829,11737.603096364566
000d7d20_4830,11737.59819526183
000d7d20_4831,11737.58209300266
000d7d20_4832,11737.564931604013
000d7d20_4833,11737.530244363372
000d7d20_4834,11737.476146467618
000d7d20_4835,11737.43677713234
000d7d20_4836,11737.421201082114
000d7d20_4837,11737.40608770043
000d7d20_4838,11737.386631405807
000d7d20_4839,11737.339942245151
000d7d20_4840,11737.300737273717
000d7d20_4841,11737.272679712123
000d7d20_4842,11737.221225505962
000d7d20_4843,11737.176680734461
000d7d20_4844,11737.122137706474
000d7d20_4845,11737.082999643852
000d7d20_4846,11737.053619545139
000d7d20_4847,11737.027763818718
000d7d20_4848,11737.011231333196
000d7d20_4849,11737.001822528293
000d7d20_4850,11737.008743881262
000d7d20_4851,11737.014279218787
000d7d20_4852,11737.01936416737
000d7d20_4853,11736.997427907987
000d7d20_4854,11736.955475954495
000d7d20_4855,11736.900714094505
000d7d20_4856,11736.8558828132
000d7d20_4857,11736.805445604841
000d7d20_4858,11736.76039053929
000d7d20_4859,11736.730335577487
000d7d20_4860,11736.698327412723
000d7d20_4861,11736.686058110505
000d7d20_4862,11736.670246459584
000d7d20_4863,11736.666197821025
000d7d20_4864,11736.672598801268
000d7d20_4865,11736.690699799476
000d7d20_4866,11736.71984894711
000d7d20_4867,11736.734362615005
000d7d20_4868,11736.745351096164
000d7d20_4869,11736.758442524253
000d7d20_4870,11736.769170194684
000d7d20_4871,11736.77716760714
000d7d20_4872,11736.782699758818
000d7d20_4873,11736.78217696389
000d7d20_4874,11736.788576992423
000d7d20_4875,11736.801187726773
000d7d20_4876,11736.808225490779
000d7d20_4877,11736.800262544859
000d7d20_4878,11736.77857777738
000d7d20_4879,11736.77470714985
000d7d20_4880,11736.777047011117
000d7d20_4881,11736.775066951848
000d7d20_4882,11736.771317433999
000d7d20_4883,11736.76011699249
000d7d20_4884,11736.746706871794
000d7d20_4885,11736.7307408118
000d7d20_4886,11736.7145894668
000d7d20_4887,11736.693728958628
000d7d20_4888,11736.668302334449
000d7d20_4889,11736.63185874979
000d7d20_4890,11736.612604789232
000d7d20_4891,11736.588730804891
000d7d20_4892,11736.573442091933
000d7d20_4893,11736.558909778967
000d7d20_4894,11736.555338773025
000d7d20_4895,11736.572889935214
000d7d20_4896,11736.595337855042
000d7d20_4897,11736.612097193183
000d7d20_4898,11736.633955090663
000d7d20_4899,11736.64879032178
000d7d20_4900,11736.66037962492
000d7d20_4901,11736.67374283101
000d7d20_4902,11736.679900102034
000d7d20_4903,11736.67166382471
000d7d20_4904,11736.654743441206
000d7d20_4905,11736.629486100896
000d7d20_4906,11736.599974483825
000d7d20_4907,11736.568475936025
000d7d20_4908,11736.558849548584
000d7d20_4909,11736.563341631132
000d7d20_4910,11736.566184438228
000d7d20_4911,11736.578297046879
000d7d20_4912,11736.59896098686
000d7d20_4913,11736.629306973575
000d7d20_4914,11736.672916038324
000d7d20_4915,11736.708946829709
000d7d20_4916,11736.740776542256
000d7d20_4917,11736.769026565828
000d7d20_4918,11736.783138572919
000d7d20_4919,11736.78743180562
000d7d20_4920,11736.777215534212
000d7d20_4921,11736.756802597933
000d7d20_4922,11736.717914477615
000d7d20_4923,11736.684989607944
000d7d20_4924,11736.647250309348
000d7d20_4925,11736.60835472928
000d7d20_4926,11736.564058038699
000d7d20_4927,11736.52862188305
000d7d20_4928,11736.502353518928
000d7d20_4929,11736.485406282123
000d7d20_4930,11736.476459906145
000d7d20_4931,11736.462845193118
000d7d20_4932,11736.45400587134
000d7d20_4933,11736.447070764705
000d7d20_4934,11736.44285693884
000d7d20_4935,11736.442464190128
000d7d20_4936,11736.437490477025
000d7d20_4937,11736.43168682703
000d7d20_4938,11736.41406485289
000d7d20_4939,11736.39251302694
000d7d20_4940,11736.371995652235
000d7d20_4941,11736.350336015726
000d7d20_4942,11736.332030123913
000d7d20_4943,11736.310803003775
000d7d20_4944,11736.299552919556
000d7d20_4945,11736.293839986864
000d7d20_4946,11736.30228520028
000d7d20_4947,11736.305596221977
000d7d20_4948,11736.318867031327
000d7d20_4949,11736.34106645264
000d7d20_4950,11736.363389555134
000d7d20_4951,11736.380021498775
000d7d20_4952,11736.38919965319
000d7d20_4953,11736.40194046843
000d7d20_4954,11736.40835215178
000d7d20_4955,11736.406154003149
000d7d20_4956,11736.418992821358
000d7d20_4957,11736.438580694827
000d7d20_4958,11736.472677406295
000d7d20_4959,11736.509062205776
000d7d20_4960,11736.554655442294
000d7d20_4961,11736.595601207091
000d7d20_4962,11736.641810915426
000d7d20_4963,11736.67058349528
000d7d20_4964,11736.714651206097
000d7d20_4965,11736.748358769184
000d7d20_4966,11736.77062942193
000d7d20_4967,11736.793389431457
000d7d20_4968,11736.814161653163
000d7d20_4969,11736.82758971133
000d7d20_4970,11736.838776215709
000d7d20_4971,11736.846195680148
000d7d20_4972,11736.875016981909
000d7d20_4973,11736.90196116124
000d7d20_4974,11736.935877242298
000d7d20_4975,11736.973911677229
000d7d20_4976,11736.986196619006
000d7d20_4977,11736.980022470714
000d7d20_4978,11736.982458375034
000d7d20_4979,11736.992581068644
000d7d20_4980,11737.036352349536
000d7d20_4981,11737.058981213893
000d7d20_4982,11737.100230500815
000d7d20_4983,11737.146147660278
000d7d20_4984,11737.187479851318
000d7d20_4985,11737.231539596205
000d7d20_4986,11737.27545388262
000d7d20_4987,11737.312892306367
000d7d20_4988,11737.348378609757
000d7d20_4989,11737.379127518834
000d7d20_4990,11737.402957699976
000d7d20_4991,11737.420067319616
000d7d20_4992,11737.406320693368
000d7d20_4993,11737.381134347006
000d7d20_4994,11737.372048839496
000d7d20_4995,11737.384876318669
000d7d20_4996,11737.408088771408
000d7d20_4997,11737.426006236181
000d7d20_4998,11737.462220270196
000d7d20_4999,11737.494732579122
000d7d20_5000,11737.557839820667
000d7d20_5001,11737.625664545307
000d7d20_5002,11737.688114986635
000d7d20_5003,11737.75191400702
000d7d20_5004,11737.81001556427
000d7d20_5005,11737.856674775976
000d7d20_5006,11737.89749440451
000d7d20_5007,11737.918208706033
000d7d20_5008,11737.912957747332
000d7d20_5009,11737.891608557387
000d7d20_5010,11737.857217968536
000d7d20_5011,11737.820849107691
000d7d20_5012,11737.771940497536
000d7d20_5013,11737.729930898737
000d7d20_5014,11737.670790373497
000d7d20_5015,11737.612725659706
000d7d20_5016,11737.576228754317
000d7d20_5017,11737.533637870603
000d7d20_5018,11737.498038989843
000d7d20_5019,11737.478870700932
000d7d20_5020,11737.453956077488
000d7d20_5021,11737.438014890313
000d7d20_5022,11737.4421412261
000d7d20_5023,11737.433718202408
000d7d20_5024,11737.424373996535
000d7d20_5025,11737.421770657536
000d7d20_5026,11737.413509557868
000d7d20_5027,11737.41458902195
000d7d20_5028,11737.408827881858
000d7d20_5029,11737.404853626846
000d7d20_5030,11737.398397649464
000d7d20_5031,11737.395687884948
000d7d20_5032,11737.410546859055
000d7d20_5033,11737.433538954247
000d7d20_5034,11737.456079276797
000d7d20_5035,11737.48649205415
000d7d20_5036,11737.512032669369
000d7d20_5037,11737.518213314708
000d7d20_5038,11737.542246276695
000d7d20_5039,11737.567588571948
000d7d20_5040,11737.594937486185
000d7d20_5041,11737.628971146632
000d7d20_5042,11737.67624426253
000d7d20_5043,11737.741059080405
000d7d20_5044,11737.80274098985
000d7d20_5045,11737.86958513466
000d7d20_5046,11737.933971525961
000d7d20_5047,11737.995473375138
000d7d20_5048,11738.071564678192
000d7d20_5049,11738.12620694633
000d7d20_5050,11738.173585886736
000d7d20_5051,11738.22203101282
000d7d20_5052,11738.248093599408
000d7d20_5053,11738.262549130674
000d7d20_5054,11738.281266113749
000d7d20_5055,11738.287686306367
000d7d20_5056,11738.282550550573
000d7d20_5057,11738.277860865548
000d7d20_5058,11738.28164228611
000d7d20_5059,11738.286149425263
000d7d20_5060,11738.281933982067
000d7d20_5061,11738.28045031517
000d7d20_5062,11738.260117493237
000d7d20_5063,11738.237762993656
000d7d20_5064,11738.221323125932
000d7d20_5065,11738.192331087439
000d7d20_5066,11738.175894543574
000d7d20_5067,11738.167032789295
000d7d20_5068,11738.15388800644
000d7d20_5069,11738.151848170932
000d7d20_5070,11738.142461610269
000d7d20_5071,11738.137327846498
000d7d20_5072,11738.135007723014
000d7d20_5073,11738.115980469274
000d7d20_5074,11738.095811444742
000d7d20_5075,11738.075588648473
000d7d20_5076,11738.057087153928
000d7d20_5077,11738.036893104001
000d7d20_5078,11738.001063517107
000d7d20_5079,11737.96362659985
000d7d20_5080,11737.936035803827
000d7d20_5081,11737.912982955695
000d7d20_5082,11737.904334971912
000d7d20_5083,11737.904543871226
000d7d20_5084,11737.878895559763
000d7d20_5085,11737.88195321533
000d7d20_5086,11737.87933030931
000d7d20_5087,11737.879653594055
000d7d20_5088,11737.87987612393
000d7d20_5089,11737.871099956774
000d7d20_5090,11737.885452235621
000d7d20_5091,11737.900098409322
000d7d20_5092,11737.935744117622
000d7d20_5093,11737.984171049262
000d7d20_5094,11738.049789516412
000d7d20_5095,11738.115437951968
000d7d20_5096,11738.195750803745
000d7d20_5097,11738.263172123909
000d7d20_5098,11738.313663568555
000d7d20_5099,11738.332620806123
000d7d20_5100,11738.318141550437
000d7d20_5101,11738.307537609231
000d7d20_5102,11738.272048485233
000d7d20_5103,11738.242781035298
000d7d20_5104,11738.200527042314
000d7d20_5105,11738.164798498889
000d7d20_5106,11738.145992539476
000d7d20_5107,11738.1318117958
000d7d20_5108,11738.142744974912
000d7d20_5109,11738.168771369803
000d7d20_5110,11738.205808377614
000d7d20_5111,11738.2306381346
000d7d20_5112,11738.251011336315
000d7d20_5113,11738.250434888221
000d7d20_5114,11738.247010673664
000d7d20_5115,11738.243828658706
000d7d20_5116,11738.254251199567
000d7d20_5117,11738.260884718566
000d7d20_5118,11738.273778288534
000d7d20_5119,11738.277946996099
000d7d20_5120,11738.298320242064
000d7d20_5121,11738.319286466514
000d7d20_5122,11738.34074160288
000d7d20_5123,11738.371078252345
000d7d20_5124,11738.39681135498
000d7d20_5125,11738.407061676095
000d7d20_5126,11738.405518770713
000d7d20_5127,11738.423410632657
000d7d20_5128,11738.413318429768
000d7d20_5129,11738.384825880546
000d7d20_5130,11738.35113368576
000d7d20_5131,11738.306803797946
000d7d20_5132,11738.262513908094
000d7d20_5133,11738.220815330185
000d7d20_5134,11738.171774954351
000d7d20_5135,11738.130078591215
000d7d20_5136,11738.105181727396
000d7d20_5137,11738.086047981107
000d7d20_5138,11738.081905206793
000d7d20_5139,11738.102672841098
000d7d20_5140,11738.127386328493
000d7d20_5141,11738.156216269152
000d7d20_5142,11738.209503061618
000d7d20_5143,11738.271518830637
000d7d20_5144,11738.294057481884
000d7d20_5145,11738.312180917483
000d7d20_5146,11738.32435452168
000d7d20_5147,11738.328930843218
000d7d20_5148,11738.33623096852
000d7d20_5149,11738.35169926184
000d7d20_5150,11738.344882717563
000d7d20_5151,11738.344230054807
000d7d20_5152,11738.343155419569
000d7d20_5153,11738.35084318709
000d7d20_5154,11738.350762740429
000d7d20_5155,11738.356768718322
000d7d20_5156,11738.35681480249
000d7d20_5157,11738.355556893634
000d7d20_5158,11738.346242930946
000d7d20_5159,11738.32743195278
000d7d20_5160,11738.32304517015
000d7d20_5161,11738.316713193362
000d7d20_5162,11738.316527301267
000d7d20_5163,11738.314082842495
000d7d20_5164,11738.304384190187
000d7d20_5165,11738.292639832993
000d7d20_5166,11738.277158471874
000d7d20_5167,11738.26936911932
000d7d20_5168,11738.256855073336
000d7d20_5169,11738.253323826353
000d7d20_5170,11738.246719705128
000d7d20_5171,11738.242795209933
000d7d20_5172,11738.240378903458
000d7d20_5173,11738.248203211102
000d7d20_5174,11738.255069495399
000d7d20_5175,11738.269683404922
000d7d20_5176,11738.293971361541
000d7d20_5177,11738.30947460656
000d7d20_5178,11738.337355849553
000d7d20_5179,11738.354904657073
000d7d20_5180,11738.355154386873
000d7d20_5181,11738.347685230985
000d7d20_5182,11738.347619981067
000d7d20_5183,11738.353277474187
000d7d20_5184,11738.34940569708
000d7d20_5185,11738.356069659269
000d7d20_5186,11738.36517568632
000d7d20_5187,11738.365598868755
000d7d20_5188,11738.366469900613
000d7d20_5189,11738.36610699901
000d7d20_5190,11738.366614599536
000d7d20_5191,11738.366504602247
000d7d20_5192,11738.36599200409
000d7d20_5193,11738.369411682852
000d7d20_5194,11738.379683537978
000d7d20_5195,11738.380853257007
000d7d20_5196,11738.375342752266
000d7d20_5197,11738.373229193234
000d7d20_5198,11738.38161743426
000d7d20_5199,11738.389104226666
000d7d20_5200,11738.392100073828
000d7d20_5201,11738.395827302225
000d7d20_5202,11738.401925958238
000d7d20_5203,11738.39544281742
000d7d20_5204,11738.38444830416
000d7d20_5205,11738.368666304257
000d7d20_5206,11738.366974061742
000d7d20_5207,11738.359814435238
000d7d20_5208,11738.346893504075
000d7d20_5209,11738.331801159888
000d7d20_5210,11738.316973442335
000d7d20_5211,11738.298663997932
000d7d20_5212,11738.282868215225
000d7d20_5213,11738.267156025262
000d7d20_5214,11738.253614443216
000d7d20_5215,11738.239815381863
000d7d20_5216,11738.231641576835
000d7d20_5217,11738.224320540423
000d7d20_5218,11738.225756558186
000d7d20_5219,11738.22380735771
000d7d20_5220,11738.22555721663
000d7d20_5221,11738.225601544713
000d7d20_5222,11738.236695556981
000d7d20_5223,11738.229770899505
000d7d20_5224,11738.224010039978
000d7d20_5225,11738.211487269233
000d7d20_5226,11738.193922985572
000d7d20_5227,11738.179155224505
000d7d20_5228,11738.161663961675
000d7d20_5229,11738.137344935943
000d7d20_5230,11738.115161086738
000d7d20_5231,11738.096627381634
000d7d20_5232,11738.087530790583
000d7d20_5233,11738.075364684975
000d7d20_5234,11738.06033832701
000d7d20_5235,11738.043805580584
000d7d20_5236,11738.03541790197
000d7d20_5237,11738.028815085594
000d7d20_5238,11738.028068022339
000d7d20_5239,11738.025791507382
000d7d20_5240,11738.033811564655
000d7d20_5241,11738.039175452206
000d7d20_5242,11738.047481424739
000d7d20_5243,11738.063041521349
000d7d20_5244,11738.064917228745
000d7d20_5245,11738.067395799624
000d7d20_5246,11738.075023053229
000d7d20_5247,11738.081889214916
000d7d20_5248,11738.089539563727
000d7d20_5249,11738.082551788251
000d7d20_5250,11738.074998409233
000d7d20_5251,11738.068120272028
000d7d20_5252,11738.06668858658
000d7d20_5253,11738.060424856092
000d7d20_5254,11738.054048474312
000d7d20_5255,11738.048630370067
000d7d20_5256,11738.042318168396
000d7d20_5257,11738.040578977185
000d7d20_5258,11738.045256854104
000d7d20_5259,11738.051738668377
000d7d20_5260,11738.057657674579
000d7d20_5261,11738.06818282031
000d7d20_5262,11738.076528291209
000d7d20_5263,11738.072312522532
000d7d20_5264,11738.071694357335
000d7d20_5265,11738.076261838683
000d7d20_5266,11738.081071334396
000d7d20_5267,11738.08944758651
000d7d20_5268,11738.10749980203
000d7d20_5269,11738.12466441313
000d7d20_5270,11738.144946615173
000d7d20_5271,11738.166026177196
000d7d20_5272,11738.18706156878
000d7d20_5273,11738.207211259505
000d7d20_5274,11738.225633718954
000d7d20_5275,11738.241487416703
000d7d20_5276,11738.253930822333
000d7d20_5277,11738.262122405427
00bbac68_1545,12223.541820281927
00bbac68_1546,12223.538918189055
00bbac68_1547,12223.537133904923
00bbac68_1548,12223.536386095593
00bbac68_1549,12223.536593427123
00bbac68_1550,12223.537674565576
00bbac68_1551,12223.53954817701
00bbac68_1552,12223.542132927489
00bbac68_1553,12223.545347483067
00bbac68_1554,12223.549841348693
00bbac68_1555,12223.554536147363
00bbac68_1556,12223.559477620442
00bbac68_1557,12223.562707596331
00bbac68_1558,12223.566320708353
00bbac68_1559,12223.568591964935
00bbac68_1560,12223.573565850393
00bbac68_1561,12223.57808377331
00bbac68_1562,12223.581361013868
00bbac68_1563,12223.583085287799
00bbac68_1564,12223.584465740892
00bbac68_1565,12223.584370514754
00bbac68_1566,12223.584037290844
00bbac68_1567,12223.58235975335
00bbac68_1568,12223.584741206158
00bbac68_1569,12223.589178963353
00bbac68_1570,12223.590491884746
00bbac68_1571,12223.590954250876
00bbac68_1572,12223.591964076186
00bbac68_1573,12223.591378104811
00bbac68_1574,12223.593003114283
00bbac68_1575,12223.592368269985
00bbac68_1576,12223.596878944352
00bbac68_1577,12223.604061547776
00bbac68_1578,12223.611375718938
00bbac68_1579,12223.618418739905
00bbac68_1580,12223.626493822798
00bbac68_1581,12223.633295821415
00bbac68_1582,12223.639829748729
00bbac68_1583,12223.644668917592
00bbac68_1584,12223.645153837926
00bbac68_1585,12223.64250537453
00bbac68_1586,12223.637457832083
00bbac68_1587,12223.626265223353
00bbac68_1588,12223.61951229226
00bbac68_1589,12223.615726351782
00bbac68_1590,12223.614095648807
00bbac68_1591,12223.614755284883
00bbac68_1592,12223.621762907362
00bbac68_1593,12223.634088185385
00bbac68_1594,12223.648784010547
00bbac68_1595,12223.668566847477
00bbac68_1596,12223.687875054873
00bbac68_1597,12223.712288982118
00bbac68_1598,12223.741247752172
00bbac68_1599,12223.766512233913
00bbac68_1600,12223.78809828235
00bbac68_1601,12223.81057148734
00bbac68_1602,12223.835729538574
00bbac68_1603,12223.859006641587
00bbac68_1604,12223.88762444186
00bbac68_1605,12223.916122124972
00bbac68_1606,12223.938180217581
00bbac68_1607,12223.956146665012
00bbac68_1608,12223.964621296138
00bbac68_1609,12223.966797489136
00bbac68_1610,12223.968607048346
00bbac68_1611,12223.965973718447
00bbac68_1612,12223.954594348508
00bbac68_1613,12223.946038965647
00bbac68_1614,12223.940918603847
00bbac68_1615,12223.929401380703
00bbac68_1616,12223.9187381047
00bbac68_1617,12223.91032362371
00bbac68_1618,12223.90706522538
00bbac68_1619,12223.904892316537
00bbac68_1620,12223.895423476713
00bbac68_1621,12223.890893562286
00bbac68_1622,12223.890033695705
00bbac68_1623,12223.903991833533
00bbac68_1624,12223.919373032799
00bbac68_1625,12223.938482388998
00bbac68_1626,12223.979461727304
00bbac68_1627,12224.020532474768
00bbac68_1628,12224.063343700798
00bbac68_1629,12224.107863942681
00bbac68_1630,12224.150259877342
00bbac68_1631,12224.190451584876
00bbac68_1632,12224.223528659864
00bbac68_1633,12224.250446089742
00bbac68_1634,12224.266513085273
00bbac68_1635,12224.27901768497
00bbac68_1636,12224.286723205863
00bbac68_1637,12224.312211136066
00bbac68_1638,12224.326061925804
00bbac68_1639,12224.342500018045
00bbac68_1640,12224.368251194359
00bbac68_1641,12224.409667417074
00bbac68_1642,12224.46993929924
00bbac68_1643,12224.52778957296
00bbac68_1644,12224.580283576506
00bbac68_1645,12224.619103380432
00bbac68_1646,12224.640744729577
00bbac68_1647,12224.673197200726
00bbac68_1648,12224.708383307161
00bbac68_1649,12224.735568871189
00bbac68_1650,12224.761927774021
00bbac68_1651,12224.794360408767
00bbac68_1652,12224.826245682516
00bbac68_1653,12224.848382483848
00bbac68_1654,12224.849446646953
00bbac68_1655,12224.85889982493
00bbac68_1656,12224.884322050464
00bbac68_1657,12224.914196324204
00bbac68_1658,12224.940324423691
00bbac68_1659,12224.963480756902
00bbac68_1660,12224.97924748776
00bbac68_1661,12224.988175327197
00bbac68_1662,12224.997444985438
00bbac68_1663,12225.024537415113
00bbac68_1664,12225.050067396236
00bbac68_1665,12225.071548661128
00bbac68_1666,12225.102436015124
00bbac68_1667,12225.137259064111
00bbac68_1668,12225.167552079125
00bbac68_1669,12225.179474487679
00bbac68_1670,12225.19817325456
00bbac68_1671,12225.218361126586
00bbac68_1672,12225.249761764846
00bbac68_1673,12225.284229441906
00bbac68_1674,12225.308095762355
00bbac68_1675,12225.334763589031
00bbac68_1676,12225.356113135322
00bbac68_1677,12225.364833673613
00bbac68_1678,12225.369287796946
00bbac68_1679,12225.365052069388
00bbac68_1680,12225.351781185096
00bbac68_1681,12225.341226505298
00bbac68_1682,12225.337012827256
00bbac68_1683,12225.327488769648
00bbac68_1684,12225.31208562502
00bbac68_1685,12225.293216128124
00bbac68_1686,12225.296669151172
00bbac68_1687,12225.314876733168
00bbac68_1688,12225.351046328104
00bbac68_1689,12225.388527359924
00bbac68_1690,12225.427883525464
00bbac68_1691,12225.47623588652
00bbac68_1692,12225.515666313924
00bbac68_1693,12225.55039735754
00bbac68_1694,12225.580143026717
00bbac68_1695,12225.59880779202
00bbac68_1696,12225.610325011527
00bbac68_1697,12225.636850139013
00bbac68_1698,12225.66831423221
00bbac68_1699,12225.693428329509
00bbac68_1700,12225.716486715395
00bbac68_1701,12225.73230495657
00bbac68_1702,12225.783900846829
00bbac68_1703,12225.853761688157
00bbac68_1704,12225.936240849689
00bbac68_1705,12226.035582270772
00bbac68_1706,12226.141034280308
00bbac68_1707,12226.247610970919
00bbac68_1708,12226.347250571376
00bbac68_1709,12226.439337351801
00bbac68_1710,12226.522594884147
00bbac68_1711,12226.593310331407
00bbac68_1712,12226.659111162788
00bbac68_1713,12226.723046207517
00bbac68_1714,12226.762619113502
00bbac68_1715,12226.786799611575
00bbac68_1716,12226.794365362066
00bbac68_1717,12226.79034685577
00bbac68_1718,12226.80156398807
00bbac68_1719,12226.804286756225
00bbac68_1720,12226.811515214004
00bbac68_1721,12226.821126887564
00bbac68_1722,12226.816302540079
00bbac68_1723,12226.812385693034
00bbac68_1724,12226.807276169431
00bbac68_1725,12226.800364070665
00bbac68_1726,12226.800987751947
00bbac68_1727,12226.80539581582
00bbac68_1728,12226.818308247914
00bbac68_1729,12226.835734888013
00bbac68_1730,12226.839629759641
00bbac68_1731,12226.856739379822
00bbac68_1732,12226.8906743755
00bbac68_1733,12226.954096483547
00bbac68_1734,12226.994059081937
00bbac68_1735,12227.009834982417
00bbac68_1736,12227.012599758347
00bbac68_1737,12227.001460015972
00bbac68_1738,12226.976471844584
00bbac68_1739,12226.948852448946
00bbac68_1740,12226.910378521292
00bbac68_1741,12226.873274406782
00bbac68_1742,12226.838462810418
00bbac68_1743,12226.805703286132
00bbac68_1744,12226.773555883532
00bbac68_1745,12226.742293562973
00bbac68_1746,12226.703263166191
00bbac68_1747,12226.69087685921
00bbac68_1748,12226.704003973025
00bbac68_1749,12226.745595329878
00bbac68_1750,12226.760480960369
00bbac68_1751,12226.78279632517
00bbac68_1752,12226.826762953213
00bbac68_1753,12226.894314307669
00bbac68_1754,12226.944866835642
00bbac68_1755,12226.992925211756
00bbac68_1756,12227.032263026582
00bbac68_1757,12227.078173838525
00bbac68_1758,12227.11476797993
00bbac68_1759,12227.131960549408
00bbac68_1760,12227.12878793031
00bbac68_1761,12227.128873528573
00bbac68_1762,12227.118829928142
00bbac68_1763,12227.123873202045
00bbac68_1764,12227.127393009312
00bbac68_1765,12227.13513418678
00bbac68_1766,12227.143821162563
00bbac68_1767,12227.15421979095
00bbac68_1768,12227.170369675514
00bbac68_1769,12227.186814844179
00bbac68_1770,12227.174966877967
00bbac68_1771,12227.172978730825
00bbac68_1772,12227.167142278022
00bbac68_1773,12227.167643861805
00bbac68_1774,12227.163098568342
00bbac68_1775,12227.155701746682
00bbac68_1776,12227.158033373094
00bbac68_1777,12227.189642463036
00bbac68_1778,12227.221851572447
00bbac68_1779,12227.263764016243
00bbac68_1780,12227.287933293963
00bbac68_1781,12227.307070130235
00bbac68_1782,12227.333911318874
00bbac68_1783,12227.35940688414
00bbac68_1784,12227.38927357998
00bbac68_1785,12227.415860630834
00bbac68_1786,12227.438068811745
00bbac68_1787,12227.458288609057
00bbac68_1788,12227.470534982504
00bbac68_1789,12227.4770795504
00bbac68_1790,12227.478500865926
00bbac68_1791,12227.477469341564
00bbac68_1792,12227.470046405426
00bbac68_1793,12227.468028947167
00bbac68_1794,12227.46109999567
00bbac68_1795,12227.455799268513
00bbac68_1796,12227.449028694138
00bbac68_1797,12227.43867603743
00bbac68_1798,12227.442410107162
00bbac68_1799,12227.44735102112
00bbac68_1800,12227.458416717585
00bbac68_1801,12227.471206883347
00bbac68_1802,12227.484657410276
00bbac68_1803,12227.498104696559
00bbac68_1804,12227.506536910982
00bbac68_1805,12227.505881809468
00bbac68_1806,12227.497747950285
00bbac68_1807,12227.49416403926
00bbac68_1808,12227.48169382801
00bbac68_1809,12227.4773636818
00bbac68_1810,12227.464888563247
00bbac68_1811,12227.443282765085
00bbac68_1812,12227.426946269019
00bbac68_1813,12227.418891913014
00bbac68_1814,12227.420750418112
00bbac68_1815,12227.426761086386
00bbac68_1816,12227.442671413388
00bbac68_1817,12227.468529684202
00bbac68_1818,12227.495192095424
00bbac68_1819,12227.528442338
00bbac68_1820,12227.552166984504
00bbac68_1821,12227.577851084789
00bbac68_1822,12227.59814617291
00bbac68_1823,12227.626427420779
00bbac68_1824,12227.64068159768
00bbac68_1825,12227.649303312832
00bbac68_1826,12227.643832614911
00bbac68_1827,12227.631052701476
00bbac68_1828,12227.626086708813
00bbac68_1829,12227.625489969978
00bbac68_1830,12227.623047699604
00bbac68_1831,12227.626015209753
00bbac68_1832,12227.637056502976
00bbac68_1833,12227.646432078884
00bbac68_1834,12227.650498314057
00bbac68_1835,12227.654391573626
00bbac68_1836,12227.658095773917
00bbac68_1837,12227.671406896168
00bbac68_1838,12227.677285223359
00bbac68_1839,12227.685664535937
00bbac68_1840,12227.684929307541
00bbac68_1841,12227.685485189644
00bbac68_1842,12227.687051726489
00bbac68_1843,12227.67895186986
00bbac68_1844,12227.677768598483
00bbac68_1845,12227.682802617353
00bbac68_1846,12227.68653740723
00bbac68_1847,12227.683421773076
00bbac68_1848,12227.681115737048
00bbac68_1849,12227.666313610274
00bbac68_1850,12227.661954048137
00bbac68_1851,12227.663731969724
00bbac68_1852,12227.67796546316
00bbac68_1853,12227.687496372653
00bbac68_1854,12227.693475120886
00bbac68_1855,12227.70366165033
00bbac68_1856,12227.709694018818
00bbac68_1857,12227.7234806037
00bbac68_1858,12227.718135517742
00bbac68_1859,12227.719824669459
00bbac68_1860,12227.724964869896
00bbac68_1861,12227.727465005315
00bbac68_1862,12227.723035191942
00bbac68_1863,12227.722130192102
00bbac68_1864,12227.726387962459
00bbac68_1865,12227.73086122257
00bbac68_1866,12227.733265827686
00bbac68_1867,12227.73080128069
00bbac68_1868,12227.73965582715
00bbac68_1869,12227.743941175397
00bbac68_1870,12227.756746477815
00bbac68_1871,12227.77331977357
00bbac68_1872,12227.790558152821
00bbac68_1873,12227.802733468325
00bbac68_1874,12227.806026952268
00bbac68_1875,12227.824926300533
00bbac68_1876,12227.837748552758
00bbac68_1877,12227.859537569391
00bbac68_1878,12227.887539092157
00bbac68_1879,12227.922894554198
00bbac68_1880,12227.961128758643
00bbac68_1881,12227.991660190486
00bbac68_1882,12228.013106784574
00bbac68_1883,12228.040210673365
00bbac68_1884,12228.066096380486
00bbac68_1885,12228.098113939346
00bbac68_1886,12228.135055435876
00bbac68_1887,12228.156481528782
00bbac68_1888,12228.166648857961
00bbac68_1889,12228.161442435736
00bbac68_1890,12228.154040795804
00bbac68_1891,12228.14142571699
00bbac68_1892,12228.123516788515
00bbac68_1893,12228.108437395871
00bbac68_1894,12228.090144968714
00bbac68_1895,12228.075197500559
00bbac68_1896,12228.068625304642
00bbac68_1897,12228.062154815916
00bbac68_1898,12228.05710849969
00bbac68_1899,12228.052137694465
00bbac68_1900,12228.051699282245
00bbac68_1901,12228.0632653581
00bbac68_1902,12228.068512149734
00bbac68_1903,12228.073442605024
00bbac68_1904,12228.084459014504
00bbac68_1905,12228.090653455745
00bbac68_1906,12228.068460401959
00bbac68_1907,12228.054455257135
00bbac68_1908,12228.031946101377
00bbac68_1909,12228.004954859212
00bbac68_1910,12227.967184301948
00bbac68_1911,12227.93647124687
00bbac68_1912,12227.899953312733
00bbac68_1913,12227.868617155415
00bbac68_1914,12227.846528814993
00bbac68_1915,12227.823083528529
00bbac68_1916,12227.807023279298
00bbac68_1917,12227.787582987752
00bbac68_1918,12227.78298983872
00bbac68_1919,12227.79339054452
00bbac68_1920,12227.801834761767
00bbac68_1921,12227.79927038208
00bbac68_1922,12227.78087335324
00bbac68_1923,12227.790414109939
00bbac68_1924,12227.780324831403
00bbac68_1925,12227.76935456655
00bbac68_1926,12227.75805126031
00bbac68_1927,12227.750793287003
00bbac68_1928,12227.736340854392
00bbac68_1929,12227.7362820619
00bbac68_1930,12227.744058122675
00bbac68_1931,12227.745355286936
00bbac68_1932,12227.744705246374
00bbac68_1933,12227.756073413773
00bbac68_1934,12227.771379041324
00bbac68_1935,12227.788719929193
00bbac68_1936,12227.810262019711
00bbac68_1937,12227.837518596958
00bbac68_1938,12227.860554599043
00bbac68_1939,12227.889314819979
00bbac68_1940,12227.905517970044
00bbac68_1941,12227.93258535829
00bbac68_1942,12227.955997106774
00bbac68_1943,12227.977045399864
00bbac68_1944,12227.989270707432
00bbac68_1945,12228.005197381945
00bbac68_1946,12228.009667740493
00bbac68_1947,12227.996321106928
00bbac68_1948,12228.002511787374
00bbac68_1949,12228.012485040103
00bbac68_1950,12228.023031038108
00bbac68_1951,12228.051216724023
00bbac68_1952,12228.081245666828
00bbac68_1953,12228.10265107159
00bbac68_1954,12228.124584132001
00bbac68_1955,12228.159375691197
00bbac68_1956,12228.189590054659
00bbac68_1957,12228.220767864002
00bbac68_1958,12228.234927543215
00bbac68_1959,12228.252113650477
00bbac68_1960,12228.25076829531
00bbac68_1961,12228.240343994821
00bbac68_1962,12228.196309886647
00bbac68_1963,12228.168709163716
00bbac68_1964,12228.170773768896
00bbac68_1965,12228.169194814358
00bbac68_1966,12228.188542333623
00bbac68_1967,12228.221158865372
00bbac68_1968,12228.247852348954
00bbac68_1969,12228.275139274214
00bbac68_1970,12228.316872637279
00bbac68_1971,12228.358491263542
00bbac68_1972,12228.38915053014
00bbac68_1973,12228.414236853832
00bbac68_1974,12228.427208662879
00bbac68_1975,12228.447418850124
00bbac68_1976,12228.44860660274
00bbac68_1977,12228.44078227704
00bbac68_1978,12228.421095550713
00bbac68_1979,12228.43320836312
00bbac68_1980,12228.442107612307
00bbac68_1981,12228.449186224176
00bbac68_1982,12228.453674540064
00bbac68_1983,12228.464499632599
00bbac68_1984,12228.471523442446
00bbac68_1985,12228.477010357252
00bbac68_1986,12228.482578402023
00bbac68_1987,12228.484167712946
00bbac68_1988,12228.476735923183
00bbac68_1989,12228.475810424428
00bbac68_1990,12228.473816824831
00bbac68_1991,12228.476201203819
00bbac68_1992,12228.474368557292
00bbac68_1993,12228.474228257925
00bbac68_1994,12228.479911382517
00bbac68_1995,12228.4907768929
00bbac68_1996,12228.494475779047
00bbac68_1997,12228.495672626172
00bbac68_1998,12228.497267211045
00bbac68_1999,12228.504259734576
00bbac68_2000,12228.510492855567
00bbac68_2001,12228.520119981316
00bbac68_2002,12228.528477069805
00bbac68_2003,12228.527688090502
00bbac68_2004,12228.527954829115
00bbac68_2005,12228.526309015788
00bbac68_2006,12228.518627545764
00bbac68_2007,12228.511544611512
00bbac68_2008,12228.507694266356
00bbac68_2009,12228.506316136174
00bbac68_2010,12228.514225959738
00bbac68_2011,12228.528412266007
00bbac68_2012,12228.531420971904
00bbac68_2013,12228.526946919228
00bbac68_2014,12228.511451712351
00bbac68_2015,12228.486382495386
00bbac68_2016,12228.441551855498
00bbac68_2017,12228.389325511296
00bbac68_2018,12228.353001594935
00bbac68_2019,12228.311579808847
00bbac68_2020,12228.281594519489
00bbac68_2021,12228.257234894045
00bbac68_2022,12228.255053678376
00bbac68_2023,12228.272110353306
00bbac68_2024,12228.300359250947
00bbac68_2025,12228.340152943274
00bbac68_2026,12228.394945409533
00bbac68_2027,12228.457763748893
00bbac68_2028,12228.503406789032
00bbac68_2029,12228.53831016996
00bbac68_2030,12228.56028820923
00bbac68_2031,12228.572732286442
00bbac68_2032,12228.56898644711
00bbac68_2033,12228.566103564444
00bbac68_2034,12228.56827486353
00bbac68_2035,12228.552693311816
00bbac68_2036,12228.5433910739
00bbac68_2037,12228.540405293725
00bbac68_2038,12228.542878145145
00bbac68_2039,12228.54195121818
00bbac68_2040,12228.540086518944
00bbac68_2041,12228.53835758796
00bbac68_2042,12228.547143102083
00bbac68_2043,12228.556110810861
00bbac68_2044,12228.566656908832
00bbac68_2045,12228.57712010869
00bbac68_2046,12228.595283199782
00bbac68_2047,12228.614271677903
00bbac68_2048,12228.627839347231
00bbac68_2049,12228.632447537579
00bbac68_2050,12228.628446957891
00bbac68_2051,12228.626145939494
00bbac68_2052,12228.629179297104
00bbac68_2053,12228.632587200433
00bbac68_2054,12228.639605705204
00bbac68_2055,12228.636469212886
00bbac68_2056,12228.630213861301
00bbac68_2057,12228.614499091616
00bbac68_2058,12228.60790945521
00bbac68_2059,12228.59588074885
00bbac68_2060,12228.59962456918
00bbac68_2061,12228.60128101293
00bbac68_2062,12228.599134263692
00bbac68_2063,12228.580829176271
00bbac68_2064,12228.558779316085
00bbac68_2065,12228.540560705931
00bbac68_2066,12228.520971302707
00bbac68_2067,12228.514793169743
00bbac68_2068,12228.507607046247
00bbac68_2069,12228.486064237044
00bbac68_2070,12228.462057353177
00bbac68_2071,12228.427840181896
00bbac68_2072,12228.391132299725
00bbac68_2073,12228.358268959884
00bbac68_2074,12228.34509938753
00bbac68_2075,12228.327576628459
00bbac68_2076,12228.31761002209
00bbac68_2077,12228.306258114753
00bbac68_2078,12228.295303102956
00bbac68_2079,12228.292174278537
00bbac68_2080,12228.292410230159
00bbac68_2081,12228.304864306525
00bbac68_2082,12228.316862456184
00bbac68_2083,12228.330768287855
00bbac68_2084,12228.329607399639
00bbac68_2085,12228.29891859605
00bbac68_2086,12228.280350783274
00bbac68_2087,12228.277237014134
00bbac68_2088,12228.284055441061
00bbac68_2089,12228.308709778506
00bbac68_2090,12228.338752167587
00bbac68_2091,12228.370831611948
00bbac68_2092,12228.40708560072
00bbac68_2093,12228.454666843589
00bbac68_2094,12228.501462910252
00bbac68_2095,12228.550937126565
00bbac68_2096,12228.582351349905
00bbac68_2097,12228.616856407269
00bbac68_2098,12228.63844435594
00bbac68_2099,12228.64924629272
00bbac68_2100,12228.638509247074
00bbac68_2101,12228.61434699131
00bbac68_2102,12228.611532897514
00bbac68_2103,12228.609020174565
00bbac68_2104,12228.609296532173
00bbac68_2105,12228.611346416608
00bbac68_2106,12228.614151490525
00bbac68_2107,12228.622167964228
00bbac68_2108,12228.621806885601
00bbac68_2109,12228.627439396121
00bbac68_2110,12228.629887162157
00bbac68_2111,12228.638537460582
00bbac68_2112,12228.640585491423
00bbac68_2113,12228.648756187322
00bbac68_2114,12228.656994540035
00bbac68_2115,12228.665429628896
00bbac68_2116,12228.665574957255
00bbac68_2117,12228.672527733563
00bbac68_2118,12228.67476716761
00bbac68_2119,12228.67328642858
00bbac68_2120,12228.676757732035
00bbac68_2121,12228.66774903921
00bbac68_2122,12228.666830392574
00bbac68_2123,12228.661615524119
00bbac68_2124,12228.65012246731
00bbac68_2125,12228.645508195024
00bbac68_2126,12228.637746574423
00bbac68_2127,12228.635808006069
00bbac68_2128,12228.627247638226
00bbac68_2129,12228.626355347003
00bbac68_2130,12228.627365234
00bbac68_2131,12228.628531639419
00bbac68_2132,12228.633010030484
00bbac68_2133,12228.63555733242
00bbac68_2134,12228.635419902257
00bbac68_2135,12228.637476055748
00bbac68_2136,12228.63978974553
00bbac68_2137,12228.63345168751
00bbac68_2138,12228.63607667218
00bbac68_2139,12228.637290971057
00bbac68_2140,12228.641576481128
00bbac68_2141,12228.655360196597
00bbac68_2142,12228.664352899576
00bbac68_2143,12228.67492171193
00bbac68_2144,12228.682187365139
00bbac68_2145,12228.691522634992
00bbac68_2146,12228.694729740455
00bbac68_2147,12228.697421639852
00bbac68_2148,12228.700268133141
00bbac68_2149,12228.699388781677
00bbac68_2150,12228.700886387
00bbac68_2151,12228.701873559161
00bbac68_2152,12228.702107730951
00bbac68_2153,12228.7014352345
00bbac68_2154,12228.703764512895
00bbac68_2155,12228.708360652057
00bbac68_2156,12228.722016003545
00bbac68_2157,12228.739451974425
00bbac68_2158,12228.750165187623
00bbac68_2159,12228.758427045223
00bbac68_2160,12228.767020588994
00bbac68_2161,12228.772381865409
00bbac68_2162,12228.770399390534
00bbac68_2163,12228.764235370269
00bbac68_2164,12228.763618118763
00bbac68_2165,12228.76596487286
00bbac68_2166,12228.772361337169
00bbac68_2167,12228.786446194885
00bbac68_2168,12228.80164651448
00bbac68_2169,12228.814886371156
00bbac68_2170,12228.826136434469
00bbac68_2171,12228.840205521989
00bbac68_2172,12228.854097523172
00bbac68_2173,12228.864637436747
00bbac68_2174,12228.875579536945
00bbac68_2175,12228.88880157643
00bbac68_2176,12228.902065609773
00bbac68_2177,12228.904705220066
00bbac68_2178,12228.898539924605
00bbac68_2179,12228.901898452801
00bbac68_2180,12228.911370092022
00bbac68_2181,12228.918263476487
00bbac68_2182,12228.91835767123
00bbac68_2183,12228.91440150806
00bbac68_2184,12228.90225036188
00bbac68_2185,12228.890903981897
00bbac68_2186,12228.875314581352
00bbac68_2187,12228.870804035221
00bbac68_2188,12228.87903457132
00bbac68_2189,12228.872141775664
00bbac68_2190,12228.880944559018
00bbac68_2191,12228.897909205865
00bbac68_2192,12228.907678305126
00bbac68_2193,12228.910554669867
00bbac68_2194,12228.920346572442
00bbac68_2195,12228.940334607243
00bbac68_2196,12228.953026221703
00bbac68_2197,12228.961930379066
00bbac68_2198,12228.95394663664
00bbac68_2199,12228.9540163077
00bbac68_2200,12228.940629044253
00bbac68_2201,12228.908321818646
00bbac68_2202,12228.900062060226
00bbac68_2203,12228.910298373034
00bbac68_2204,12228.908529994414
00bbac68_2205,12228.884217131132
00bbac68_2206,12228.878470459349
00bbac68_2207,12228.879060156278
00bbac68_2208,12228.879389843662
00bbac68_2209,12228.873987994766
00bbac68_2210,12228.862589789056
00bbac68_2211,12228.854970945287
00bbac68_2212,12228.850237758956
00bbac68_2213,12228.850124449293
00bbac68_2214,12228.845467384674
00bbac68_2215,12228.847029514145
00bbac68_2216,12228.83157832918
00bbac68_2217,12228.826606596243
00bbac68_2218,12228.856695523913
00bbac68_2219,12228.88503094144
00bbac68_2220,12228.90720976199
00bbac68_2221,12228.943317785213
00bbac68_2222,12228.993381771348
00bbac68_2223,12229.045345048105
00bbac68_2224,12229.077826681068
00bbac68_2225,12229.086147572936
00bbac68_2226,12229.082769379655
00bbac68_2227,12229.076422697513
00bbac68_2228,12229.05914772002
00bbac68_2229,12229.024146299162
00bbac68_2230,12228.983121894069
00bbac68_2231,12228.938502412342
00bbac68_2232,12228.902380370528
00bbac68_2233,12228.874520121482
00bbac68_2234,12228.837270132217
00bbac68_2235,12228.813256469137
00bbac68_2236,12228.80253027739
00bbac68_2237,12228.817181114937
00bbac68_2238,12228.840516120377
00bbac68_2239,12228.867684054398
00bbac68_2240,12228.90043806786
00bbac68_2241,12228.942757387575
00bbac68_2242,12228.990622222273
00bbac68_2243,12229.036699432909
00bbac68_2244,12229.076084347398
00bbac68_2245,12229.106986017166
00bbac68_2246,12229.14083430679
00bbac68_2247,12229.193032086741
00bbac68_2248,12229.22235349429
00bbac68_2249,12229.21532229881
00bbac68_2250,12229.183637859265
00bbac68_2251,12229.124326980078
00bbac68_2252,12229.066995501702
00bbac68_2253,12229.019117914797
00bbac68_2254,12228.95351263859
00bbac68_2255,12228.919817953263
00bbac68_2256,12228.927067702167
00bbac68_2257,12228.978466803239
00bbac68_2258,12228.999267408208
00bbac68_2259,12229.071499009364
00bbac68_2260,12229.18485284698
00bbac68_2261,12229.351695819842
00bbac68_2262,12229.557033042563
00bbac68_2263,12229.785997832709
00bbac68_2264,12229.980762421226
00bbac68_2265,12230.161902427437
00bbac68_2266,12230.327485275953
00bbac68_2267,12230.455394270917
00bbac68_2268,12230.56096356063
00bbac68_2269,12230.638059742249
00bbac68_2270,12230.703182295845
00bbac68_2271,12230.774514933799
00bbac68_2272,12230.833971796952
00bbac68_2273,12230.869387738543
00bbac68_2274,12230.847250811446
00bbac68_2275,12230.868775281853
00bbac68_2276,12230.887399444702
00bbac68_2277,12230.90868777717
00bbac68_2278,12230.923563333987
00bbac68_2279,12230.933197500812
00bbac68_2280,12230.940742904162
00bbac68_2281,12230.95391534745
00bbac68_2282,12230.968836242319
00bbac68_2283,12230.978588012093
00bbac68_2284,12230.983615403571
00bbac68_2285,12231.016267109015
00bbac68_2286,12231.06085254507
00bbac68_2287,12231.082336430605
00bbac68_2288,12231.095638412222
00bbac68_2289,12231.105586157151
00bbac68_2290,12231.096798665929
00bbac68_2291,12231.083791630037
00bbac68_2292,12231.059477817891
00bbac68_2293,12231.026173213306
00bbac68_2294,12231.013041264001
00bbac68_2295,12230.974016110029
00bbac68_2296,12230.930899461668
00bbac68_2297,12230.891566956207
00bbac68_2298,12230.869849498922
00bbac68_2299,12230.837786120912
00bbac68_2300,12230.797066741372
00bbac68_2301,12230.757331483605
00bbac68_2302,12230.706547536924
00bbac68_2303,12230.636606074404
00bbac68_2304,12230.549995963354
00bbac68_2305,12230.485744028629
00bbac68_2306,12230.462596949388
00bbac68_2307,12230.486326471899
00bbac68_2308,12230.52137372781
00bbac68_2309,12230.585702986229
00bbac68_2310,12230.698286581468
00bbac68_2311,12230.790781280331
00bbac68_2312,12230.908442408376
00bbac68_2313,12231.028861773942
00bbac68_2314,12231.151498132736
00bbac68_2315,12231.23214991388
00bbac68_2316,12231.2799416672
00bbac68_2317,12231.304697327849
00bbac68_2318,12231.295409815504
00bbac68_2319,12231.236699025188
00bbac68_2320,12231.138175603744
00bbac68_2321,12231.067448735035
00bbac68_2322,12230.998886763222
00bbac68_2323,12230.940855034238
00bbac68_2324,12230.890030820576
00bbac68_2325,12230.876467994663
00bbac68_2326,12230.897822015451
00bbac68_2327,12230.925957926498
00bbac68_2328,12230.966888755742
00bbac68_2329,12231.006289342988
00bbac68_2330,12231.048408132134
00bbac68_2331,12231.081352752259
00bbac68_2332,12231.101622457949
00bbac68_2333,12231.116518881729
00bbac68_2334,12231.10948814664
00bbac68_2335,12231.079880719002
00bbac68_2336,12231.034990391803
00bbac68_2337,12230.999869244477
00bbac68_2338,12230.953319462453
00bbac68_2339,12230.927181569887
00bbac68_2340,12230.909495969365
00bbac68_2341,12230.901227583186
00bbac68_2342,12230.903722373243
00bbac68_2343,12230.906194480323
00bbac68_2344,12230.894655838587
00bbac68_2345,12230.87208661068
00bbac68_2346,12230.852315917651
00bbac68_2347,12230.848720700338
00bbac68_2348,12230.82687158965
00bbac68_2349,12230.795282503033
00bbac68_2350,12230.75178485894
00bbac68_2351,12230.705839711001
00bbac68_2352,12230.658007481907
00bbac68_2353,12230.610129191566
00bbac68_2354,12230.558625373267
00bbac68_2355,12230.504933227705
00bbac68_2356,12230.460275955744
00bbac68_2357,12230.428753832906
00bbac68_2358,12230.405933982704
00bbac68_2359,12230.378930177343
00bbac68_2360,12230.358374275536
00bbac68_2361,12230.346238755106
00bbac68_2362,12230.351172823308
00bbac68_2363,12230.383882833861
00bbac68_2364,12230.388160530434
00bbac68_2365,12230.376465651396
00bbac68_2366,12230.353826022207
00bbac68_2367,12230.300547159984
00bbac68_2368,12230.245980218493
00bbac68_2369,12230.206482487705
00bbac68_2370,12230.170748212138
00bbac68_2371,12230.143662216764
00bbac68_2372,12230.145946104156
00bbac68_2373,12230.152390293033
00bbac68_2374,12230.15328563583
00bbac68_2375,12230.152852060788
00bbac68_2376,12230.151231597156
00bbac68_2377,12230.149798648843
00bbac68_2378,12230.14596854233
00bbac68_2379,12230.150671508782
00bbac68_2380,12230.123431952232
00bbac68_2381,12230.080917017707
00bbac68_2382,12230.026420912147
00bbac68_2383,12229.964639412428
00bbac68_2384,12229.929323647413
00bbac68_2385,12229.909074615221
00bbac68_2386,12229.896367829608
00bbac68_2387,12229.894312388871
00bbac68_2388,12229.90350653087
00bbac68_2389,12229.90627438085
00bbac68_2390,12229.908095791938
00bbac68_2391,12229.910254209712
00bbac68_2392,12229.907282928056
00bbac68_2393,12229.906070039993
00bbac68_2394,12229.90443703527
00bbac68_2395,12229.908465193768
00bbac68_2396,12229.907235030478
00bbac68_2397,12229.903238755041
00bbac68_2398,12229.901955822186
00bbac68_2399,12229.900957040933
00bbac68_2400,12229.89338170425
00bbac68_2401,12229.884004446649
00bbac68_2402,12229.871887563077
00bbac68_2403,12229.860115388019
00bbac68_2404,12229.853949173117
00bbac68_2405,12229.85505858434
00bbac68_2406,12229.846364686171
00bbac68_2407,12229.836420202719
00bbac68_2408,12229.848346656323
00bbac68_2409,12229.858993544805
00bbac68_2410,12229.87267416971
00bbac68_2411,12229.894830397854
00bbac68_2412,12229.915032353441
00bbac68_2413,12229.92430936009
00bbac68_2414,12229.93042898565
00bbac68_2415,12229.939728050726
00bbac68_2416,12229.946391743555
00bbac68_2417,12229.941663702659
00bbac68_2418,12229.928542517046
00bbac68_2419,12229.913750662252
00bbac68_2420,12229.907307719497
00bbac68_2421,12229.89565335813
00bbac68_2422,12229.88250912524
00bbac68_2423,12229.879257364626
00bbac68_2424,12229.881743550033
00bbac68_2425,12229.873569850632
00bbac68_2426,12229.876484778226
00bbac68_2427,12229.874858425417
00bbac68_2428,12229.880758807943
00bbac68_2429,12229.873161800055
00bbac68_2430,12229.872139759182
00bbac68_2431,12229.883061096722
00bbac68_2432,12229.888836234606
00bbac68_2433,12229.881965233955
00bbac68_2434,12229.869961446879
00bbac68_2435,12229.859648696765
00bbac68_2436,12229.861217357738
00bbac68_2437,12229.849166557638
00bbac68_2438,12229.83230917867
00bbac68_2439,12229.823388698054
00bbac68_2440,12229.799398722233
00bbac68_2441,12229.802364678812
00bbac68_2442,12229.795918699281
00bbac68_2443,12229.79435778434
00bbac68_2444,12229.793760659037
00bbac68_2445,12229.769129740469
00bbac68_2446,12229.759039076273
00bbac68_2447,12229.752280495013
00bbac68_2448,12229.744739386952
00bbac68_2449,12229.744673898209
00bbac68_2450,12229.747531136976
00bbac68_2451,12229.753498849312
00bbac68_2452,12229.763263265226
00bbac68_2453,12229.765151222085
00bbac68_2454,12229.771504810686
00bbac68_2455,12229.79672906203
00bbac68_2456,12229.815373429105
00bbac68_2457,12229.858688131597
00bbac68_2458,12229.872664239003
00bbac68_2459,12229.88585678583
00bbac68_2460,12229.85057745085
00bbac68_2461,12229.809667135127
00bbac68_2462,12229.790669369942
00bbac68_2463,12229.78548778464
00bbac68_2464,12229.80673764485
00bbac68_2465,12229.860138932763
00bbac68_2466,12229.911702276639
00bbac68_2467,12229.952064821686
00bbac68_2468,12230.003216397468
00bbac68_2469,12230.046310645399
00bbac68_2470,12230.096807322445
00bbac68_2471,12230.144599781432
00bbac68_2472,12230.20178758993
00bbac68_2473,12230.246643816441
00bbac68_2474,12230.268283074418
00bbac68_2475,12230.270799611542
00bbac68_2476,12230.244509001224
00bbac68_2477,12230.240891573314
00bbac68_2478,12230.25007030601
00bbac68_2479,12230.273208649958
00bbac68_2480,12230.303539906754
00bbac68_2481,12230.332353569022
00bbac68_2482,12230.353283334614
00bbac68_2483,12230.33815504855
00bbac68_2484,12230.33447861955
00bbac68_2485,12230.337778504549
00bbac68_2486,12230.341389438123
00bbac68_2487,12230.32657178517
00bbac68_2488,12230.33371252349
00bbac68_2489,12230.346954610923
00bbac68_2490,12230.367908795799
00bbac68_2491,12230.38844771421
00bbac68_2492,12230.410121559848
00bbac68_2493,12230.435137284849
00bbac68_2494,12230.45397428153
00bbac68_2495,12230.467488148186
00bbac68_2496,12230.472216605789
00bbac68_2497,12230.471866789474
00bbac68_2498,12230.463172612874
00bbac68_2499,12230.429511262724
00bbac68_2500,12230.425445739824
00bbac68_2501,12230.415098833431
00bbac68_2502,12230.376924916354
00bbac68_2503,12230.326154394772
00bbac68_2504,12230.294580949649
00bbac68_2505,12230.267557953053
00bbac68_2506,12230.22528762516
00bbac68_2507,12230.179653976393
00bbac68_2508,12230.131031370769
00bbac68_2509,12230.08418398817
00bbac68_2510,12230.03748669648
00bbac68_2511,12229.992429172147
00bbac68_2512,12229.945072052218
00bbac68_2513,12229.911580864618
00bbac68_2514,12229.888297878471
00bbac68_2515,12229.860925212757
00bbac68_2516,12229.885708175283
00bbac68_2517,12229.90110684218
00bbac68_2518,12229.909996379043
00bbac68_2519,12229.911151077158
00bbac68_2520,12229.945192806836
00bbac68_2521,12229.972496242013
00bbac68_2522,12229.97811296391
00bbac68_2523,12229.97645714749
00bbac68_2524,12229.94669598957
00bbac68_2525,12229.935879649558
00bbac68_2526,12229.911721915672
00bbac68_2527,12229.87402078112
00bbac68_2528,12229.836124304715
00bbac68_2529,12229.794956559836
00bbac68_2530,12229.728497129046
00bbac68_2531,12229.690154236601
00bbac68_2532,12229.67513674722
00bbac68_2533,12229.63105234072
00bbac68_2534,12229.57960334148
00bbac68_2535,12229.531227214595
00bbac68_2536,12229.492359426073
00bbac68_2537,12229.4887940754
00bbac68_2538,12229.453426631992
00bbac68_2539,12229.379466145423
00bbac68_2540,12229.2608365774
00bbac68_2541,12229.194969006425
00bbac68_2542,12229.104653952598
00bbac68_2543,12229.010838148295
00bbac68_2544,12228.92946672101
00bbac68_2545,12228.819221303507
00bbac68_2546,12228.739389524773
00bbac68_2547,12228.70786053466
00bbac68_2548,12228.679428241974
00bbac68_2549,12228.634863506386
00bbac68_2550,12228.622515064888
00bbac68_2551,12228.61798837634
00bbac68_2552,12228.616877060173
00bbac68_2553,12228.636714501747
00bbac68_2554,12228.636113962437
00bbac68_2555,12228.606781778804
00bbac68_2556,12228.582959042167
00bbac68_2557,12228.576360857842
00bbac68_2558,12228.584616429258
00bbac68_2559,12228.587266058608
00bbac68_2560,12228.592200317027
00bbac68_2561,12228.568802661981
00bbac68_2562,12228.57935437404
00bbac68_2563,12228.610676900276
00bbac68_2564,12228.645154419122
00bbac68_2565,12228.638894483289
00bbac68_2566,12228.693284671393
00bbac68_2567,12228.716577564814
00bbac68_2568,12228.733150170261
00bbac68_2569,12228.719612682977
00bbac68_2570,12228.761877396695
00bbac68_2571,12228.786022171478
00bbac68_2572,12228.796273549082
00bbac68_2573,12228.775253390811
00bbac68_2574,12228.796307498875
00bbac68_2575,12228.772100914544
00bbac68_2576,12228.692545575961
00bbac68_2577,12228.652814290925
00bbac68_2578,12228.607272076126
00bbac68_2579,12228.541672528972
00bbac68_2580,12228.466471724889
00bbac68_2581,12228.435660293782
00bbac68_2582,12228.46776826121
00bbac68_2583,12228.458295636918
00bbac68_2584,12228.480047689383
00bbac68_2585,12228.46830925695
00bbac68_2586,12228.457384981579
00bbac68_2587,12228.44324720218
00bbac68_2588,12228.433286824988
00bbac68_2589,12228.435446129391
00bbac68_2590,12228.474314683028
00bbac68_2591,12228.548393319588
00bbac68_2592,12228.634524369765
00bbac68_2593,12228.766559377938
00bbac68_2594,12228.885012323515
00bbac68_2595,12228.990006286014
00bbac68_2596,12229.111523474348
00bbac68_2597,12229.292149463534
00bbac68_2598,12229.430254685487
00bbac68_2599,12229.507938110684
00bbac68_2600,12229.605309994386
00bbac68_2601,12229.625764783978
00bbac68_2602,12229.587492031167
00bbac68_2603,12229.576742648638
00bbac68_2604,12229.576413144909
00bbac68_2605,12229.552002324304
00bbac68_2606,12229.57413523368
00bbac68_2607,12229.618933568227
00bbac68_2608,12229.61613478976
00bbac68_2609,12229.637565734334
00bbac68_2610,12229.682425168638
00bbac68_2611,12229.682642749893
00bbac68_2612,12229.714189870618
00bbac68_2613,12229.760979444882
00bbac68_2614,12229.756472042249
00bbac68_2615,12229.778081675373
00bbac68_2616,12229.819398382448
00bbac68_2617,12229.811696029854
00bbac68_2618,12229.826445957975
00bbac68_2619,12229.856365035337
00bbac68_2620,12229.843127712576
00bbac68_2621,12229.844631878781
00bbac68_2622,12229.868916374886
00bbac68_2623,12229.841315371415
00bbac68_2624,12229.831348070551
00bbac68_2625,12229.84150021475
00bbac68_2626,12229.804263428472
00bbac68_2627,12229.801723700211
00bbac68_2628,12229.80080663795
00bbac68_2629,12229.800048086161
00bbac68_2630,12229.79744788963
00bbac68_2631,12229.802862974651
00bbac68_2632,12229.82415655503
00bbac68_2633,12229.834942631118
00bbac68_2634,12229.85690535429
00bbac68_2635,12229.868146931121
00bbac68_2636,12229.844763348421
00bbac68_2637,12229.887266930911
00bbac68_2638,12229.905258851397
00bbac68_2639,12229.885878361572
00bbac68_2640,12229.926088976994
00bbac68_2641,12229.915532359975
00bbac68_2642,12229.916894329348
00bbac68_2643,12229.920223954701
00bbac68_2644,12229.919676081927
00bbac68_2645,12229.918273479985
00bbac68_2646,12229.919892496106
00bbac68_2647,12229.900677091815
00bbac68_2648,12229.934290139698
00bbac68_2649,12229.912492258423
00bbac68_2650,12229.888310829112
00bbac68_2651,12229.90098575242
00bbac68_2652,12229.86251273046
00bbac68_2653,12229.880542274206
00bbac68_2654,12229.85561506399
00bbac68_2655,12229.82111124739
00bbac68_2656,12229.845218482205
00bbac68_2657,12229.804596998185
00bbac68_2658,12229.787223632171
00bbac68_2659,12229.773349488914
00bbac68_2660,12229.75951817004
00bbac68_2661,12229.721597350403
00bbac68_2662,12229.755058834417
00bbac68_2663,12229.739473417
00bbac68_2664,12229.74538984175
00bbac68_2665,12229.716425819288
00bbac68_2666,12229.70756554952
00bbac68_2667,12229.710411690772
00bbac68_2668,12229.662596413285
00bbac68_2669,12229.652326767873
00bbac68_2670,12229.623324373471
00bbac68_2671,12229.617639723665
00bbac68_2672,12229.633197612595
00bbac68_2673,12229.634241965086
00bbac68_2674,12229.623012218084
00bbac68_2675,12229.620092698868
00bbac68_2676,12229.592752421782
00bbac68_2677,12229.59546190586
00bbac68_2678,12229.616259083856
00bbac68_2679,12229.587803993696
00bbac68_2680,12229.57359657077
00bbac68_2681,12229.54912441367
00bbac68_2682,12229.533168012387
00bbac68_2683,12229.5254493012
00bbac68_2684,12229.50616547709
00bbac68_2685,12229.51363470395
00bbac68_2686,12229.530354518844
00bbac68_2687,12229.56331668192
00bbac68_2688,12229.598331903284
00bbac68_2689,12229.625494481776
00bbac68_2690,12229.618100538351
00bbac68_2691,12229.633799750874
00bbac68_2692,12229.647132769309
00bbac68_2693,12229.649319930884
00bbac68_2694,12229.655840251837
00bbac68_2695,12229.657912775521
00bbac68_2696,12229.656241663744
00bbac68_2697,12229.649677848558
00bbac68_2698,12229.650371733995
00bbac68_2699,12229.660666505944
00bbac68_2700,12229.679469193024
00bbac68_2701,12229.683539116268
00bbac68_2702,12229.670630406052
00bbac68_2703,12229.651216189373
00bbac68_2704,12229.627101395557
00bbac68_2705,12229.603290191575
00bbac68_2706,12229.58361257388
00bbac68_2707,12229.558759962954
00bbac68_2708,12229.54010283548
00bbac68_2709,12229.52794572655
00bbac68_2710,12229.53105593997
00bbac68_2711,12229.539723806953
00bbac68_2712,12229.548525753718
00bbac68_2713,12229.560101760604
00bbac68_2714,12229.577574292978
00bbac68_2715,12229.603555818976
00bbac68_2716,12229.629867217425
00bbac68_2717,12229.627059492484
00bbac68_2718,12229.618617991691
00bbac68_2719,12229.613129971418
00bbac68_2720,12229.607398551401
00bbac68_2721,12229.604890586123
00bbac68_2722,12229.609380504296
00bbac68_2723,12229.61293394465
00bbac68_2724,12229.614708548572
00bbac68_2725,12229.619316932321
00bbac68_2726,12229.621095531267
00bbac68_2727,12229.619481141017
00bbac68_2728,12229.626414808798
00bbac68_2729,12229.625666274049
00bbac68_2730,12229.625054806953
00bbac68_2731,12229.623433432136
00bbac68_2732,12229.628138984614
00bbac68_2733,12229.622504856741
00bbac68_2734,12229.612785422327
00bbac68_2735,12229.599042227226
00bbac68_2736,12229.584082928111
00bbac68_2737,12229.556593017958
00bbac68_2738,12229.539057411002
00bbac68_2739,12229.512027421688
00bbac68_2740,12229.487976305278
00bbac68_2741,12229.512033419105
00bbac68_2742,12229.48630956931
00bbac68_2743,12229.434769032172
00bbac68_2744,12229.35571978134
00bbac68_2745,12229.28529276325
00bbac68_2746,12229.216728664807
00bbac68_2747,12229.182823753039
00bbac68_2748,12229.177891183866
00bbac68_2749,12229.180099694904
00bbac68_2750,12229.189878747586
00bbac68_2751,12229.201158182213
00bbac68_2752,12229.208549881341
00bbac68_2753,12229.238081713716
00bbac68_2754,12229.272027923958
00bbac68_2755,12229.329367183627
00bbac68_2756,12229.39231297702
00bbac68_2757,12229.449388361607
00bbac68_2758,12229.43626126094
00bbac68_2759,12229.41128089113
00bbac68_2760,12229.372247159396
00bbac68_2761,12229.356561088516
00bbac68_2762,12229.330465000558
00bbac68_2763,12229.337377213944
00bbac68_2764,12229.33137368908
00bbac68_2765,12229.323347906866
00bbac68_2766,12229.30289694353
00bbac68_2767,12229.278484844337
00bbac68_2768,12229.26071820067
00bbac68_2769,12229.266256514
00bbac68_2770,12229.254422423191
00bbac68_2771,12229.262191615382
00bbac68_2772,12229.257045969525
00bbac68_2773,12229.260339664286
00bbac68_2774,12229.261067480178
00bbac68_2775,12229.272026382598
00bbac68_2776,12229.275398358557
00bbac68_2777,12229.275325943108
00bbac68_2778,12229.280101419788
00bbac68_2779,12229.273478203519
00bbac68_2780,12229.251550618155
00bbac68_2781,12229.225940653558
00bbac68_2782,12229.212097747972
00bbac68_2783,12229.211045384533
00bbac68_2784,12229.18844247014
00bbac68_2785,12229.16620450574
00bbac68_2786,12229.135197014357
00bbac68_2787,12229.099783195814
00bbac68_2788,12229.073535761592
00bbac68_2789,12229.03295610089
00bbac68_2790,12229.000972383097
00bbac68_2791,12228.99163828757
00bbac68_2792,12228.977949032584
00bbac68_2793,12228.98942292038
00bbac68_2794,12228.981433152456
00bbac68_2795,12228.967294075745
00bbac68_2796,12228.954965135625
00bbac68_2797,12228.94121703441
00bbac68_2798,12228.938372487284
00bbac68_2799,12228.898204489102
00bbac68_2800,12228.831686698464
00bbac68_2801,12228.741712472483
00bbac68_2802,12228.67082574573
00bbac68_2803,12228.609981214457
00bbac68_2804,12228.539331586908
00bbac68_2805,12228.475359777527
00bbac68_2806,12228.434064337845
00bbac68_2807,12228.403579727954
00bbac68_2808,12228.391393799711
00bbac68_2809,12228.391819524148
00bbac68_2810,12228.38833620546
00bbac68_2811,12228.390122719238
00bbac68_2812,12228.39738450312
00bbac68_2813,12228.419778660202
00bbac68_2814,12228.402404828246
00bbac68_2815,12228.367965325255
00bbac68_2816,12228.310492707395
00bbac68_2817,12228.242330347444
00bbac68_2818,12228.199949610995
00bbac68_2819,12228.138414636094
00bbac68_2820,12228.1120728987
00bbac68_2821,12228.060144374305
00bbac68_2822,12228.001126262985
00bbac68_2823,12227.96068696088
00bbac68_2824,12227.90732126389
00bbac68_2825,12227.856427606568
00bbac68_2826,12227.79726302701
00bbac68_2827,12227.71897793569
00bbac68_2828,12227.663315777374
00bbac68_2829,12227.61257072989
00bbac68_2830,12227.541428066166
00bbac68_2831,12227.474290540322
00bbac68_2832,12227.398414864856
00bbac68_2833,12227.3374462683
00bbac68_2834,12227.315799157908
00bbac68_2835,12227.30108969351
00bbac68_2836,12227.3156004111
00bbac68_2837,12227.28594965479
00bbac68_2838,12227.276740467638
00bbac68_2839,12227.270433353913
00bbac68_2840,12227.23865228663
00bbac68_2841,12227.208869601362
00bbac68_2842,12227.166790911619
00bbac68_2843,12227.135280511393
00bbac68_2844,12227.095682224857
00bbac68_2845,12227.070855236694
00bbac68_2846,12227.074768015598
00bbac68_2847,12227.048764309351
00bbac68_2848,12227.045116462466
00bbac68_2849,12227.071813153738
00bbac68_2850,12227.106659243045
00bbac68_2851,12227.097414291575
00bbac68_2852,12227.101772396089
00bbac68_2853,12227.096011266747
00bbac68_2854,12227.088592172779
00bbac68_2855,12227.104598662023
00bbac68_2856,12227.109618460501
00bbac68_2857,12227.095877358663
00bbac68_2858,12227.087864750585
00bbac68_2859,12227.064217667643
00bbac68_2860,12227.031263126624
00bbac68_2861,12227.015243773403
00bbac68_2862,12226.997917219602
00bbac68_2863,12226.964560599126
00bbac68_2864,12226.94880464078
00bbac68_2865,12226.936071106697
00bbac68_2866,12226.89173404504
00bbac68_2867,12226.848285098305
00bbac68_2868,12226.827150310213
00bbac68_2869,12226.811575419671
00bbac68_2870,12226.818184275076
00bbac68_2871,12226.837257187324
00bbac68_2872,12226.838371558
00bbac68_2873,12226.832236987453
00bbac68_2874,12226.812277287345
00bbac68_2875,12226.783914887974
00bbac68_2876,12226.780244804098
00bbac68_2877,12226.776880310863
00bbac68_2878,12226.780085850603
00bbac68_2879,12226.78440963293
00bbac68_2880,12226.774110348313
00bbac68_2881,12226.769770318848
00bbac68_2882,12226.729853826628
00bbac68_2883,12226.728574391564
00bbac68_2884,12226.75161602986
00bbac68_2885,12226.80041595194
00bbac68_2886,12226.86439525196
00bbac68_2887,12226.937478990356
00bbac68_2888,12227.023445509518
00bbac68_2889,12227.106747874921
00bbac68_2890,12227.177214151618
00bbac68_2891,12227.274543420417
00bbac68_2892,12227.373247404817
00bbac68_2893,12227.465524306179
00bbac68_2894,12227.521794836499
00bbac68_2895,12227.55504241658
00bbac68_2896,12227.572430713508
00bbac68_2897,12227.5502541821
00bbac68_2898,12227.513924120787
00bbac68_2899,12227.51670461515
00bbac68_2900,12227.501520340182
00bbac68_2901,12227.4954666122
00bbac68_2902,12227.482943726016
00bbac68_2903,12227.466962518438
00bbac68_2904,12227.456551909194
00bbac68_2905,12227.442532162915
00bbac68_2906,12227.427003560233
00bbac68_2907,12227.423431348367
00bbac68_2908,12227.412565010674
00bbac68_2909,12227.415971323733
00bbac68_2910,12227.407492475968
00bbac68_2911,12227.411644790924
00bbac68_2912,12227.402518694256
00bbac68_2913,12227.38508216045
00bbac68_2914,12227.379772782591
00bbac68_2915,12227.372504214827
00bbac68_2916,12227.351967112812
00bbac68_2917,12227.342912096114
00bbac68_2918,12227.317616533259
00bbac68_2919,12227.310355376254
00bbac68_2920,12227.30024698107
00bbac68_2921,12227.284143522205
00bbac68_2922,12227.271897621951
00bbac68_2923,12227.263611948083
00bbac68_2924,12227.257222102362
00bbac68_2925,12227.264529400814
00bbac68_2926,12227.26395605119
00bbac68_2927,12227.273732114252
00bbac68_2928,12227.267540506922
00bbac68_2929,12227.24854255298
00bbac68_2930,12227.245384696387
00bbac68_2931,12227.250483096928
00bbac68_2932,12227.246746233408
00bbac68_2933,12227.237779531715
00bbac68_2934,12227.239932796885
00bbac68_2935,12227.260164071986
00bbac68_2936,12227.292303541435
00bbac68_2937,12227.321885514179
00bbac68_2938,12227.354779355612
00bbac68_2939,12227.369479513372
00bbac68_2940,12227.389962734627
00bbac68_2941,12227.406112910894
00bbac68_2942,12227.409847246623
00bbac68_2943,12227.408364955047
00bbac68_2944,12227.39181850951
00bbac68_2945,12227.357580949882
00bbac68_2946,12227.332818800629
00bbac68_2947,12227.317802461122
00bbac68_2948,12227.289434471868
00bbac68_2949,12227.258032265543
00bbac68_2950,12227.248849475733
00bbac68_2951,12227.247227417345
00bbac68_2952,12227.242541719179
00bbac68_2953,12227.213943381998
00bbac68_2954,12227.209248194446
00bbac68_2955,12227.214079295736
00bbac68_2956,12227.254073010405
00bbac68_2957,12227.31274226897
00bbac68_2958,12227.366621281388
00bbac68_2959,12227.453319483122
00bbac68_2960,12227.535467196245
00bbac68_2961,12227.603249580108
00bbac68_2962,12227.628909261886
00bbac68_2963,12227.704559042606
00bbac68_2964,12227.764112377621
00bbac68_2965,12227.820796575725
00bbac68_2966,12227.86457640539
00bbac68_2967,12227.895926704256
00bbac68_2968,12227.898111149792
00bbac68_2969,12227.904071027053
00bbac68_2970,12227.928705588682
00bbac68_2971,12227.95264563395
00bbac68_2972,12227.988260779051
00bbac68_2973,12228.024161246909
00bbac68_2974,12228.03977263613
00bbac68_2975,12228.063166006408
00bbac68_2976,12228.062948033963
00bbac68_2977,12228.058666114035
00bbac68_2978,12228.03159932058
00bbac68_2979,12228.046860022698
00bbac68_2980,12228.055765018356
00bbac68_2981,12228.056861532617
00bbac68_2982,12228.062601662075
00bbac68_2983,12228.068873916727
00bbac68_2984,12228.065741147666
00bbac68_2985,12228.066453805275
00bbac68_2986,12228.070507168586
00bbac68_2987,12228.078407457002
00bbac68_2988,12228.089015928756
00bbac68_2989,12228.09783591807
00bbac68_2990,12228.112320198245
00bbac68_2991,12228.131180703504
00bbac68_2992,12228.167584204106
00bbac68_2993,12228.207657807516
00bbac68_2994,12228.235941080717
00bbac68_2995,12228.260346270865
00bbac68_2996,12228.280650767487
00bbac68_2997,12228.293645925502
00bbac68_2998,12228.309950838839
00bbac68_2999,12228.311428554598
00bbac68_3000,12228.308450572487
00bbac68_3001,12228.297274265247
00bbac68_3002,12228.298308478159
00bbac68_3003,12228.292566813203
00bbac68_3004,12228.286905565452
00bbac68_3005,12228.287044247414
00bbac68_3006,12228.292088010025
00bbac68_3007,12228.295846982592
00bbac68_3008,12228.306128354974
00bbac68_3009,12228.322062274341
00bbac68_3010,12228.337276315584
00bbac68_3011,12228.341846611478
00bbac68_3012,12228.339414423659
00bbac68_3013,12228.335677799165
00bbac68_3014,12228.335372304304
00bbac68_3015,12228.324558099695
00bbac68_3016,12228.319457826716
00bbac68_3017,12228.319395670673
00bbac68_3018,12228.330475888344
00bbac68_3019,12228.330624285109
00bbac68_3020,12228.336267559416
00bbac68_3021,12228.341977206042
00bbac68_3022,12228.347039393408
00bbac68_3023,12228.34848037704
00bbac68_3024,12228.345909934758
00bbac68_3025,12228.34829911533
00bbac68_3026,12228.355996045033
00bbac68_3027,12228.354216546863
00bbac68_3028,12228.348319904
00bbac68_3029,12228.34583809563
00bbac68_3030,12228.353134366867
00bbac68_3031,12228.354727841614
00bbac68_3032,12228.366927766472
00bbac68_3033,12228.367467417016
00bbac68_3034,12228.366154538358
00bbac68_3035,12228.365795220729
00bbac68_3036,12228.361716022277
00bbac68_3037,12228.359263507506
00bbac68_3038,12228.355529667164
00bbac68_3039,12228.347992357682
00bbac68_3040,12228.34146076688
00bbac68_3041,12228.342011059964
00bbac68_3042,12228.343255471458
00bbac68_3043,12228.34390106389
00bbac68_3044,12228.348093271567
00bbac68_3045,12228.365918600139
00bbac68_3046,12228.377235363374
00bbac68_3047,12228.397387850939
00bbac68_3048,12228.419716691065
00bbac68_3049,12228.433376404755
00bbac68_3050,12228.456079455416
00bbac68_3051,12228.486050393054
00bbac68_3052,12228.495906274195
00bbac68_3053,12228.509283205323
00bbac68_3054,12228.533887114332
00bbac68_3055,12228.54340875671
00bbac68_3056,12228.55213211888
00bbac68_3057,12228.57346787396
00bbac68_3058,12228.598826762342
00bbac68_3059,12228.607697263076
00bbac68_3060,12228.64142054954
00bbac68_3061,12228.697594987356
00bbac68_3062,12228.75684954363
00bbac68_3063,12228.829296891727
00bbac68_3064,12228.904959581356
00bbac68_3065,12228.96457926917
00bbac68_3066,12229.027707486677
00bbac68_3067,12229.091050281679
00bbac68_3068,12229.165553135228
00bbac68_3069,12229.243394603242
00bbac68_3070,12229.337453229424
00bbac68_3071,12229.39293488873
00bbac68_3072,12229.422999755989
00bbac68_3073,12229.451578667526
00bbac68_3074,12229.448961032287
00bbac68_3075,12229.438756756523
00bbac68_3076,12229.455691520141
00bbac68_3077,12229.476473524637
00bbac68_3078,12229.485815177544
00bbac68_3079,12229.49658836189
00bbac68_3080,12229.528065085806
00bbac68_3081,12229.549185428736
00bbac68_3082,12229.576896413271
00bbac68_3083,12229.615001868146
00bbac68_3084,12229.698066921797
00bbac68_3085,12229.764821531537
00bbac68_3086,12229.830257674957
00bbac68_3087,12229.84362068692
00bbac68_3088,12229.848152771638
00bbac68_3089,12229.855075692836
00bbac68_3090,12229.847776460912
00bbac68_3091,12229.829097438349
00bbac68_3092,12229.821080373438
00bbac68_3093,12229.815464940082
00bbac68_3094,12229.804641929617
00bbac68_3095,12229.788652303245
00bbac68_3096,12229.79137250179
00bbac68_3097,12229.787466948508
00bbac68_3098,12229.76910021293
00bbac68_3099,12229.780933983013
00bbac68_3100,12229.806826284079
00bbac68_3101,12229.806627512378
00bbac68_3102,12229.813911000037
00bbac68_3103,12229.802288877163
00bbac68_3104,12229.803860960099
00bbac68_3105,12229.79220136983
00bbac68_3106,12229.783465781613
00bbac68_3107,12229.778039395267
00bbac68_3108,12229.803574644555
00bbac68_3109,12229.833591678793
00bbac68_3110,12229.856706829709
00bbac68_3111,12229.877757855445
00bbac68_3112,12229.937521283073
00bbac68_3113,12229.971923118192
00bbac68_3114,12230.003345712721
00bbac68_3115,12230.06737746577
00bbac68_3116,12230.072151862201
00bbac68_3117,12230.085447192949
00bbac68_3118,12230.128002825344
00bbac68_3119,12230.210299725755
00bbac68_3120,12230.324597582503
00bbac68_3121,12230.464636375797
00bbac68_3122,12230.637294136062
00bbac68_3123,12230.82962712815
00bbac68_3124,12231.027974745051
00bbac68_3125,12231.235472276572
00bbac68_3126,12231.418767157827
00bbac68_3127,12231.582726429651
00bbac68_3128,12231.73434616058
00bbac68_3129,12231.836117673329
00bbac68_3130,12231.914766082264
00bbac68_3131,12231.951885791497
00bbac68_3132,12231.923337790824
00bbac68_3133,12231.894606098636
00bbac68_3134,12231.89317519365
00bbac68_3135,12231.930610293823
00bbac68_3136,12231.952018290385
00bbac68_3137,12231.983415703344
00bbac68_3138,12232.038632758378
00bbac68_3139,12232.0833381287
00bbac68_3140,12232.11846179494
00bbac68_3141,12232.141198463345
00bbac68_3142,12232.140520954068
00bbac68_3143,12232.116845430628
00bbac68_3144,12232.10182757011
00bbac68_3145,12232.072246221576
00bbac68_3146,12232.020193168068
00bbac68_3147,12231.957665329755
00bbac68_3148,12231.895506473682
00bbac68_3149,12231.835797924166
00bbac68_3150,12231.811917913079
00bbac68_3151,12231.79939208957
00bbac68_3152,12231.793120628226
00bbac68_3153,12231.808045852955
00bbac68_3154,12231.836062883194
00bbac68_3155,12231.879296818544
00bbac68_3156,12231.89383663626
00bbac68_3157,12231.888016149262
00bbac68_3158,12231.862139669882
00bbac68_3159,12231.819616103172
00bbac68_3160,12231.777386531248
00bbac68_3161,12231.740030669169
00bbac68_3162,12231.67946838975
00bbac68_3163,12231.627303337209
00bbac68_3164,12231.574678670924
00bbac68_3165,12231.522935265968
00bbac68_3166,12231.486516226092
00bbac68_3167,12231.465669556144
00bbac68_3168,12231.43847564741
00bbac68_3169,12231.41629323857
00bbac68_3170,12231.383911228619
00bbac68_3171,12231.362531493001
00bbac68_3172,12231.317735555132
00bbac68_3173,12231.259861167764
00bbac68_3174,12231.191836791422
00bbac68_3175,12231.106131276085
00bbac68_3176,12231.058114642314
00bbac68_3177,12231.054243970488
00bbac68_3178,12231.066748018548
00bbac68_3179,12231.110554074558
00bbac68_3180,12231.164020092901
00bbac68_3181,12231.218970016378
00bbac68_3182,12231.282392290106
00bbac68_3183,12231.364265924416
00bbac68_3184,12231.467405552672
00bbac68_3185,12231.567888349568
00bbac68_3186,12231.645266330852
00bbac68_3187,12231.724937112424
00bbac68_3188,12231.767999107968
00bbac68_3189,12231.73290692363
00bbac68_3190,12231.689798946418
00bbac68_3191,12231.65662804997
00bbac68_3192,12231.64597493854
00bbac68_3193,12231.624139265743
00bbac68_3194,12231.586498515471
00bbac68_3195,12231.52660011543
00bbac68_3196,12231.434572326812
00bbac68_3197,12231.3525514418
00bbac68_3198,12231.336512477194
00bbac68_3199,12231.360821196282
00bbac68_3200,12231.407040118947
00bbac68_3201,12231.43764021599
00bbac68_3202,12231.436353233523
00bbac68_3203,12231.441021612745
00bbac68_3204,12231.423306404999
00bbac68_3205,12231.4225398423
00bbac68_3206,12231.452780302645
00bbac68_3207,12231.493995219196
00bbac68_3208,12231.524511062033
00bbac68_3209,12231.567546586524
00bbac68_3210,12231.583604157102
00bbac68_3211,12231.565310962938
00bbac68_3212,12231.536552874222
00bbac68_3213,12231.530014877198
00bbac68_3214,12231.554156727041
00bbac68_3215,12231.563246902728
00bbac68_3216,12231.554280873528
00bbac68_3217,12231.55473990991
00bbac68_3218,12231.559051920549
00bbac68_3219,12231.60842344905
00bbac68_3220,12231.635993585196
00bbac68_3221,12231.667638585424
00bbac68_3222,12231.69561749707
00bbac68_3223,12231.741186481835
00bbac68_3224,12231.796272212374
00bbac68_3225,12231.84153736677
00bbac68_3226,12231.836187852532
00bbac68_3227,12231.804151270962
00bbac68_3228,12231.785191732619
00bbac68_3229,12231.741917615886
00bbac68_3230,12231.715472386411
00bbac68_3231,12231.721130800159
00bbac68_3232,12231.727479358673
00bbac68_3233,12231.765943513476
00bbac68_3234,12231.82649464994
00bbac68_3235,12231.864176868834
00bbac68_3236,12231.877013876287
00bbac68_3237,12231.889907739642
00bbac68_3238,12231.915250052101
00bbac68_3239,12231.934939878141
00bbac68_3240,12231.942705358062
00bbac68_3241,12231.948240592983
00bbac68_3242,12231.963980991264
00bbac68_3243,12231.96860280185
00bbac68_3244,12231.990293963814
00bbac68_3245,12232.02440548564
00bbac68_3246,12232.098438444247
00bbac68_3247,12232.183074334083
00bbac68_3248,12232.259137374496
00bbac68_3249,12232.325571527037
00bbac68_3250,12232.375975554021
00bbac68_3251,12232.415133117704
00bbac68_3252,12232.443954766364
00bbac68_3253,12232.42087462724
00bbac68_3254,12232.389225520903
00bbac68_3255,12232.356284889165
00bbac68_3256,12232.334542597035
00bbac68_3257,12232.31570480036
00bbac68_3258,12232.266148739895
00bbac68_3259,12232.23910089285
00bbac68_3260,12232.265433188964
00bbac68_3261,12232.307855673218
00bbac68_3262,12232.342397764542
00bbac68_3263,12232.348843301323
00bbac68_3264,12232.343443206806
00bbac68_3265,12232.362333920557
00bbac68_3266,12232.372113760212
00bbac68_3267,12232.40445365895
00bbac68_3268,12232.41294166597
00bbac68_3269,12232.435873569602
00bbac68_3270,12232.479775351618
00bbac68_3271,12232.52460239464
00bbac68_3272,12232.5849385284
00bbac68_3273,12232.628385795226
00bbac68_3274,12232.649748578535
00bbac68_3275,12232.701293442402
00bbac68_3276,12232.771781019088
00bbac68_3277,12232.800548262601
00bbac68_3278,12232.822862928979
00bbac68_3279,12232.822139942797
00bbac68_3280,12232.806899463589
00bbac68_3281,12232.819804765533
00bbac68_3282,12232.792710529866
00bbac68_3283,12232.791497412263
00bbac68_3284,12232.789485590714
00bbac68_3285,12232.81384304241
00bbac68_3286,12232.82375423154
00bbac68_3287,12232.815375418959
00bbac68_3288,12232.821777183552
00bbac68_3289,12232.816394200207
00bbac68_3290,12232.831555803758
00bbac68_3291,12232.852883602634
00bbac68_3292,12232.898661951569
00bbac68_3293,12232.90848379705
00bbac68_3294,12232.969874317105
00bbac68_3295,12233.024448622044
00bbac68_3296,12233.086419696634
00bbac68_3297,12233.172706598314
00bbac68_3298,12233.269144407137
00bbac68_3299,12233.365419742699
00bbac68_3300,12233.49231130409
00bbac68_3301,12233.645742000335
00bbac68_3302,12233.793119129881
00bbac68_3303,12233.929087733439
00bbac68_3304,12234.063343073369
00bbac68_3305,12234.190729152018
00bbac68_3306,12234.322423452119
00bbac68_3307,12234.439327087233
00bbac68_3308,12234.566711995581
00bbac68_3309,12234.66894114392
00bbac68_3310,12234.763139946985
00bbac68_3311,12234.816783382143
00bbac68_3312,12234.851876011726
00bbac68_3313,12234.857171245358
00bbac68_3314,12234.852747379966
00bbac68_3315,12234.804633956788
00bbac68_3316,12234.794765015695
00bbac68_3317,12234.760203631953
00bbac68_3318,12234.724390332247
00bbac68_3319,12234.680080771332
00bbac68_3320,12234.634077727904
00bbac68_3321,12234.602968834617
00bbac68_3322,12234.587873046488
00bbac68_3323,12234.602352880742
00bbac68_3324,12234.62066534861
00bbac68_3325,12234.62019176122
00bbac68_3326,12234.612889224252
00bbac68_3327,12234.605993744217
00bbac68_3328,12234.59949827405
00bbac68_3329,12234.5761818958
00bbac68_3330,12234.572921023646
00bbac68_3331,12234.539523676263
00bbac68_3332,12234.523596838646
00bbac68_3333,12234.491455819474
00bbac68_3334,12234.475830865269
00bbac68_3335,12234.443995869437
00bbac68_3336,12234.399007761427
00bbac68_3337,12234.397279333536
00bbac68_3338,12234.383958511931
00bbac68_3339,12234.40958269838
00bbac68_3340,12234.459137974847
00bbac68_3341,12234.51944024853
00bbac68_3342,12234.60139708226
00bbac68_3343,12234.673420116647
00bbac68_3344,12234.757727443359
00bbac68_3345,12234.838916833913
00bbac68_3346,12234.909815752259
00bbac68_3347,12234.961773306495
00bbac68_3348,12234.970620860506
00bbac68_3349,12234.951394789421
00bbac68_3350,12234.928046046753
00bbac68_3351,12234.933100558435
00bbac68_3352,12234.912107998145
00bbac68_3353,12234.946807588552
00bbac68_3354,12234.97519939227
00bbac68_3355,12235.037599471694
00bbac68_3356,12235.118082966566
00bbac68_3357,12235.229843706056
00bbac68_3358,12235.334871985453
00bbac68_3359,12235.43030405356
00bbac68_3360,12235.53194636412
00bbac68_3361,12235.625515835956
00bbac68_3362,12235.696087805913
00bbac68_3363,12235.718338781167
00bbac68_3364,12235.716071146779
00bbac68_3365,12235.729809704413
00bbac68_3366,12235.739923263956
00bbac68_3367,12235.78211840086
00bbac68_3368,12235.792218325407
00bbac68_3369,12235.82613688884
00bbac68_3370,12235.882758676793
00bbac68_3371,12235.948515218724
00bbac68_3372,12236.041578478407
00bbac68_3373,12236.139103018535
00bbac68_3374,12236.22012181211
00bbac68_3375,12236.336628592138
00bbac68_3376,12236.446279460826
00bbac68_3377,12236.56278739451
00bbac68_3378,12236.675415459324
00bbac68_3379,12236.749117841318
00bbac68_3380,12236.842044595604
00bbac68_3381,12236.905880831615
00bbac68_3382,12236.950219268949
00bbac68_3383,12237.009631999195
00bbac68_3384,12237.040653303688
00bbac68_3385,12237.060212938773
00bbac68_3386,12237.097149397758
00bbac68_3387,12237.0939328345
00bbac68_3388,12237.0927652391
00bbac68_3389,12237.09780216802
00bbac68_3390,12237.125037819904
00bbac68_3391,12237.168215486472
00bbac68_3392,12237.196433701207
00bbac68_3393,12237.252787254429
00bbac68_3394,12237.309971703042
00bbac68_3395,12237.339126437279
00bbac68_3396,12237.393328286007
00bbac68_3397,12237.430395028385
00bbac68_3398,12237.442916941234
00bbac68_3399,12237.435668124488
00bbac68_3400,12237.4059487904
00bbac68_3401,12237.353548612546
00bbac68_3402,12237.295990472283
00bbac68_3403,12237.225705519506
00bbac68_3404,12237.178211664661
00bbac68_3405,12237.138891092429
00bbac68_3406,12237.087791071026
00bbac68_3407,12237.050870879615
00bbac68_3408,12237.026316702137
00bbac68_3409,12237.01148955084
00bbac68_3410,12236.99837674823
00bbac68_3411,12236.992858295001
00bbac68_3412,12236.985307146095
00bbac68_3413,12236.951078720445
00bbac68_3414,12236.914043905743
00bbac68_3415,12236.878000484312
00bbac68_3416,12236.847738330112
00bbac68_3417,12236.820803923274
00bbac68_3418,12236.79662397592
00bbac68_3419,12236.789213442591
00bbac68_3420,12236.792693624451
00bbac68_3421,12236.782738269847
00bbac68_3422,12236.770698509017
00bbac68_3423,12236.78529427869
00bbac68_3424,12236.79878212142
00bbac68_3425,12236.786924241325
00bbac68_3426,12236.781272841701
00bbac68_3427,12236.774050466056
00bbac68_3428,12236.734767962667
00bbac68_3429,12236.708086312212
00bbac68_3430,12236.697329259308
00bbac68_3431,12236.672310165432
00bbac68_3432,12236.674785606663
00bbac68_3433,12236.678866989338
00bbac68_3434,12236.65855391467
00bbac68_3435,12236.649458852082
00bbac68_3436,12236.637869764023
00bbac68_3437,12236.602542479326
00bbac68_3438,12236.580507985967
00bbac68_3439,12236.554302787072
00bbac68_3440,12236.51570344955
00bbac68_3441,12236.455946130789
00bbac68_3442,12236.40297003597
00bbac68_3443,12236.362086528916
00bbac68_3444,12236.296300126854
00bbac68_3445,12236.240574447918
00bbac68_3446,12236.201345633397
00bbac68_3447,12236.172531275033
00bbac68_3448,12236.195689798544
00bbac68_3449,12236.233560594785
00bbac68_3450,12236.292741768064
00bbac68_3451,12236.38318454116
00bbac68_3452,12236.472049487656
00bbac68_3453,12236.55701312098
00bbac68_3454,12236.600863416848
00bbac68_3455,12236.638623996889
00bbac68_3456,12236.685609753356
00bbac68_3457,12236.740069983396
00bbac68_3458,12236.76095695846
00bbac68_3459,12236.764284107912
00bbac68_3460,12236.735125990519
00bbac68_3461,12236.687287065151
00bbac68_3462,12236.634892922046
00bbac68_3463,12236.582620196481
00bbac68_3464,12236.568392267758
00bbac68_3465,12236.560126446797
00bbac68_3466,12236.584613246112
00bbac68_3467,12236.61152958732
00bbac68_3468,12236.634897786496
00bbac68_3469,12236.645057151698
00bbac68_3470,12236.622524700111
00bbac68_3471,12236.65081199969
00bbac68_3472,12236.707311485285
00bbac68_3473,12236.763504029444
00bbac68_3474,12236.775456246492
00bbac68_3475,12236.822057513584
00bbac68_3476,12236.850785384178
00bbac68_3477,12236.86429906896
00bbac68_3478,12236.895182796545
00bbac68_3479,12236.947676744736
00bbac68_3480,12237.008639320515
00bbac68_3481,12237.07665742249
00bbac68_3482,12237.15380226087
00bbac68_3483,12237.222555321863
00bbac68_3484,12237.282086418587
00bbac68_3485,12237.315946159666
00bbac68_3486,12237.346115967664
00bbac68_3487,12237.374492758947
00bbac68_3488,12237.393926861187
00bbac68_3489,12237.393091484084
00bbac68_3490,12237.363040874887
00bbac68_3491,12237.337818236792
00bbac68_3492,12237.291252765097
00bbac68_3493,12237.261572331392
00bbac68_3494,12237.246518179296
00bbac68_3495,12237.238539313654
00bbac68_3496,12237.193346575958
00bbac68_3497,12237.172843480324
00bbac68_3498,12237.179811504033
00bbac68_3499,12237.230818884793
00bbac68_3500,12237.29712252782
00bbac68_3501,12237.393470534194
00bbac68_3502,12237.501145095868
00bbac68_3503,12237.634383836368
00bbac68_3504,12237.771762854845
00bbac68_3505,12237.8998498531
00bbac68_3506,12237.979351472497
00bbac68_3507,12238.061202273271
00bbac68_3508,12238.121441311807
00bbac68_3509,12238.170137723697
00bbac68_3510,12238.186927076797
00bbac68_3511,12238.186473189311
00bbac68_3512,12238.134945727115
00bbac68_3513,12238.108174143854
00bbac68_3514,12238.09551391367
00bbac68_3515,12238.071405232553
00bbac68_3516,12238.043873289254
00bbac68_3517,12237.998273676834
00bbac68_3518,12237.965547441461
00bbac68_3519,12237.93115431351
00bbac68_3520,12237.889477326215
00bbac68_3521,12237.862181858773
00bbac68_3522,12237.848120551223
00bbac68_3523,12237.844944420822
00bbac68_3524,12237.842560870471
00bbac68_3525,12237.854378725711
00bbac68_3526,12237.879123149574
00bbac68_3527,12237.90231690104
00bbac68_3528,12237.921157692084
00bbac68_3529,12237.960023016014
00bbac68_3530,12237.98637721338
00bbac68_3531,12237.98227643076
00bbac68_3532,12237.988170287126
00bbac68_3533,12237.971688131685
00bbac68_3534,12237.966146865927
00bbac68_3535,12237.941486582595
00bbac68_3536,12237.953725301442
00bbac68_3537,12237.984864791531
00bbac68_3538,12238.01647965393
00bbac68_3539,12238.022650996785
00bbac68_3540,12238.02542758315
00bbac68_3541,12238.022065347483
00bbac68_3542,12238.063584424965
00bbac68_3543,12238.044550459941
00bbac68_3544,12237.998082255846
00bbac68_3545,12237.912836619886
00bbac68_3546,12237.800653351773
00bbac68_3547,12237.646323221874
00bbac68_3548,12237.48321001037
00bbac68_3549,12237.288923554996
00bbac68_3550,12237.107407467473
00bbac68_3551,12236.941392410841
00bbac68_3552,12236.798934475632
00bbac68_3553,12236.672709580336
00bbac68_3554,12236.567105758057
00bbac68_3555,12236.494434327522
00bbac68_3556,12236.461189993393
00bbac68_3557,12236.449268667593
00bbac68_3558,12236.471371298583
00bbac68_3559,12236.450325147272
00bbac68_3560,12236.44149300366
00bbac68_3561,12236.446670673646
00bbac68_3562,12236.460693939922
00bbac68_3563,12236.46392696577
00bbac68_3564,12236.451239747423
00bbac68_3565,12236.4499167427
00bbac68_3566,12236.449755148806
00bbac68_3567,12236.448329839388
00bbac68_3568,12236.451499679732
00bbac68_3569,12236.424310257038
00bbac68_3570,12236.399628697882
00bbac68_3571,12236.361519054364
00bbac68_3572,12236.282782006196
00bbac68_3573,12236.158409472346
00bbac68_3574,12236.015034661315
00bbac68_3575,12235.86726892404
00bbac68_3576,12235.711483983865
00bbac68_3577,12235.57530643138
00bbac68_3578,12235.438084747926
00bbac68_3579,12235.313095488249
00bbac68_3580,12235.198885209915
00bbac68_3581,12235.130859034334
00bbac68_3582,12235.072866162574
00bbac68_3583,12235.040802818114
00bbac68_3584,12235.043640276639
00bbac68_3585,12235.050793930635
00bbac68_3586,12235.082523132127
00bbac68_3587,12235.105521527616
00bbac68_3588,12235.10159206301
00bbac68_3589,12235.090828989456
00bbac68_3590,12235.098760735586
00bbac68_3591,12235.104772003207
00bbac68_3592,12235.115205814745
00bbac68_3593,12235.12219271729
00bbac68_3594,12235.109543384575
00bbac68_3595,12235.117974361574
00bbac68_3596,12235.1269480581
00bbac68_3597,12235.115341879233
00bbac68_3598,12235.107937974277
00bbac68_3599,12235.099586648195
00bbac68_3600,12235.134659670324
00bbac68_3601,12235.155168115676
00bbac68_3602,12235.170613521002
00bbac68_3603,12235.20242940438
00bbac68_3604,12235.231374897758
00bbac68_3605,12235.284858954008
00bbac68_3606,12235.358123578255
00bbac68_3607,12235.402368893847
00bbac68_3608,12235.436941761129
00bbac68_3609,12235.448329744308
00bbac68_3610,12235.44656230702
00bbac68_3611,12235.431128388269
00bbac68_3612,12235.411453036624
00bbac68_3613,12235.378681719287
00bbac68_3614,12235.370389250758
00bbac68_3615,12235.361127555869
00bbac68_3616,12235.354011706528
00bbac68_3617,12235.31749628121
00bbac68_3618,12235.299734876831
00bbac68_3619,12235.287949515423
00bbac68_3620,12235.266189855589
00bbac68_3621,12235.267130381766
00bbac68_3622,12235.263628359156
00bbac68_3623,12235.257245235867
00bbac68_3624,12235.250622306537
00bbac68_3625,12235.227614429226
00bbac68_3626,12235.200746144776
00bbac68_3627,12235.194337351151
00bbac68_3628,12235.217521724759
00bbac68_3629,12235.232936848139
00bbac68_3630,12235.245719794633
00bbac68_3631,12235.250018648165
00bbac68_3632,12235.248621587622
00bbac68_3633,12235.241258648863
00bbac68_3634,12235.24377331125
00bbac68_3635,12235.233888390201
00bbac68_3636,12235.221502619144
00bbac68_3637,12235.24215002904
00bbac68_3638,12235.252605816928
00bbac68_3639,12235.26139403628
00bbac68_3640,12235.264120574182
00bbac68_3641,12235.240948627163
00bbac68_3642,12235.23649933313
00bbac68_3643,12235.251781327448
00bbac68_3644,12235.254611045446
00bbac68_3645,12235.249819962924
00bbac68_3646,12235.237417091077
00bbac68_3647,12235.217627615497
00bbac68_3648,12235.219489992187
00bbac68_3649,12235.215565517323
00bbac68_3650,12235.216703267623
00bbac68_3651,12235.233379545709
00bbac68_3652,12235.23435984494
00bbac68_3653,12235.247084811672
00bbac68_3654,12235.243375091904
00bbac68_3655,12235.239028206202
00bbac68_3656,12235.236395819033
00bbac68_3657,12235.220136964088
00bbac68_3658,12235.22673585278
00bbac68_3659,12235.246223886006
00bbac68_3660,12235.245866369338
00bbac68_3661,12235.233882465887
00bbac68_3662,12235.201658702941
00bbac68_3663,12235.170900527495
00bbac68_3664,12235.169573465078
00bbac68_3665,12235.149045604954
00bbac68_3666,12235.134373861074
00bbac68_3667,12235.122977790474
00bbac68_3668,12235.084203825687
00bbac68_3669,12235.073289668107
00bbac68_3670,12235.057446685008
00bbac68_3671,12235.03883942097
00bbac68_3672,12235.0224787344
00bbac68_3673,12235.0280649823
00bbac68_3674,12235.043504200848
00bbac68_3675,12235.047489815026
00bbac68_3676,12235.044117420119
00bbac68_3677,12235.026159136214
00bbac68_3678,12235.02053194567
00bbac68_3679,12235.012859652867
00bbac68_3680,12235.013832047076
00bbac68_3681,12234.995510801444
00bbac68_3682,12235.00196201874
00bbac68_3683,12235.015630394599
00bbac68_3684,12235.020805678214
00bbac68_3685,12235.047407671944
00bbac68_3686,12235.052251561994
00bbac68_3687,12235.064062997028
00bbac68_3688,12235.081761676525
00bbac68_3689,12235.106333111613
00bbac68_3690,12235.102208785906
00bbac68_3691,12235.10782897238
00bbac68_3692,12235.109135638255
00bbac68_3693,12235.116842493433
00bbac68_3694,12235.12666538769
00bbac68_3695,12235.113808601998
00bbac68_3696,12235.110876463837
00bbac68_3697,12235.101302720712
00bbac68_3698,12235.1065058257
00bbac68_3699,12235.06343622234
00bbac68_3700,12235.075923400147
00bbac68_3701,12235.128061494133
00bbac68_3702,12235.131353290393
00bbac68_3703,12235.123564258747
00bbac68_3704,12235.085115453645
00bbac68_3705,12235.012358601663
00bbac68_3706,12234.901270045262
00bbac68_3707,12234.860583345946
00bbac68_3708,12234.783203374502
00bbac68_3709,12234.736140864694
00bbac68_3710,12234.641978080539
00bbac68_3711,12234.632048114558
00bbac68_3712,12234.627617395634
00bbac68_3713,12234.617687100446
00bbac68_3714,12234.59416860645
00bbac68_3715,12234.639446287272
00bbac68_3716,12234.752663106068
00bbac68_3717,12234.804652183715
00bbac68_3718,12234.857405678811
00bbac68_3719,12234.904899285882
00bbac68_3720,12234.87422279045
00bbac68_3721,12234.912194488888
00bbac68_3722,12234.866206851637
00bbac68_3723,12234.90503578685
00bbac68_3724,12234.879490372334
00bbac68_3725,12234.807633027252
00bbac68_3726,12234.783107298275
00bbac68_3727,12234.76823954883
00bbac68_3728,12234.762541239885
00bbac68_3729,12234.705980380633
00bbac68_3730,12234.698557589958
00bbac68_3731,12234.700236305678
00bbac68_3732,12234.724544747818
00bbac68_3733,12234.69780244879
00bbac68_3734,12234.744478179133
00bbac68_3735,12234.67295906973
00bbac68_3736,12234.586700467866
00bbac68_3737,12234.581218702597
00bbac68_3738,12234.414397918103
00bbac68_3739,12234.345542442163
00bbac68_3740,12234.15203056436
00bbac68_3741,12233.942155195818
00bbac68_3742,12233.841201075966
00bbac68_3743,12233.638577716014
00bbac68_3744,12233.52748399507
00bbac68_3745,12233.437744814795
00bbac68_3746,12233.372451547488
00bbac68_3747,12233.326638409986
00bbac68_3748,12233.35095496034
00bbac68_3749,12233.349781248056
00bbac68_3750,12233.35837387325
00bbac68_3751,12233.312521281901
00bbac68_3752,12233.321969277422
00bbac68_3753,12233.336062834795
00bbac68_3754,12233.328367649261
00bbac68_3755,12233.29785279162
00bbac68_3756,12233.191089036034
00bbac68_3757,12233.13364157561
00bbac68_3758,12233.048007634701
00bbac68_3759,12232.90080529644
00bbac68_3760,12232.855255466393
00bbac68_3761,12232.877042737386
00bbac68_3762,12232.916940427362
00bbac68_3763,12232.969192871587
00bbac68_3764,12233.051308836033
00bbac68_3765,12233.161207495315
00bbac68_3766,12233.334507806703
00bbac68_3767,12233.516827714886
00bbac68_3768,12233.720311374573
00bbac68_3769,12233.959554554522
00bbac68_3770,12234.190659147589
00bbac68_3771,12234.347624687156
00bbac68_3772,12234.47784836676
00bbac68_3773,12234.567454758213
00bbac68_3774,12234.61456960938
00bbac68_3775,12234.682096297787
00bbac68_3776,12234.781676743702
00bbac68_3777,12234.85458267656
00bbac68_3778,12234.938369439937
00bbac68_3779,12234.894370723143
00bbac68_3780,12234.895942124462
00bbac68_3781,12234.901795238786
00bbac68_3782,12234.957664784719
00bbac68_3783,12234.94823138062
00bbac68_3784,12234.993134028857
00bbac68_3785,12234.993079380738
00bbac68_3786,12234.976681898108
00bbac68_3787,12234.958682822311
00bbac68_3788,12234.980129334444
00bbac68_3789,12234.951290716619
00bbac68_3790,12234.932705320076
00bbac68_3791,12234.918994271497
00bbac68_3792,12234.93732320035
00bbac68_3793,12234.884449824738
00bbac68_3794,12234.859613073573
00bbac68_3795,12234.83270976482
00bbac68_3796,12234.832251408356
00bbac68_3797,12234.827493200184
00bbac68_3798,12234.848527635624
00bbac68_3799,12234.864367038095
00bbac68_3800,12234.886262534415
00bbac68_3801,12234.81138179962
00bbac68_3802,12234.791790406549
00bbac68_3803,12234.830459643108
00bbac68_3804,12234.855314945484
00bbac68_3805,12234.847076220058
00bbac68_3806,12234.841344271263
00bbac68_3807,12234.88861133074
00bbac68_3808,12234.90263989308
00bbac68_3809,12234.920459620373
00bbac68_3810,12234.949525268561
00bbac68_3811,12235.031733613034
00bbac68_3812,12235.025236198757
00bbac68_3813,12235.065090951612
00bbac68_3814,12235.087065309504
00bbac68_3815,12235.137759576988
00bbac68_3816,12235.127337267906
00bbac68_3817,12235.139985457126
00bbac68_3818,12235.144947031495
00bbac68_3819,12235.13546630776
00bbac68_3820,12235.145556969897
00bbac68_3821,12235.138317676774
00bbac68_3822,12235.141522565651
00bbac68_3823,12235.177091029702
00bbac68_3824,12235.144481716918
00bbac68_3825,12235.212081052685
00bbac68_3826,12235.215273557755
00bbac68_3827,12235.197795555428
00bbac68_3828,12235.187028679087
00bbac68_3829,12235.216034704874
00bbac68_3830,12235.192638678784
00bbac68_3831,12235.170042697195
00bbac68_3832,12235.155379925447
00bbac68_3833,12235.172101213486
00bbac68_3834,12235.117737305123
00bbac68_3835,12235.054725688628
00bbac68_3836,12235.097511955042
00bbac68_3837,12235.087844401733
00bbac68_3838,12235.1379548131
00bbac68_3839,12235.140607726778
00bbac68_3840,12235.148182225375
00bbac68_3841,12235.169234361772
00bbac68_3842,12235.189244625
00bbac68_3843,12235.195768152205
00bbac68_3844,12235.257836299243
00bbac68_3845,12235.269509018679
00bbac68_3846,12235.250863356972
00bbac68_3847,12235.222744937108
00bbac68_3848,12235.256391438721
00bbac68_3849,12235.254651518866
00bbac68_3850,12235.251345307117
00bbac68_3851,12235.255735456614
00bbac68_3852,12235.313543354767
00bbac68_3853,12235.341503909181
00bbac68_3854,12235.349897385586
00bbac68_3855,12235.34956293685
00bbac68_3856,12235.362388669839
00bbac68_3857,12235.361957157029
00bbac68_3858,12235.392941995102
00bbac68_3859,12235.40829057437
00bbac68_3860,12235.425912931058
00bbac68_3861,12235.437145009346
00bbac68_3862,12235.444857813476
00bbac68_3863,12235.453728810608
00bbac68_3864,12235.470074069312
00bbac68_3865,12235.472862367507
00bbac68_3866,12235.488883018532
00bbac68_3867,12235.514181270866
00bbac68_3868,12235.543923127805
00bbac68_3869,12235.596362315586
00bbac68_3870,12235.633976600457
00bbac68_3871,12235.71788591692
00bbac68_3872,12235.843969663307
00bbac68_3873,12235.91295844665
00bbac68_3874,12235.957843163886
00bbac68_3875,12235.967686819533
00bbac68_3876,12235.94587547222
00bbac68_3877,12235.889955605826
00bbac68_3878,12235.81064599459
00bbac68_3879,12235.71549631038
00bbac68_3880,12235.587128286263
00bbac68_3881,12235.408213235207
00bbac68_3882,12235.299228655647
00bbac68_3883,12235.178645407648
00bbac68_3884,12235.076546875738
00bbac68_3885,12234.996054639782
00bbac68_3886,12234.945876178715
00bbac68_3887,12234.938992581227
00bbac68_3888,12234.943658957294
00bbac68_3889,12234.90752110969
00bbac68_3890,12234.892396234301
00bbac68_3891,12234.858154707656
00bbac68_3892,12234.833865167817
00bbac68_3893,12234.811591449268
00bbac68_3894,12234.787105123774
00bbac68_3895,12234.817494441902
00bbac68_3896,12234.830602441289
00bbac68_3897,12234.831165607811
00bbac68_3898,12234.878361855426
00bbac68_3899,12234.877735385608
00bbac68_3900,12234.883648089904
00bbac68_3901,12234.854262226425
00bbac68_3902,12234.876811814784
00bbac68_3903,12234.886952968805
00bbac68_3904,12234.897273837338
00bbac68_3905,12234.910778874946
00bbac68_3906,12234.896303282883
00bbac68_3907,12234.920329560367
00bbac68_3908,12234.934517098302
00bbac68_3909,12234.94343709099
00bbac68_3910,12234.954095587711
00bbac68_3911,12234.976808849695
00bbac68_3912,12235.01755719755
00bbac68_3913,12235.033225308878
00bbac68_3914,12235.035317611348
00bbac68_3915,12234.993450535065
00bbac68_3916,12234.98885331303
00bbac68_3917,12234.980203808715
00bbac68_3918,12235.01012762282
00bbac68_3919,12234.975507462617
00bbac68_3920,12234.977967753537
00bbac68_3921,12234.973327501868
00bbac68_3922,12234.932825538008
00bbac68_3923,12234.978530074879
00bbac68_3924,12234.988286080503
00bbac68_3925,12234.963716127164
00bbac68_3926,12234.974787153984
00bbac68_3927,12234.986289836468
00bbac68_3928,12235.010185983041
00bbac68_3929,12235.02779473496
00bbac68_3930,12235.02983704064
00bbac68_3931,12234.983750013786
00bbac68_3932,12235.006948128277
00bbac68_3933,12235.00837207884
00bbac68_3934,12234.959108995587
00bbac68_3935,12234.945309759822
00bbac68_3936,12234.936229487785
00bbac68_3937,12234.966334904831
00bbac68_3938,12234.974393968127
00bbac68_3939,12234.976386414333
00bbac68_3940,12234.991343241627
00bbac68_3941,12234.974716653089
00bbac68_3942,12235.048939315973
00bbac68_3943,12235.062690045464
00bbac68_3944,12235.095640009304
00bbac68_3945,12235.145901848375
00bbac68_3946,12235.132691406776
00bbac68_3947,12235.13475425424
00bbac68_3948,12235.13758406801
00bbac68_3949,12235.156002864092
00bbac68_3950,12235.117328374772
00bbac68_3951,12235.161934973443
00bbac68_3952,12235.13912458011
00bbac68_3953,12235.205267761665
00bbac68_3954,12235.163645867537
00bbac68_3955,12235.13920140571
00bbac68_3956,12235.149470104407
00bbac68_3957,12235.176458497373
00bbac68_3958,12235.209427088152
00bbac68_3959,12235.241211500708
00bbac68_3960,12235.276432284138
00bbac68_3961,12235.3226362059
00bbac68_3962,12235.332363294905
00bbac68_3963,12235.410075100024
00bbac68_3964,12235.407105952956
00bbac68_3965,12235.46723273683
00bbac68_3966,12235.448546612533
00bbac68_3967,12235.493933219646
00bbac68_3968,12235.442278588234
00bbac68_3969,12235.436693755599
00bbac68_3970,12235.35850414156
00bbac68_3971,12235.355468078717
00bbac68_3972,12235.289208730299
00bbac68_3973,12235.276802764962
00bbac68_3974,12235.203136507202
00bbac68_3975,12235.188259262313
00bbac68_3976,12235.140940072586
00bbac68_3977,12235.119696554493
00bbac68_3978,12235.112273211571
00bbac68_3979,12235.125274693815
00bbac68_3980,12235.132395420258
00bbac68_3981,12235.148282010605
00bbac68_3982,12235.171949934442
00bbac68_3983,12235.183123275994
00bbac68_3984,12235.185240480405
00bbac68_3985,12235.217911687654
00bbac68_3986,12235.196767943913
00bbac68_3987,12235.240576234704
00bbac68_3988,12235.199369854734
00bbac68_3989,12235.226901175201
00bbac68_3990,12235.188466698615
00bbac68_3991,12235.194574182153
00bbac68_3992,12235.165471437018
00bbac68_3993,12235.110332921593
00bbac68_3994,12235.122414823552
00bbac68_3995,12235.067524176038
00bbac68_3996,12235.07389418072
00bbac68_3997,12235.045921303821
00bbac68_3998,12235.015436570047
00bbac68_3999,12234.973174147714
00bbac68_4000,12234.959995448544
00bbac68_4001,12234.8778201447
00bbac68_4002,12234.822604772324
00bbac68_4003,12234.782223414062
00bbac68_4004,12234.74450704409
00bbac68_4005,12234.74590728793
00bbac68_4006,12234.65907117726
00bbac68_4007,12234.659644469795
00bbac68_4008,12234.618749917547
00bbac68_4009,12234.548826274024
00bbac68_4010,12234.548233935382
00bbac68_4011,12234.52596689437
00bbac68_4012,12234.517743214445
00bbac68_4013,12234.519791413311
00bbac68_4014,12234.498324279602
00bbac68_4015,12234.477681987064
00bbac68_4016,12234.466618762968
00bbac68_4017,12234.438444747475
00bbac68_4018,12234.42153681854
00bbac68_4019,12234.417863137267
00bbac68_4020,12234.441937316993
00bbac68_4021,12234.398439468503
00bbac68_4022,12234.366924471118
00bbac68_4023,12234.382209425543
00bbac68_4024,12234.336803238704
00bbac68_4025,12234.323953353634
00bbac68_4026,12234.341369761538
00bbac68_4027,12234.33514131213
00bbac68_4028,12234.292113166839
00bbac68_4029,12234.31724337373
00bbac68_4030,12234.304126719398
00bbac68_4031,12234.259290196447
00bbac68_4032,12234.293602780066
00bbac68_4033,12234.29132437288
00bbac68_4034,12234.266187952733
00bbac68_4035,12234.25425887213
00bbac68_4036,12234.256426715177
00bbac68_4037,12234.2358899802
00bbac68_4038,12234.257979910004
00bbac68_4039,12234.21338954107
00bbac68_4040,12234.222680684525
00bbac68_4041,12234.254842158145
00bbac68_4042,12234.26830383616
00bbac68_4043,12234.244914467208
00bbac68_4044,12234.256017214308
00bbac68_4045,12234.273695402744
00bbac68_4046,12234.250533128572
00bbac68_4047,12234.206318095641
00bbac68_4048,12234.234441286422
00bbac68_4049,12234.218480186539
00bbac68_4050,12234.194909447522
00bbac68_4051,12234.134740501893
00bbac68_4052,12234.142146280583
00bbac68_4053,12234.121658521817
00bbac68_4054,12234.10450709829
00bbac68_4055,12234.07140364
00bbac68_4056,12234.107502734907
00bbac68_4057,12234.120919712583
00bbac68_4058,12234.142364019212
00bbac68_4059,12234.143430344222
00bbac68_4060,12234.198836041594
00bbac68_4061,12234.170272873725
00bbac68_4062,12234.182279153543
00bbac68_4063,12234.21222629002
00bbac68_4064,12234.274138731625
00bbac68_4065,12234.292923339439
00bbac68_4066,12234.293292872018
00bbac68_4067,12234.263382937339
00bbac68_4068,12234.278701496161
00bbac68_4069,12234.29283661404
00bbac68_4070,12234.285510333608
00bbac68_4071,12234.292011260819
00bbac68_4072,12234.30337457692
00bbac68_4073,12234.309556819462
00bbac68_4074,12234.335604835953
00bbac68_4075,12234.34835451844
00bbac68_4076,12234.352312600047
00bbac68_4077,12234.317707635752
00bbac68_4078,12234.354795167972
00bbac68_4079,12234.355247351783
00bbac68_4080,12234.324511853005
00bbac68_4081,12234.286158634826
00bbac68_4082,12234.24660631134
00bbac68_4083,12234.219425261466
00bbac68_4084,12234.207985994906
00bbac68_4085,12234.209016118994
00bbac68_4086,12234.196965399246
00bbac68_4087,12234.206818623074
00bbac68_4088,12234.214650099302
00bbac68_4089,12234.239821374375
00bbac68_4090,12234.270425122424
00bbac68_4091,12234.282160185025
00bbac68_4092,12234.292875395267
00bbac68_4093,12234.299275916306
00bbac68_4094,12234.31067385636
00bbac68_4095,12234.294601144844
00bbac68_4096,12234.263197534943
00bbac68_4097,12234.245940766159
00bbac68_4098,12234.215930225459
00bbac68_4099,12234.182258621016
00bbac68_4100,12234.155032476907
00bbac68_4101,12234.119107001985
00bbac68_4102,12234.081686091358
00bbac68_4103,12234.03610880292
00bbac68_4104,12234.001362363377
00bbac68_4105,12233.963737667113
00bbac68_4106,12233.91717127028
00bbac68_4107,12233.891315570907
00bbac68_4108,12233.87162456279
00bbac68_4109,12233.856918978698
00bbac68_4110,12233.841094435205
00bbac68_4111,12233.835113599223
00bbac68_4112,12233.81550975718
00bbac68_4113,12233.8254856429
00bbac68_4114,12233.81484491552
00bbac68_4115,12233.798373794098
00bbac68_4116,12233.772623834833
00bbac68_4117,12233.740306102483
00bbac68_4118,12233.696146275934
00bbac68_4119,12233.645017935823
00bbac68_4120,12233.610371168243
00bbac68_4121,12233.551386657819
00bbac68_4122,12233.512468882605
00bbac68_4123,12233.47031979457
00bbac68_4124,12233.439844278513
00bbac68_4125,12233.405866162067
00bbac68_4126,12233.375194180479
00bbac68_4127,12233.358777822741
00bbac68_4128,12233.344475365515
00bbac68_4129,12233.353936809259
00bbac68_4130,12233.340248800438
00bbac68_4131,12233.330773256586
00bbac68_4132,12233.319744870621
00bbac68_4133,12233.315184370978
00bbac68_4134,12233.292142873534
00bbac68_4135,12233.283784292302
00bbac68_4136,12233.27778238872
00bbac68_4137,12233.269257584552
00bbac68_4138,12233.27246779226
00bbac68_4139,12233.255144476294
00bbac68_4140,12233.249170866768
00bbac68_4141,12233.229576373029
00bbac68_4142,12233.218453981763
00bbac68_4143,12233.198604811294
00bbac68_4144,12233.175137465134
00bbac68_4145,12233.162354286527
00bbac68_4146,12233.14346201601
00bbac68_4147,12233.12401985094
00bbac68_4148,12233.104850285605
00bbac68_4149,12233.08745082608
00bbac68_4150,12233.068739790975
00bbac68_4151,12233.073660970105
00bbac68_4152,12233.086861445065
00bbac68_4153,12233.103319180307
00bbac68_4154,12233.11947317813
00bbac68_4155,12233.130065921878
00bbac68_4156,12233.146969352238
00bbac68_4157,12233.159193094765
00bbac68_4158,12233.178499655025
00bbac68_4159,12233.160355981796
00bbac68_4160,12233.15104257504
00bbac68_4161,12233.155013851863
00bbac68_4162,12233.168420789163
00bbac68_4163,12233.206586091497
00bbac68_4164,12233.254269599676
00bbac68_4165,12233.306513069745
00bbac68_4166,12233.37835631387
00bbac68_4167,12233.451392581856
00bbac68_4168,12233.50838397016
00bbac68_4169,12233.53234314142
00bbac68_4170,12233.55647345997
00bbac68_4171,12233.580630176346
00bbac68_4172,12233.59361918729
00bbac68_4173,12233.591409225119
00bbac68_4174,12233.574053514016
00bbac68_4175,12233.521006976373
00bbac68_4176,12233.495215605379
00bbac68_4177,12233.491788000958
00bbac68_4178,12233.490004439449
00bbac68_4179,12233.493694286299
00bbac68_4180,12233.483922863268
00bbac68_4181,12233.468736284583
00bbac68_4182,12233.451402749839
00bbac68_4183,12233.413985238281
00bbac68_4184,12233.367998594178
00bbac68_4185,12233.317014416296
00bbac68_4186,12233.294879147334
00bbac68_4187,12233.276994396618
00bbac68_4188,12233.263709047244
00bbac68_4189,12233.249272465346
00bbac68_4190,12233.24068648703
00bbac68_4191,12233.219918584202
00bbac68_4192,12233.228813762937
00bbac68_4193,12233.267450646264
00bbac68_4194,12233.297742932089
00bbac68_4195,12233.329244229
00bbac68_4196,12233.35655315711
00bbac68_4197,12233.388921075431
00bbac68_4198,12233.404467198545
00bbac68_4199,12233.41854153952
00bbac68_4200,12233.432583519605
00bbac68_4201,12233.432794869055
00bbac68_4202,12233.434013756287
00bbac68_4203,12233.425249798796
00bbac68_4204,12233.420386336074
00bbac68_4205,12233.409467343183
00bbac68_4206,12233.44508916017
00bbac68_4207,12233.425359143273
00bbac68_4208,12233.379722625057
00bbac68_4209,12233.347053800515
00bbac68_4210,12233.319579063416
00bbac68_4211,12233.299183678217
00bbac68_4212,12233.271304350223
00bbac68_4213,12233.257679361383
00bbac68_4214,12233.242706194525
00bbac68_4215,12233.24127396535
00bbac68_4216,12233.244529753823
00bbac68_4217,12233.247319449592
00bbac68_4218,12233.268108965674
00bbac68_4219,12233.299964224203
00bbac68_4220,12233.351275182271
00bbac68_4221,12233.419838684304
00bbac68_4222,12233.498535819228
00bbac68_4223,12233.502377224062
00bbac68_4224,12233.492486043788
00bbac68_4225,12233.497946334908
00bbac68_4226,12233.505755422955
00bbac68_4227,12233.507591457752
00bbac68_4228,12233.506141977314
00bbac68_4229,12233.511304541107
00bbac68_4230,12233.510433702893
00bbac68_4231,12233.501585821454
00bbac68_4232,12233.487781892118
00bbac68_4233,12233.471054251473
00bbac68_4234,12233.459133807813
00bbac68_4235,12233.445367260025
00bbac68_4236,12233.450644763669
00bbac68_4237,12233.460102675677
00bbac68_4238,12233.479016058147
00bbac68_4239,12233.48333815121
00bbac68_4240,12233.481211211427
00bbac68_4241,12233.463992610024
00bbac68_4242,12233.46317459647
00bbac68_4243,12233.472475746268
00bbac68_4244,12233.488861407877
00bbac68_4245,12233.506463177278
00bbac68_4246,12233.516894439314
00bbac68_4247,12233.52528351366
00bbac68_4248,12233.536203919448
00bbac68_4249,12233.553710348302
00bbac68_4250,12233.547585421024
00bbac68_4251,12233.529276401521
00bbac68_4252,12233.509137016408
00bbac68_4253,12233.469258466419
00bbac68_4254,12233.421847952959
00bbac68_4255,12233.358741313496
00bbac68_4256,12233.297445831047
00bbac68_4257,12233.23726414965
00bbac68_4258,12233.17731856277
00bbac68_4259,12233.135119706074
00bbac68_4260,12233.108730459979
00bbac68_4261,12233.096316434878
00bbac68_4262,12233.087608746562
00bbac68_4263,12233.094219064391
00bbac68_4264,12233.107217055429
00bbac68_4265,12233.127326719368
00bbac68_4266,12233.125551380452
00bbac68_4267,12233.126379148538
00bbac68_4268,12233.124203532898
00bbac68_4269,12233.11777954775
00bbac68_4270,12233.110288501322
00bbac68_4271,12233.10210118572
00bbac68_4272,12233.09492261366
00bbac68_4273,12233.073297541321
00bbac68_4274,12233.053086125532
00bbac68_4275,12233.047578831585
00bbac68_4276,12233.051687123298
00bbac68_4277,12233.050949808632
00bbac68_4278,12233.059682514617
00bbac68_4279,12233.069890899706
00bbac68_4280,12233.07773372448
00bbac68_4281,12233.084930294437
00bbac68_4282,12233.09661754217
00bbac68_4283,12233.106230219431
00bbac68_4284,12233.101706717789
00bbac68_4285,12233.101000097586
00bbac68_4286,12233.10159209924
00bbac68_4287,12233.092178540006
00bbac68_4288,12233.096471426692
00bbac68_4289,12233.091571968274
00bbac68_4290,12233.108672095717
00bbac68_4291,12233.129750230495
00bbac68_4292,12233.160566588302
00bbac68_4293,12233.189642869229
00bbac68_4294,12233.229346970678
00bbac68_4295,12233.259091873277
00bbac68_4296,12233.282736488562
00bbac68_4297,12233.29622967583
00bbac68_4298,12233.324476980299
00bbac68_4299,12233.344326640541
00bbac68_4300,12233.34870768346
00bbac68_4301,12233.362055001942
00bbac68_4302,12233.359633431603
00bbac68_4303,12233.337481014058
00bbac68_4304,12233.336297976308
00bbac68_4305,12233.310788837873
00bbac68_4306,12233.302801540205
00bbac68_4307,12233.295286769277
00bbac68_4308,12233.283106512588
00bbac68_4309,12233.281659556716
00bbac68_4310,12233.277131242205
00bbac68_4311,12233.277454724277
00bbac68_4312,12233.271362839172
00bbac68_4313,12233.270787558515
00bbac68_4314,12233.282138330194
00bbac68_4315,12233.297421684792
00bbac68_4316,12233.306033185807
00bbac68_4317,12233.31121675563
00bbac68_4318,12233.3163133874
00bbac68_4319,12233.320066969942
00bbac68_4320,12233.334613506177
00bbac68_4321,12233.3368723114
00bbac68_4322,12233.356070140864
00bbac68_4323,12233.36015147009
00bbac68_4324,12233.379880821909
00bbac68_4325,12233.407718199693
00bbac68_4326,12233.41963401713
00bbac68_4327,12233.438226238542
00bbac68_4328,12233.42550387093
00bbac68_4329,12233.42988409775
00bbac68_4330,12233.430432026273
00bbac68_4331,12233.420912004189
00bbac68_4332,12233.402819623327
00bbac68_4333,12233.36442575189
00bbac68_4334,12233.349140648534
00bbac68_4335,12233.348726492648
00bbac68_4336,12233.358690482113
00bbac68_4337,12233.380469759782
00bbac68_4338,12233.408887756337
00bbac68_4339,12233.44701319407
00bbac68_4340,12233.497362809194
00bbac68_4341,12233.542017872134
00bbac68_4342,12233.585471077664
00bbac68_4343,12233.633396116715
00bbac68_4344,12233.663679000043
00bbac68_4345,12233.685848508881
00bbac68_4346,12233.688289674128
00bbac68_4347,12233.658064881798
00bbac68_4348,12233.619945012622
00bbac68_4349,12233.561638333578
00bbac68_4350,12233.529817003242
00bbac68_4351,12233.499095461902
00bbac68_4352,12233.464822544383
00bbac68_4353,12233.425470758037
00bbac68_4354,12233.39949430512
00bbac68_4355,12233.379551748922
00bbac68_4356,12233.360554166464
00bbac68_4357,12233.366375116044
00bbac68_4358,12233.388011210838
00bbac68_4359,12233.422245297059
00bbac68_4360,12233.442672775545
00bbac68_4361,12233.447998352054
00bbac68_4362,12233.475104294137
00bbac68_4363,12233.511675943912
00bbac68_4364,12233.564956213622
00bbac68_4365,12233.594679490083
00bbac68_4366,12233.61984800033
00bbac68_4367,12233.631203365685
00bbac68_4368,12233.644372128303
00bbac68_4369,12233.642325251696
00bbac68_4370,12233.650395821167
00bbac68_4371,12233.637429558923
00bbac68_4372,12233.6167151388
00bbac68_4373,12233.607733008354
00bbac68_4374,12233.577580232706
00bbac68_4375,12233.53887791679
00bbac68_4376,12233.483093439783
00bbac68_4377,12233.421404544048
00bbac68_4378,12233.387675275633
00bbac68_4379,12233.359791016994
00bbac68_4380,12233.316518075213
00bbac68_4381,12233.2557595584
00bbac68_4382,12233.191601567421
00bbac68_4383,12233.13838364917
00bbac68_4384,12233.103756278764
00bbac68_4385,12233.06059814708
00bbac68_4386,12233.030770162235
00bbac68_4387,12233.005889324397
00bbac68_4388,12232.986421272784
00bbac68_4389,12232.976511925808
00bbac68_4390,12232.954067020379
00bbac68_4391,12232.944041343277
00bbac68_4392,12232.93962971709
00bbac68_4393,12232.92041788307
00bbac68_4394,12232.934009834511
00bbac68_4395,12232.929900855519
00bbac68_4396,12232.921615868
00bbac68_4397,12232.920811113825
00bbac68_4398,12232.911030289466
00bbac68_4399,12232.910889926883
00bbac68_4400,12232.913837274486
00bbac68_4401,12232.911045997513
00bbac68_4402,12232.904798350366
00bbac68_4403,12232.91104055246
00bbac68_4404,12232.911321735566
00bbac68_4405,12232.907595951354
00bbac68_4406,12232.91019435199
00bbac68_4407,12232.91098581763
00bbac68_4408,12232.912187227053
00bbac68_4409,12232.91427521167
00bbac68_4410,12232.940944932783
00bbac68_4411,12232.944410386108
00bbac68_4412,12232.942828558489
00bbac68_4413,12232.93296321745
00bbac68_4414,12232.912050401017
00bbac68_4415,12232.884867852108
00bbac68_4416,12232.851921890138
00bbac68_4417,12232.819729809848
00bbac68_4418,12232.77927058008
00bbac68_4419,12232.749697309531
00bbac68_4420,12232.720845930695
00bbac68_4421,12232.694820707153
00bbac68_4422,12232.670586197233
00bbac68_4423,12232.66218013536
00bbac68_4424,12232.637006660585
00bbac68_4425,12232.646480807378
00bbac68_4426,12232.695280308382
00bbac68_4427,12232.762492844213
00bbac68_4428,12232.839089835323
00bbac68_4429,12232.916679435017
00bbac68_4430,12233.002287973508
00bbac68_4431,12233.076126891
00bbac68_4432,12233.139731180861
00bbac68_4433,12233.197116058795
00bbac68_4434,12233.23618142955
00bbac68_4435,12233.262598721969
00bbac68_4436,12233.276970378496
00bbac68_4437,12233.263601968474
00bbac68_4438,12233.224021891147
00bbac68_4439,12233.181845973226
00bbac68_4440,12233.128978634046
00bbac68_4441,12233.114541455583
00bbac68_4442,12233.11032920311
00bbac68_4443,12233.11608342576
00bbac68_4444,12233.120565000143
00bbac68_4445,12233.136327363041
00bbac68_4446,12233.152475942432
00bbac68_4447,12233.163191673675
00bbac68_4448,12233.169844544209
00bbac68_4449,12233.190964434749
00bbac68_4450,12233.209129584804
00bbac68_4451,12233.23066597905
00bbac68_4452,12233.261013185707
00bbac68_4453,12233.291843094155
00bbac68_4454,12233.313340172841
00bbac68_4455,12233.332918597023
00bbac68_4456,12233.361259608348
00bbac68_4457,12233.356781953502
00bbac68_4458,12233.332763850409
00bbac68_4459,12233.315274158647
00bbac68_4460,12233.296929937433
00bbac68_4461,12233.295939569327
00bbac68_4462,12233.287740288848
00bbac68_4463,12233.284358064471
00bbac68_4464,12233.28083665223
00bbac68_4465,12233.295371139664
00bbac68_4466,12233.304150500298
00bbac68_4467,12233.331338832197
00bbac68_4468,12233.36410459171
00bbac68_4469,12233.396758284338
00bbac68_4470,12233.43548263568
00bbac68_4471,12233.465704672073
00bbac68_4472,12233.48726468775
00bbac68_4473,12233.477893250554
00bbac68_4474,12233.466749391922
00bbac68_4475,12233.453888446946
00bbac68_4476,12233.436394881632
00bbac68_4477,12233.430806513186
00bbac68_4478,12233.411820790134
00bbac68_4479,12233.385181354428
00bbac68_4480,12233.376444799118
00bbac68_4481,12233.38069064607
00bbac68_4482,12233.372773760091
00bbac68_4483,12233.354393584905
00bbac68_4484,12233.337903917623
00bbac68_4485,12233.33930682483
00bbac68_4486,12233.364135966838
00bbac68_4487,12233.383003708279
00bbac68_4488,12233.407539183423
00bbac68_4489,12233.411997822235
00bbac68_4490,12233.421108554094
00bbac68_4491,12233.42524617279
00bbac68_4492,12233.421033025443
00bbac68_4493,12233.42339403913
00bbac68_4494,12233.410406121
00bbac68_4495,12233.41133229352
00bbac68_4496,12233.411602072105
00bbac68_4497,12233.32848369414
00bbac68_4498,12233.251003753925
00bbac68_4499,12233.193312258802
00bbac68_4500,12233.165581711672
00bbac68_4501,12233.157126380886
00bbac68_4502,12233.184448482829
00bbac68_4503,12233.213086961434
00bbac68_4504,12233.244026744751
00bbac68_4505,12233.264547974995
00bbac68_4506,12233.29636517664
00bbac68_4507,12233.326303278996
00bbac68_4508,12233.351915633611
00bbac68_4509,12233.369417943486
00bbac68_4510,12233.381574767973
00bbac68_4511,12233.355461887888
00bbac68_4512,12233.332909993422
00bbac68_4513,12233.286845988227
00bbac68_4514,12233.286122029633
00bbac68_4515,12233.271579743818
00bbac68_4516,12233.21083094014
00bbac68_4517,12233.187882846712
00bbac68_4518,12233.158785910833
00bbac68_4519,12233.116732839588
00bbac68_4520,12233.039897202758
00bbac68_4521,12233.003414710907
00bbac68_4522,12232.954366583974
00bbac68_4523,12232.85404262296
00bbac68_4524,12232.783491137998
00bbac68_4525,12232.661602052836
00bbac68_4526,12232.578674756016
00bbac68_4527,12232.46853061805
00bbac68_4528,12232.379347430982
00bbac68_4529,12232.303316970816
00bbac68_4530,12232.19546724472
00bbac68_4531,12232.064217137826
00bbac68_4532,12231.970026935442
00bbac68_4533,12231.926552613773
00bbac68_4534,12231.830646975315
00bbac68_4535,12231.80365981386
00bbac68_4536,12231.774951024021
00bbac68_4537,12231.767256238378
00bbac68_4538,12231.778194187167
00bbac68_4539,12231.771322924144
00bbac68_4540,12231.800915392925
00bbac68_4541,12231.760790626035
00bbac68_4542,12231.80130485348
00bbac68_4543,12231.79707916943
00bbac68_4544,12231.759623946398
00bbac68_4545,12231.785786212044
00bbac68_4546,12231.774528115127
00bbac68_4547,12231.760302988081
00bbac68_4548,12231.739720954305
00bbac68_4549,12231.73474657696
00bbac68_4550,12231.70685517892
00bbac68_4551,12231.725268695778
00bbac68_4552,12231.702772174727
00bbac68_4553,12231.640901150316
00bbac68_4554,12231.667482704499
00bbac68_4555,12231.657837005581
00bbac68_4556,12231.644592195187
00bbac68_4557,12231.608585684347
00bbac68_4558,12231.66341788689
00bbac68_4559,12231.685711918146
00bbac68_4560,12231.706733781148
00bbac68_4561,12231.754637790258
00bbac68_4562,12231.776223005374
00bbac68_4563,12231.756259494674
00bbac68_4564,12231.779258586868
00bbac68_4565,12231.832826928792
00bbac68_4566,12231.83960309897
00bbac68_4567,12231.836834839247
00bbac68_4568,12231.810274620582
00bbac68_4569,12231.75413746507
00bbac68_4570,12231.783214016768
00bbac68_4571,12231.780414098166
00bbac68_4572,12231.754892684017
00bbac68_4573,12231.70563462223
00bbac68_4574,12231.67735733356
00bbac68_4575,12231.63075271202
00bbac68_4576,12231.576102053432
00bbac68_4577,12231.507448959754
00bbac68_4578,12231.402481597072
00bbac68_4579,12231.343940233734
00bbac68_4580,12231.348596918735
00bbac68_4581,12231.32693799408
00bbac68_4582,12231.312828700122
00bbac68_4583,12231.294823022949
00bbac68_4584,12231.278733496667
00bbac68_4585,12231.27173882454
00bbac68_4586,12231.333139610686
00bbac68_4587,12231.348288423425
00bbac68_4588,12231.28093162441
00bbac68_4589,12231.208341049689
00bbac68_4590,12231.138550296697
00bbac68_4591,12231.124830272203
00bbac68_4592,12231.083221189238
00bbac68_4593,12231.045923247559
00bbac68_4594,12231.006459975528
00bbac68_4595,12231.027068310037
00bbac68_4596,12231.029080181284
00bbac68_4597,12231.040215642646
00bbac68_4598,12231.05481024117
00bbac68_4599,12231.060309721883
00bbac68_4600,12231.023665511617
00bbac68_4601,12230.999503129175
00bbac68_4602,12230.992145795151
00bbac68_4603,12230.960192047994
00bbac68_4604,12230.911538574619
00bbac68_4605,12230.91296404184
00bbac68_4606,12230.942638148663
00bbac68_4607,12231.034023430251
00bbac68_4608,12231.076673838563
00bbac68_4609,12231.087432591194
00bbac68_4610,12231.10759803514
00bbac68_4611,12231.102153947193
00bbac68_4612,12231.10917062257
00bbac68_4613,12231.134333770906
00bbac68_4614,12231.15370958118
00bbac68_4615,12231.156703507759
00bbac68_4616,12231.136487842112
00bbac68_4617,12231.149754296222
00bbac68_4618,12231.171081711225
00bbac68_4619,12231.207569722481
00bbac68_4620,12231.221299850245
00bbac68_4621,12231.257145538906
00bbac68_4622,12231.31452498621
00bbac68_4623,12231.39414985652
00bbac68_4624,12231.429943029732
00bbac68_4625,12231.442017402822
00bbac68_4626,12231.478467679008
00bbac68_4627,12231.487567142973
00bbac68_4628,12231.5190657286
00bbac68_4629,12231.557284728362
00bbac68_4630,12231.583781269104
00bbac68_4631,12231.603403354893
00bbac68_4632,12231.61597431815
00bbac68_4633,12231.62188715721
00bbac68_4634,12231.611372163545
00bbac68_4635,12231.584388102663
00bbac68_4636,12231.524982593957
00bbac68_4637,12231.502806522198
00bbac68_4638,12231.479801966365
00bbac68_4639,12231.46186806214
00bbac68_4640,12231.442485784124
00bbac68_4641,12231.424105353759
00bbac68_4642,12231.405415556985
00bbac68_4643,12231.382806133697
00bbac68_4644,12231.358612529863
00bbac68_4645,12231.363195963051
00bbac68_4646,12231.359755900088
00bbac68_4647,12231.34345478569
00bbac68_4648,12231.3436285068
00bbac68_4649,12231.334844265086
00bbac68_4650,12231.305382455672
00bbac68_4651,12231.273172774414
00bbac68_4652,12231.22891527147
00bbac68_4653,12231.190654225304
00bbac68_4654,12231.148322121195
00bbac68_4655,12231.109636362242
00bbac68_4656,12231.082368647218
00bbac68_4657,12231.068363449098
00bbac68_4658,12231.052004538766
00bbac68_4659,12231.035989858612
00bbac68_4660,12231.032660944811
00bbac68_4661,12231.05850134682
00bbac68_4662,12231.043639373946
00bbac68_4663,12231.03137517888
00bbac68_4664,12231.013320275702
00bbac68_4665,12230.994656487179
00bbac68_4666,12230.969337745593
00bbac68_4667,12230.932483230445
00bbac68_4668,12230.893062208546
00bbac68_4669,12230.85109507676
00bbac68_4670,12230.817498358334
00bbac68_4671,12230.788974807756
00bbac68_4672,12230.771340839801
00bbac68_4673,12230.76140532625
00bbac68_4674,12230.757935142361
00bbac68_4675,12230.754082377396
00bbac68_4676,12230.78134669753
00bbac68_4677,12230.797780646439
00bbac68_4678,12230.790312886318
00bbac68_4679,12230.784532795984
00bbac68_4680,12230.763393142004
00bbac68_4681,12230.754077602578
00bbac68_4682,12230.733573129195
00bbac68_4683,12230.697859084486
00bbac68_4684,12230.666258307432
00bbac68_4685,12230.625805949143
00bbac68_4686,12230.592350788582
00bbac68_4687,12230.557743710018
00bbac68_4688,12230.531906748602
00bbac68_4689,12230.50657589079
00bbac68_4690,12230.506818868233
00bbac68_4691,12230.489718399069
00bbac68_4692,12230.492185935347
00bbac68_4693,12230.489415203838
00bbac68_4694,12230.478512474338
00bbac68_4695,12230.461563352364
00bbac68_4696,12230.438949867723
00bbac68_4697,12230.417722818403
00bbac68_4698,12230.414091732137
00bbac68_4699,12230.406245428381
00bbac68_4700,12230.396338285023
00bbac68_4701,12230.399182238607
00bbac68_4702,12230.407201229187
00bbac68_4703,12230.43014934748
00bbac68_4704,12230.471836515215
00bbac68_4705,12230.515210922364
00bbac68_4706,12230.569653880171
00bbac68_4707,12230.614790668871
00bbac68_4708,12230.672452534905
00bbac68_4709,12230.731849513571
00bbac68_4710,12230.782728642867
00bbac68_4711,12230.814316418064
00bbac68_4712,12230.83088582357
00bbac68_4713,12230.822089335823
00bbac68_4714,12230.81909339719
00bbac68_4715,12230.798849045897
00bbac68_4716,12230.76656752793
00bbac68_4717,12230.751687779843
00bbac68_4718,12230.73628810169
00bbac68_4719,12230.72161970007
00bbac68_4720,12230.711332189216
00bbac68_4721,12230.704372362758
00bbac68_4722,12230.704275597129
00bbac68_4723,12230.721186531677
00bbac68_4724,12230.757419123387
00bbac68_4725,12230.786325767656
00bbac68_4726,12230.814461773307
00bbac68_4727,12230.805174945774
00bbac68_4728,12230.766686382685
00bbac68_4729,12230.715379796136
00bbac68_4730,12230.667821227624
00bbac68_4731,12230.61414999376
00bbac68_4732,12230.544314960913
00bbac68_4733,12230.486328459443
00bbac68_4734,12230.43083418695
00bbac68_4735,12230.366809836689
00bbac68_4736,12230.318494790788
00bbac68_4737,12230.294948540763
00bbac68_4738,12230.300147713328
00bbac68_4739,12230.33239909246
00bbac68_4740,12230.379194493891
00bbac68_4741,12230.40776374583
00bbac68_4742,12230.440582908572
00bbac68_4743,12230.458994517883
00bbac68_4744,12230.465842384865
00bbac68_4745,12230.4822282845
00bbac68_4746,12230.491944388723
00bbac68_4747,12230.482582426977
00bbac68_4748,12230.452302070202
00bbac68_4749,12230.43338536315
00bbac68_4750,12230.41871192412
00bbac68_4751,12230.402902255692
00bbac68_4752,12230.39284303185
00bbac68_4753,12230.408031939536
00bbac68_4754,12230.420363227753
00bbac68_4755,12230.438971978168
00bbac68_4756,12230.444198250098
00bbac68_4757,12230.444729296236
00bbac68_4758,12230.43944849749
00bbac68_4759,12230.427193361742
00bbac68_4760,12230.40139151318
00bbac68_4761,12230.371195002297
00bbac68_4762,12230.336006698595
00bbac68_4763,12230.26718242525
00bbac68_4764,12230.22390498226
00bbac68_4765,12230.20291895597
00bbac68_4766,12230.176125054339
00bbac68_4767,12230.145652118788
00bbac68_4768,12230.121088247302
00bbac68_4769,12230.101284089402
00bbac68_4770,12230.07485230032
00bbac68_4771,12230.070975061275
00bbac68_4772,12230.060243649277
00bbac68_4773,12230.04079655124
00bbac68_4774,12230.01843034361
00bbac68_4775,12229.993264425517
00bbac68_4776,12229.962127516039
00bbac68_4777,12229.938482420197
00bbac68_4778,12229.918542156387
00bbac68_4779,12229.872453740123
00bbac68_4780,12229.885897171363
00bbac68_4781,12229.91008856349
00bbac68_4782,12229.922663950574
00bbac68_4783,12229.932204365163
00bbac68_4784,12229.958034476309
00bbac68_4785,12230.005124197878
00bbac68_4786,12230.057348429187
00bbac68_4787,12230.113376932499
00bbac68_4788,12230.167434245006
00bbac68_4789,12230.201633068193
00bbac68_4790,12230.22510343272
00bbac68_4791,12230.223991979467
00bbac68_4792,12230.197560130155
00bbac68_4793,12230.184055744483
00bbac68_4794,12230.154357960639
00bbac68_4795,12230.099961922668
00bbac68_4796,12230.072223388759
00bbac68_4797,12230.05056896067
00bbac68_4798,12230.03947035253
00bbac68_4799,12230.040337732646
00bbac68_4800,12230.049332147973
00bbac68_4801,12230.051449412751
00bbac68_4802,12230.036687852611
00bbac68_4803,12230.03897380838
00bbac68_4804,12230.04388398847
00bbac68_4805,12230.016409050379
00bbac68_4806,12229.973546481098
00bbac68_4807,12229.976304678972
00bbac68_4808,12229.980209194011
00bbac68_4809,12230.002075291306
00bbac68_4810,12229.99825786727
00bbac68_4811,12229.960967720952
00bbac68_4812,12229.91240016884
00bbac68_4813,12229.892111434985
00bbac68_4814,12229.882408310663
00bbac68_4815,12229.887024977292
00bbac68_4816,12229.875125738195
00bbac68_4817,12229.864199709651
00bbac68_4818,12229.862864235265
00bbac68_4819,12229.872365920808
00bbac68_4820,12229.870257902523
00bbac68_4821,12229.865903085252
00bbac68_4822,12229.892057802776
00bbac68_4823,12229.960629785108
00bbac68_4824,12229.990617635543
00bbac68_4825,12230.0038661348
00bbac68_4826,12229.992778011301
00bbac68_4827,12229.955022412165
00bbac68_4828,12229.909761830675
00bbac68_4829,12229.876952563896
00bbac68_4830,12229.863535395176
00bbac68_4831,12229.866897857546
00bbac68_4832,12229.862514942739
00bbac68_4833,12229.860383068659
00bbac68_4834,12229.85409759342
00bbac68_4835,12229.843812766412
00bbac68_4836,12229.845010694866
00bbac68_4837,12229.845145118554
00bbac68_4838,12229.835192743425
00bbac68_4839,12229.83080651036
00bbac68_4840,12229.833845393687
00bbac68_4841,12229.855300702533
00bbac68_4842,12229.892846810528
00bbac68_4843,12229.922090692535
00bbac68_4844,12229.941170831002
00bbac68_4845,12229.943745728273
00bbac68_4846,12229.970862158216
00bbac68_4847,12230.003313826155
00bbac68_4848,12230.050144336483
00bbac68_4849,12230.096601756859
00bbac68_4850,12230.124027837928
00bbac68_4851,12230.137123338936
00bbac68_4852,12230.130045899574
00bbac68_4853,12230.12033773147
00bbac68_4854,12230.122617769284
00bbac68_4855,12230.148157522837
00bbac68_4856,12230.177602045262
00bbac68_4857,12230.218958999905
00bbac68_4858,12230.23439319626
00bbac68_4859,12230.219471417753
00bbac68_4860,12230.221883751934
00bbac68_4861,12230.235292420157
00bbac68_4862,12230.292116782537
00bbac68_4863,12230.346998345512
00bbac68_4864,12230.361559089884
00bbac68_4865,12230.385503149957
00bbac68_4866,12230.414784611095
00bbac68_4867,12230.436251933717
00bbac68_4868,12230.464815024836
00bbac68_4869,12230.520973057313
00bbac68_4870,12230.58209161881
00bbac68_4871,12230.63045112592
00bbac68_4872,12230.640629501697
00bbac68_4873,12230.654045975756
00bbac68_4874,12230.638570860707
00bbac68_4875,12230.627462996517
00bbac68_4876,12230.635273314449
00bbac68_4877,12230.642840240338
00bbac68_4878,12230.6247251691
00bbac68_4879,12230.569735662944
00bbac68_4880,12230.500256843408
00bbac68_4881,12230.46083652642
00bbac68_4882,12230.425710137742
00bbac68_4883,12230.386122102485
00bbac68_4884,12230.385328890614
00bbac68_4885,12230.388767627403
00bbac68_4886,12230.388465484295
00bbac68_4887,12230.359674902791
00bbac68_4888,12230.347733234712
00bbac68_4889,12230.343929173592
00bbac68_4890,12230.326280899219
00bbac68_4891,12230.336299771327
00bbac68_4892,12230.343804673901
00bbac68_4893,12230.349664458676
00bbac68_4894,12230.338842863048
00bbac68_4895,12230.353283212748
00bbac68_4896,12230.353035362095
00bbac68_4897,12230.33433096389
00bbac68_4898,12230.32780619555
00bbac68_4899,12230.330618164076
00bbac68_4900,12230.310481143535
00bbac68_4901,12230.296959414303
00bbac68_4902,12230.269954092275
00bbac68_4903,12230.203927517594
00bbac68_4904,12230.172975848494
00bbac68_4905,12230.135597626517
00bbac68_4906,12230.108341519244
00bbac68_4907,12230.127558235394
00bbac68_4908,12230.140042121893
00bbac68_4909,12230.157052925488
00bbac68_4910,12230.17026174887
00bbac68_4911,12230.174892445879
00bbac68_4912,12230.141180225923
00bbac68_4913,12230.142237057229
00bbac68_4914,12230.174936705647
00bbac68_4915,12230.220238021013
00bbac68_4916,12230.253890870215
00bbac68_4917,12230.323369654845
00bbac68_4918,12230.39879951573
00bbac68_4919,12230.461960034007
00bbac68_4920,12230.550938908325
00bbac68_4921,12230.663275663228
00bbac68_4922,12230.749376180405
00bbac68_4923,12230.85902377374
00bbac68_4924,12230.94564369605
00bbac68_4925,12230.991582880652
00bbac68_4926,12230.999403160406
00bbac68_4927,12230.950873093369
00bbac68_4928,12230.909252466014
00bbac68_4929,12230.900665603773
00bbac68_4930,12230.913176908722
00bbac68_4931,12230.922553501945
00bbac68_4932,12230.913045955896
00bbac68_4933,12230.909662023552
00bbac68_4934,12230.890630857486
00bbac68_4935,12230.863363040038
00bbac68_4936,12230.866884943754
00bbac68_4937,12230.871851956295
00bbac68_4938,12230.832043129101
00bbac68_4939,12230.821649996542
00bbac68_4940,12230.803094170715
00bbac68_4941,12230.814469005758
00bbac68_4942,12230.817654984037
00bbac68_4943,12230.79739321423
00bbac68_4944,12230.81799366865
00bbac68_4945,12230.865512792587
00bbac68_4946,12230.915593975693
00bbac68_4947,12230.961188000636
00bbac68_4948,12230.99078097392
00bbac68_4949,12231.02814210393
00bbac68_4950,12231.04966296511
00bbac68_4951,12231.089332642156
00bbac68_4952,12231.14608777568
00bbac68_4953,12231.164652520843
00bbac68_4954,12231.160517774919
00bbac68_4955,12231.175294656776
00bbac68_4956,12231.189496656265
00bbac68_4957,12231.202100884695
00bbac68_4958,12231.18641521119
00bbac68_4959,12231.179685209285
00bbac68_4960,12231.196632644576
00bbac68_4961,12231.214977432513
00bbac68_4962,12231.237417797667
00bbac68_4963,12231.262084218111
00bbac68_4964,12231.296654132271
00bbac68_4965,12231.339510416587
00bbac68_4966,12231.38234179478
00bbac68_4967,12231.414916302156
00bbac68_4968,12231.464869782856
00bbac68_4969,12231.497139020788
00bbac68_4970,12231.518082864763
00bbac68_4971,12231.533108340172
00bbac68_4972,12231.528227665276
00bbac68_4973,12231.50705484669
00bbac68_4974,12231.493370208833
00bbac68_4975,12231.479388800952
00bbac68_4976,12231.478967678066
00bbac68_4977,12231.472212705938
00bbac68_4978,12231.471857347391
00bbac68_4979,12231.461615864107
00bbac68_4980,12231.474545189198
00bbac68_4981,12231.464280971393
00bbac68_4982,12231.474547776234
00bbac68_4983,12231.496094336935
00bbac68_4984,12231.536466957179
00bbac68_4985,12231.58486694966
00bbac68_4986,12231.635004554588
00bbac68_4987,12231.690683159892
00bbac68_4988,12231.742033247963
00bbac68_4989,12231.769080262293
00bbac68_4990,12231.80155982336
00bbac68_4991,12231.849380429077
00bbac68_4992,12231.896419431852
00bbac68_4993,12231.94468637276
00bbac68_4994,12231.990355375621
00bbac68_4995,12232.028173966477
00bbac68_4996,12232.04119347488
00bbac68_4997,12232.032366607109
00bbac68_4998,12232.041462937925
00bbac68_4999,12232.053980900606
00bbac68_5000,12232.070029062384
00bbac68_5001,12232.049746369945
00bbac68_5002,12231.980063333576
00bbac68_5003,12231.852625528501
00bbac68_5004,12231.690588768432
00bbac68_5005,12231.522124493791
00bbac68_5006,12231.391267104398
00bbac68_5007,12231.300481045633
00bbac68_5008,12231.220508280487
00bbac68_5009,12231.180519700998
00bbac68_5010,12231.153862909136
00bbac68_5011,12231.144462815895
00bbac68_5012,12231.156466799435
00bbac68_5013,12231.201294762752
00bbac68_5014,12231.277054106244
00bbac68_5015,12231.371448926307
00bbac68_5016,12231.454208542664
00bbac68_5017,12231.48516656729
00bbac68_5018,12231.494701828495
00bbac68_5019,12231.473154444651
00bbac68_5020,12231.446697685433
00bbac68_5021,12231.438950527076
00bbac68_5022,12231.443766198132
00bbac68_5023,12231.456351712555
00bbac68_5024,12231.461835214031
00bbac68_5025,12231.490539674642
00bbac68_5026,12231.501725709246
00bbac68_5027,12231.5122124578
00bbac68_5028,12231.508791594128
00bbac68_5029,12231.513470607188
00bbac68_5030,12231.52695362124
00bbac68_5031,12231.531471079408
00bbac68_5032,12231.53850996496
00bbac68_5033,12231.536868656864
00bbac68_5034,12231.532374868108
00bbac68_5035,12231.514818577882
00bbac68_5036,12231.487025626626
00bbac68_5037,12231.472627735126
00bbac68_5038,12231.459247281904
00bbac68_5039,12231.442596211964
00bbac68_5040,12231.439968235161
00bbac68_5041,12231.448218420883
00bbac68_5042,12231.44133728522
00bbac68_5043,12231.439479295856
00bbac68_5044,12231.450505462013
00bbac68_5045,12231.462786946178
00bbac68_5046,12231.452666932339
00bbac68_5047,12231.457478189564
00bbac68_5048,12231.453053846542
00bbac68_5049,12231.443147077644
00bbac68_5050,12231.445384813678
00bbac68_5051,12231.447457251394
00bbac68_5052,12231.447590714935
00bbac68_5053,12231.450312822262
00bbac68_5054,12231.443287571448
00bbac68_5055,12231.443812104908
00bbac68_5056,12231.459105373171
00bbac68_5057,12231.483052582254
00bbac68_5058,12231.516359579438
00bbac68_5059,12231.543054267022
00bbac68_5060,12231.570748945449
00bbac68_5061,12231.569658939967
00bbac68_5062,12231.557185010302
00bbac68_5063,12231.56357137718
00bbac68_5064,12231.549734789836
00bbac68_5065,12231.55366378656
00bbac68_5066,12231.563673512679
00bbac68_5067,12231.56242069977
00bbac68_5068,12231.550256278311
00bbac68_5069,12231.549581886047
00bbac68_5070,12231.534037447022
00bbac68_5071,12231.533412232
00bbac68_5072,12231.540376008623
00bbac68_5073,12231.545621338
00bbac68_5074,12231.551273993302
00bbac68_5075,12231.545292355946
00bbac68_5076,12231.542367826634
00bbac68_5077,12231.535272716383
00bbac68_5078,12231.544337289692
00bbac68_5079,12231.53530200047
00bbac68_5080,12231.521897738452
00bbac68_5081,12231.530365275497
00bbac68_5082,12231.533957319518
00bbac68_5083,12231.535137725536
00bbac68_5084,12231.54532222089
00bbac68_5085,12231.552610586097
00bbac68_5086,12231.54151598149
00bbac68_5087,12231.546035912017
00bbac68_5088,12231.529392328728
00bbac68_5089,12231.525833083551
00bbac68_5090,12231.534617182837
00bbac68_5091,12231.556369589489
00bbac68_5092,12231.594377395117
00bbac68_5093,12231.64351744128
00bbac68_5094,12231.6993699606
00bbac68_5095,12231.749064649182
00bbac68_5096,12231.80709980119
00bbac68_5097,12231.855978595639
00bbac68_5098,12231.871378018584
00bbac68_5099,12231.886005043789
00bbac68_5100,12231.839106280124
00bbac68_5101,12231.732101296804
00bbac68_5102,12231.6100913276
00bbac68_5103,12231.525000180762
00bbac68_5104,12231.456596312772
00bbac68_5105,12231.4487955933
00bbac68_5106,12231.478055589692
00bbac68_5107,12231.54739625358
00bbac68_5108,12231.655115249654
00bbac68_5109,12231.76679572926
00bbac68_5110,12231.863983638643
00bbac68_5111,12232.004425437075
00bbac68_5112,12232.111837647744
00bbac68_5113,12232.210679308562
00bbac68_5114,12232.297240194133
00bbac68_5115,12232.366054129012
00bbac68_5116,12232.363669363482
00bbac68_5117,12232.339860875252
00bbac68_5118,12232.319712976236
00bbac68_5119,12232.321967189788
00bbac68_5120,12232.343180319234
00bbac68_5121,12232.366614950875
00bbac68_5122,12232.387112161181
00bbac68_5123,12232.415622159404
00bbac68_5124,12232.439402584903
00bbac68_5125,12232.434103938533
00bbac68_5126,12232.425225637462
00bbac68_5127,12232.4399244606
00bbac68_5128,12232.438332059326
00bbac68_5129,12232.451538512707
00bbac68_5130,12232.469300228518
00bbac68_5131,12232.475326840813
00bbac68_5132,12232.463201988941
00bbac68_5133,12232.435236597632
00bbac68_5134,12232.396310984317
00bbac68_5135,12232.370170024247
00bbac68_5136,12232.375639931735
00bbac68_5137,12232.367100517553
00bbac68_5138,12232.380412077875
00bbac68_5139,12232.398578507331
00bbac68_5140,12232.394296203614
00bbac68_5141,12232.389147600752
00bbac68_5142,12232.375044179684
00bbac68_5143,12232.351925164496
00bbac68_5144,12232.33036746654
00bbac68_5145,12232.300831952072
00bbac68_5146,12232.277906711079
00bbac68_5147,12232.240542374284
00bbac68_5148,12232.195225937694
00bbac68_5149,12232.16088268824
00bbac68_5150,12232.134609430963
00bbac68_5151,12232.1142931698
00bbac68_5152,12232.1207572247
00bbac68_5153,12232.106094086754
00bbac68_5154,12232.059080458834
00bbac68_5155,12231.994279727482
00bbac68_5156,12231.922133110938
00bbac68_5157,12231.877462437813
00bbac68_5158,12231.847623584732
00bbac68_5159,12231.828571523682
00bbac68_5160,12231.828577033008
00bbac68_5161,12231.83856621565
00bbac68_5162,12231.861293661805
00bbac68_5163,12231.888487694483
00bbac68_5164,12231.924918398388
00bbac68_5165,12231.97708830823
00bbac68_5166,12232.028620163599
00bbac68_5167,12232.084286905669
00bbac68_5168,12232.125804206215
00bbac68_5169,12232.116092395367
00bbac68_5170,12232.070277011324
00bbac68_5171,12232.040673045283
00bbac68_5172,12232.006513951994
00bbac68_5173,12231.983841148714
00bbac68_5174,12231.958073305212
00bbac68_5175,12231.937230513015
00bbac68_5176,12231.920935156173
00bbac68_5177,12231.892415167677
00bbac68_5178,12231.890793591703
00bbac68_5179,12231.849163760106
00bbac68_5180,12231.81206535489
00bbac68_5181,12231.721896361421
00bbac68_5182,12231.650320869965
00bbac68_5183,12231.566498689957
00bbac68_5184,12231.486482418552
00bbac68_5185,12231.439523984149
00bbac68_5186,12231.423415948031
00bbac68_5187,12231.438951187729
00bbac68_5188,12231.47253963404
00bbac68_5189,12231.533379557626
00bbac68_5190,12231.606367899838
00bbac68_5191,12231.701471639375
00bbac68_5192,12231.790887698982
00bbac68_5193,12231.880324756616
00bbac68_5194,12231.975926641868
00bbac68_5195,12232.009250522646
00bbac68_5196,12232.035686291976
00bbac68_5197,12232.015646670145
00bbac68_5198,12232.0353720639
00bbac68_5199,12232.03491832493
00bbac68_5200,12232.064800837068
00bbac68_5201,12232.021122555609
00bbac68_5202,12231.942486097952
00bbac68_5203,12231.834825323363
00bbac68_5204,12231.734646431745
00bbac68_5205,12231.662894042998
00bbac68_5206,12231.600839207118
00bbac68_5207,12231.528102197126
00bbac68_5208,12231.46948428561
00bbac68_5209,12231.438487972495
00bbac68_5210,12231.444786964463
00bbac68_5211,12231.47917676211
00bbac68_5212,12231.545201704039
00bbac68_5213,12231.653638230971
00bbac68_5214,12231.784605815508
00bbac68_5215,12231.901451600808
00bbac68_5216,12231.987785381367
00bbac68_5217,12232.015465960249
00bbac68_5218,12232.038815097885
00bbac68_5219,12232.054321549009
00bbac68_5220,12232.080988527885
00bbac68_5221,12232.095617773379
00bbac68_5222,12232.086927099286
00bbac68_5223,12232.04678142438
00bbac68_5224,12232.020456992195
00bbac68_5225,12231.995231986795
00bbac68_5226,12231.963454069646
00bbac68_5227,12231.927570954986
00bbac68_5228,12231.905095584165
00bbac68_5229,12231.884081301108
00bbac68_5230,12231.860303634465
00bbac68_5231,12231.838715412707
00bbac68_5232,12231.83044798295
00bbac68_5233,12231.81896239064
00bbac68_5234,12231.80720054629
00bbac68_5235,12231.799879359645
00bbac68_5236,12231.810358321301
00bbac68_5237,12231.82453843662
00bbac68_5238,12231.844727300491
00bbac68_5239,12231.864212715831
00bbac68_5240,12231.888962341738
00bbac68_5241,12231.91193762062
00bbac68_5242,12231.89985874993
00bbac68_5243,12231.915732533196
00bbac68_5244,12231.956906809559
00bbac68_5245,12231.99365990039
00bbac68_5246,12232.058532980043
00bbac68_5247,12232.123522458789
00bbac68_5248,12232.19101293146
00bbac68_5249,12232.2384975934
00bbac68_5250,12232.303990338854
00bbac68_5251,12232.345851446478
00bbac68_5252,12232.371420727217
00bbac68_5253,12232.376305618172
00bbac68_5254,12232.363583396225
00bbac68_5255,12232.327212898344
00bbac68_5256,12232.290644820481
00bbac68_5257,12232.24098301523
00bbac68_5258,12232.158599464285
00bbac68_5259,12232.103987713686
00bbac68_5260,12232.05139142313
00bbac68_5261,12232.012274766219
00bbac68_5262,12231.994281290452
00bbac68_5263,12231.952348294097
00bbac68_5264,12231.899975377286
00bbac68_5265,12231.853518593505
00bbac68_5266,12231.801347393019
00bbac68_5267,12231.737213947534
00bbac68_5268,12231.675025177676
00bbac68_5269,12231.63165033754
00bbac68_5270,12231.601274712755
00bbac68_5271,12231.579920306025
00bbac68_5272,12231.580528481481
00bbac68_5273,12231.574763521181
00bbac68_5274,12231.559696953691
00bbac68_5275,12231.566812691737
00bbac68_5276,12231.576065306173
00bbac68_5277,12231.598165004187
00bbac68_5278,12231.62078145303
00bbac68_5279,12231.623704813634
00bbac68_5280,12231.620364974151
00bbac68_5281,12231.609623722472
00bbac68_5282,12231.577354836572
00bbac68_5283,12231.546544010915
00bbac68_5284,12231.506507225222
00bbac68_5285,12231.4632432382
00bbac68_5286,12231.422940903381
00bbac68_5287,12231.387161049608
00bbac68_5288,12231.363004828656
00bbac68_5289,12231.329341931832
00bbac68_5290,12231.303657758452
00bbac68_5291,12231.295931157068
00bbac68_5292,12231.300928071658
00bbac68_5293,12231.31266122391
00bbac68_5294,12231.328044949432
00bbac68_5295,12231.335001194864
00bbac68_5296,12231.327649684054
00bbac68_5297,12231.31394979967
00bbac68_5298,12231.304796467912
00bbac68_5299,12231.298668963676
00bbac68_5300,12231.284725061993
00bbac68_5301,12231.272416353238
00bbac68_5302,12231.284416924425
00bbac68_5303,12231.285898829783
00bbac68_5304,12231.268012826251
00bbac68_5305,12231.225469856754
00bbac68_5306,12231.20876609526
00bbac68_5307,12231.185389496375
00bbac68_5308,12231.167409616644
00bbac68_5309,12231.135621306483
00bbac68_5310,12231.093085595565
00bbac68_5311,12231.052709838405
00bbac68_5312,12231.007217305503
00bbac68_5313,12230.979376085223
00bbac68_5314,12230.959073018696
00bbac68_5315,12230.937843151683
00bbac68_5316,12230.926198602392
00bbac68_5317,12230.925035084902
00bbac68_5318,12230.94262861492
00bbac68_5319,12230.92699421331
00bbac68_5320,12230.908123487514
00bbac68_5321,12230.899676149433
00bbac68_5322,12230.928677235757
00bbac68_5323,12230.932097513381
00bbac68_5324,12230.931608297293
00bbac68_5325,12230.919389396582
00bbac68_5326,12230.897928341448
00bbac68_5327,12230.88347761447
00bbac68_5328,12230.869844154799
00bbac68_5329,12230.855315084644
00bbac68_5330,12230.819736789284
00bbac68_5331,12230.77730114944
00bbac68_5332,12230.758118309463
00bbac68_5333,12230.730388303255
00bbac68_5334,12230.694775962695
00bbac68_5335,12230.658824911843
00bbac68_5336,12230.62988127173
00bbac68_5337,12230.608708694412
00bbac68_5338,12230.599102838012
00bbac68_5339,12230.591859416812
00bbac68_5340,12230.585440435083
00bbac68_5341,12230.571084023582
00bbac68_5342,12230.570243404713
00bbac68_5343,12230.567028558038
00bbac68_5344,12230.559217214617
00bbac68_5345,12230.555411237372
00bbac68_5346,12230.531465382828
00bbac68_5347,12230.534140574437
00bbac68_5348,12230.564486161526
00bbac68_5349,12230.586116894068
00bbac68_5350,12230.631484792082
00bbac68_5351,12230.690180706415
00bbac68_5352,12230.72320960522
00bbac68_5353,12230.760475885065
00bbac68_5354,12230.815127017866
00bbac68_5355,12230.876498763284
00bbac68_5356,12230.895064888568
00bbac68_5357,12230.877931810035
00bbac68_5358,12230.8372617244
00bbac68_5359,12230.779735606615
00bbac68_5360,12230.694287414757
00bbac68_5361,12230.605468281943
00bbac68_5362,12230.499531989464
00bbac68_5363,12230.41844999034
00bbac68_5364,12230.361318271744
00bbac68_5365,12230.308514345144
00bbac68_5366,12230.270192096708
00bbac68_5367,12230.24587229732
00bbac68_5368,12230.211893783058
00bbac68_5369,12230.218533585796
00bbac68_5370,12230.244046471902
00bbac68_5371,12230.240656541151
00bbac68_5372,12230.242765592022
00bbac68_5373,12230.258091667109
00bbac68_5374,12230.29128298841
00bbac68_5375,12230.350365395268
00bbac68_5376,12230.401634350781
00bbac68_5377,12230.451379036334
00bbac68_5378,12230.48162702809
00bbac68_5379,12230.506559216328
00bbac68_5380,12230.528967127473
00bbac68_5381,12230.532501289932
00bbac68_5382,12230.517531631007
00bbac68_5383,12230.511206073144
00bbac68_5384,12230.471411938443
00bbac68_5385,12230.434444290442
00bbac68_5386,12230.36771261955
00bbac68_5387,12230.310604044354
00bbac68_5388,12230.279264713401
00bbac68_5389,12230.251893497694
00bbac68_5390,12230.22188780101
00bbac68_5391,12230.198434087564
00bbac68_5392,12230.1845991536
00bbac68_5393,12230.16102992247
00bbac68_5394,12230.134640901053
00bbac68_5395,12230.108565612341
00bbac68_5396,12230.07032455692
00bbac68_5397,12230.037055759303
00bbac68_5398,12230.008670558895
00bbac68_5399,12229.979151388556
00bbac68_5400,12229.940358146034
00bbac68_5401,12229.906275674615
00bbac68_5402,12229.87012883564
00bbac68_5403,12229.858163848312
00bbac68_5404,12229.830778043139
00bbac68_5405,12229.796792626496
00bbac68_5406,12229.765482391034
00bbac68_5407,12229.763744018479
00bbac68_5408,12229.777105765468
00bbac68_5409,12229.7768206309
00bbac68_5410,12229.797678900735
00bbac68_5411,12229.792335427479
00bbac68_5412,12229.786849708209
00bbac68_5413,12229.797419528213
00bbac68_5414,12229.790736269639
00bbac68_5415,12229.75226115272
00bbac68_5416,12229.753395438449
00bbac68_5417,12229.758875962458
00bbac68_5418,12229.743393533241
00bbac68_5419,12229.71610998086
00bbac68_5420,12229.64906111431
00bbac68_5421,12229.60474358194
00bbac68_5422,12229.560815839444
00bbac68_5423,12229.493059727298
00bbac68_5424,12229.448519315718
00bbac68_5425,12229.403758802353
00bbac68_5426,12229.341448909516
00bbac68_5427,12229.308644231794
00bbac68_5428,12229.27727041244
00bbac68_5429,12229.288682035667
00bbac68_5430,12229.24557200912
00bbac68_5431,12229.205538476186
00bbac68_5432,12229.213016309195
00bbac68_5433,12229.189264263508
00bbac68_5434,12229.176828411735
00bbac68_5435,12229.187256292083
00bbac68_5436,12229.220327210252
00bbac68_5437,12229.29378013563
00bbac68_5438,12229.32092474739
00bbac68_5439,12229.343112743543
00bbac68_5440,12229.350432462426
00bbac68_5441,12229.353670102291
00bbac68_5442,12229.351015878252
00bbac68_5443,12229.404145131452
00bbac68_5444,12229.411291661945
00bbac68_5445,12229.428900242858
00bbac68_5446,12229.352431630223
00bbac68_5447,12229.298638594524
00bbac68_5448,12229.260829959578
00bbac68_5449,12229.22158994997
00bbac68_5450,12229.218653916598
00bbac68_5451,12229.223697493635
00bbac68_5452,12229.221887042046
00bbac68_5453,12229.198675514679
00bbac68_5454,12229.153840587815
00bbac68_5455,12229.10336924494
00bbac68_5456,12229.029360815437
00bbac68_5457,12229.000118516886
00bbac68_5458,12228.975923854854
00bbac68_5459,12228.949419725954
00bbac68_5460,12228.916499672283
00bbac68_5461,12228.891506800665
00bbac68_5462,12228.879481198897
00bbac68_5463,12228.896059894603
00bbac68_5464,12228.916792732709
00bbac68_5465,12228.958188104845
00bbac68_5466,12228.972839719474
00bbac68_5467,12228.97752673835
00bbac68_5468,12228.951129772891
00bbac68_5469,12228.916650586036
00bbac68_5470,12228.873158968003
00bbac68_5471,12228.828408746622
00bbac68_5472,12228.744995434048
00bbac68_5473,12228.657576932323
00bbac68_5474,12228.595877075597
00bbac68_5475,12228.539327300216
00bbac68_5476,12228.463139151954
00bbac68_5477,12228.406526959458
00bbac68_5478,12228.344013678903
00bbac68_5479,12228.271119495175
00bbac68_5480,12228.184284589144
00bbac68_5481,12228.118805196484
00bbac68_5482,12228.016511420748
00bbac68_5483,12227.91038879662
00bbac68_5484,12227.815003426642
00bbac68_5485,12227.750569210311
00bbac68_5486,12227.703172583064
00bbac68_5487,12227.683425064899
00bbac68_5488,12227.683085829733
00bbac68_5489,12227.718805493414
00bbac68_5490,12227.749716952514
00bbac68_5491,12227.745632027492
00bbac68_5492,12227.724275174935
00bbac68_5493,12227.716261895554
00bbac68_5494,12227.684921867845
00bbac68_5495,12227.650706134316
00bbac68_5496,12227.616208082827
00bbac68_5497,12227.567692690436
00bbac68_5498,12227.523682570456
00bbac68_5499,12227.502999330301
00bbac68_5500,12227.498036851239
00bbac68_5501,12227.551720605825
00bbac68_5502,12227.621638189737
00bbac68_5503,12227.69660463728
00bbac68_5504,12227.782752435816
00bbac68_5505,12227.826778031511
00bbac68_5506,12227.81909426762
00bbac68_5507,12227.787415670438
00bbac68_5508,12227.755151139563
00bbac68_5509,12227.680392212129
00bbac68_5510,12227.612666591653
00bbac68_5511,12227.543100345396
00bbac68_5512,12227.48769969412
00bbac68_5513,12227.434444631755
00bbac68_5514,12227.420764007837
00bbac68_5515,12227.426850254062
00bbac68_5516,12227.449581464543
00bbac68_5517,12227.508282228044
00bbac68_5518,12227.549673056756
00bbac68_5519,12227.590662955166
00bbac68_5520,12227.63789832302
00bbac68_5521,12227.672051916827
00bbac68_5522,12227.677800527343
00bbac68_5523,12227.663022376706
00bbac68_5524,12227.631427653787
00bbac68_5525,12227.565465860682
00bbac68_5526,12227.531392165807
00bbac68_5527,12227.487204973237
00bbac68_5528,12227.466636360617
00bbac68_5529,12227.449296229877
00bbac68_5530,12227.425547973253
00bbac68_5531,12227.40254807695
00bbac68_5532,12227.378036148495
00bbac68_5533,12227.344260710286
00bbac68_5534,12227.31333690204
00bbac68_5535,12227.308327245451
00bbac68_5536,12227.298002724574
00bbac68_5537,12227.28713034756
00bbac68_5538,12227.276232071039
00bbac68_5539,12227.2608396788
00bbac68_5540,12227.240422827
00bbac68_5541,12227.21972328876
00bbac68_5542,12227.195157625812
00bbac68_5543,12227.18489241117
00bbac68_5544,12227.181425965839
00bbac68_5545,12227.144029840128
00bbac68_5546,12227.095275957035
00bbac68_5547,12227.030304614425
00bbac68_5548,12226.958595659702
00bbac68_5549,12226.862166238898
00bbac68_5550,12226.784178232663
00bbac68_5551,12226.743180931444
00bbac68_5552,12226.710206601774
00bbac68_5553,12226.71358643412
00bbac68_5554,12226.735942530759
00bbac68_5555,12226.738790900072
00bbac68_5556,12226.737896712944
00bbac68_5557,12226.726378615827
00bbac68_5558,12226.68134370036
00bbac68_5559,12226.645777596357
00bbac68_5560,12226.593079970004
00bbac68_5561,12226.513859137905
00bbac68_5562,12226.439996366402
00bbac68_5563,12226.361059033447
00bbac68_5564,12226.288641147581
00bbac68_5565,12226.221336295028
00bbac68_5566,12226.195144848623
00bbac68_5567,12226.184005154599
00bbac68_5568,12226.198883844483
00bbac68_5569,12226.269614931573
00bbac68_5570,12226.320017644302
00bbac68_5571,12226.321340104672
00bbac68_5572,12226.283578577108
00bbac68_5573,12226.207824909661
00bbac68_5574,12226.08566660222
00bbac68_5575,12225.956542450756
00bbac68_5576,12225.823501492252
00bbac68_5577,12225.67947175385
00bbac68_5578,12225.547055398341
00bbac68_5579,12225.446656433855
00bbac68_5580,12225.350193214626
00bbac68_5581,12225.26532840986
00bbac68_5582,12225.19982140746
00bbac68_5583,12225.166863259938
00bbac68_5584,12225.145423998747
00bbac68_5585,12225.141309042687
00bbac68_5586,12225.099989659166
00bbac68_5587,12225.025990912533
00bbac68_5588,12224.96390515129
00bbac68_5589,12224.873175873563
00bbac68_5590,12224.7623601384
00bbac68_5591,12224.642869836358
00bbac68_5592,12224.513352465752
00bbac68_5593,12224.340251095971
00bbac68_5594,12224.200440627295
00bbac68_5595,12224.10432864947
00bbac68_5596,12224.021984935924
00bbac68_5597,12224.009021395002
00bbac68_5598,12224.062712361563
00bbac68_5599,12224.081515536709
00bbac68_5600,12224.053542916512
00bbac68_5601,12224.001435662172
00bbac68_5602,12223.914375647082
00bbac68_5603,12223.848995966775
00bbac68_5604,12223.763454554019
00bbac68_5605,12223.62624013
00bbac68_5606,12223.463286118567
00bbac68_5607,12223.275441495793
00bbac68_5608,12223.06323701511
00bbac68_5609,12222.84982769473
00bbac68_5610,12222.700566547168
00bbac68_5611,12222.586838453322
00bbac68_5612,12222.524064360501
00bbac68_5613,12222.518249954732
00bbac68_5614,12222.493230182523
00bbac68_5615,12222.449162669733
00bbac68_5616,12222.40665278093
00bbac68_5617,12222.363894048163
00bbac68_5618,12222.307238151778
00bbac68_5619,12222.274540513588
00bbac68_5620,12222.209284068937
00bbac68_5621,12222.165718774984
00bbac68_5622,12222.114792600325
00bbac68_5623,12222.055983755417
00bbac68_5624,12222.005304865645
00bbac68_5625,12221.959430734049
00bbac68_5626,12221.919093984552
00bbac68_5627,12221.887944809041
00bbac68_5628,12221.856887688078
00bbac68_5629,12221.828316113493
00bbac68_5630,12221.795560040668
00bbac68_5631,12221.800338721021
00bbac68_5632,12221.78636368275
00bbac68_5633,12221.750309279942
00bbac68_5634,12221.713513302344
00bbac68_5635,12221.677805315527
00bbac68_5636,12221.65534825556
00bbac68_5637,12221.642658128761
00bbac68_5638,12221.614842608142
00bbac68_5639,12221.56402473616
00bbac68_5640,12221.530456108962
00bbac68_5641,12221.490598682974
00bbac68_5642,12221.46276816213
00bbac68_5643,12221.439748171053
00bbac68_5644,12221.414942539932
00bbac68_5645,12221.398347458007
00bbac68_5646,12221.38366499567
00bbac68_5647,12221.385130590492
00bbac68_5648,12221.356841939434
00bbac68_5649,12221.31573056641
00bbac68_5650,12221.274819799624
00bbac68_5651,12221.264480884582
00bbac68_5652,12221.29097034367
00bbac68_5653,12221.306822749948
00bbac68_5654,12221.319777640889
00bbac68_5655,12221.32942967251
00bbac68_5656,12221.365815086778
00bbac68_5657,12221.387896334787
00bbac68_5658,12221.410673247534
00bbac68_5659,12221.424316494466
00bbac68_5660,12221.42782912647
00bbac68_5661,12221.428488079056
00bbac68_5662,12221.391460586683
00bbac68_5663,12221.328494728728
00bbac68_5664,12221.247200663269
00bbac68_5665,12221.144275990198
00bbac68_5666,12220.9853624104
00bbac68_5667,12220.811775029504
00bbac68_5668,12220.58208857178
00bbac68_5669,12220.340226073948
00bbac68_5670,12220.107493097492
00bbac68_5671,12219.892454160892
00bbac68_5672,12219.705575389095
00bbac68_5673,12219.503744727073
00bbac68_5674,12219.357864497628
00bbac68_5675,12219.19320290376
00bbac68_5676,12219.064326305092
00bbac68_5677,12218.96855084607
00bbac68_5678,12218.904474364506
00bbac68_5679,12218.869139669436
00bbac68_5680,12218.862993280962
00bbac68_5681,12218.824986143212
00bbac68_5682,12218.787256871386
00bbac68_5683,12218.738731195626
00bbac68_5684,12218.691401155225
00bbac68_5685,12218.697107514326
00bbac68_5686,12218.706007349076
00bbac68_5687,12218.737363466038
00bbac68_5688,12218.759032595135
00bbac68_5689,12218.767328188958
00bbac68_5690,12218.760578857864
00bbac68_5691,12218.6898017345
00bbac68_5692,12218.640420684607
00bbac68_5693,12218.581027130445
00bbac68_5694,12218.4800386614
00bbac68_5695,12218.361529553069
00bbac68_5696,12218.21729288101
00bbac68_5697,12218.067828055553
00bbac68_5698,12217.933125177506
00bbac68_5699,12217.781738077489
00bbac68_5700,12217.622345134272
00bbac68_5701,12217.501132455272
00bbac68_5702,12217.389336684684
00bbac68_5703,12217.300104044043
00bbac68_5704,12217.237920537043
00bbac68_5705,12217.179527142247
00bbac68_5706,12217.14768855431
00bbac68_5707,12217.142347969322
00bbac68_5708,12217.141901359959
00bbac68_5709,12217.140611715002
00bbac68_5710,12217.113390120818
00bbac68_5711,12217.126229789243
00bbac68_5712,12217.107124096103
00bbac68_5713,12217.077574798437
00bbac68_5714,12217.063300065482
00bbac68_5715,12217.025818830878
00bbac68_5716,12216.981056411496
00bbac68_5717,12216.93430104382
00bbac68_5718,12216.896353030994
00bbac68_5719,12216.855837410949
00bbac68_5720,12216.8245497006
00bbac68_5721,12216.817729192713
00bbac68_5722,12216.84656361106
00bbac68_5723,12216.860890776365
00bbac68_5724,12216.83921388575
00bbac68_5725,12216.835997484583
00bbac68_5726,12216.784829293525
00bbac68_5727,12216.74909063634
00bbac68_5728,12216.663708535381
00bbac68_5729,12216.582930811192
00bbac68_5730,12216.485232524477
00bbac68_5731,12216.384754646959
00bbac68_5732,12216.278303135634
00bbac68_5733,12216.193696517124
00bbac68_5734,12216.105865640526
00bbac68_5735,12216.025336271336
00bbac68_5736,12215.944593931084
00bbac68_5737,12215.912683023753
00bbac68_5738,12215.868136209634
00bbac68_5739,12215.835106847839
00bbac68_5740,12215.802367903978
00bbac68_5741,12215.759193030222
00bbac68_5742,12215.702227352192
00bbac68_5743,12215.635267430973
00bbac68_5744,12215.552788019102
00bbac68_5745,12215.473022388776
00bbac68_5746,12215.38871471403
00bbac68_5747,12215.343365952334
00bbac68_5748,12215.26736445746
00bbac68_5749,12215.239810516305
00bbac68_5750,12215.135446509621
00bbac68_5751,12215.08835135751
00bbac68_5752,12215.045234913048
00bbac68_5753,12215.070492384839
00bbac68_5754,12215.102300853125
00bbac68_5755,12215.174104212476
00bbac68_5756,12215.253065644112
00bbac68_5757,12215.294462407282
00bbac68_5758,12215.36947499372
00bbac68_5759,12215.39208266666
00bbac68_5760,12215.42764914835
00bbac68_5761,12215.412326928272
00bbac68_5762,12215.425966110359
00bbac68_5763,12215.398058504888
00bbac68_5764,12215.34541789114
00bbac68_5765,12215.302680371005
00bbac68_5766,12215.185817638556
00bbac68_5767,12215.149340201428
00bbac68_5768,12215.088173295891
00bbac68_5769,12215.059094324362
00bbac68_5770,12214.996421050424
00bbac68_5771,12214.956221801001
00bbac68_5772,12214.908532155452
00bbac68_5773,12214.858206735373
00bbac68_5774,12214.790178803582
00bbac68_5775,12214.712594150911
00bbac68_5776,12214.719149913504
00bbac68_5777,12214.6970006811
00bbac68_5778,12214.696561220167
00bbac68_5779,12214.64721668227
00bbac68_5780,12214.60466360731
00bbac68_5781,12214.58742794195
00bbac68_5782,12214.553272724965
00bbac68_5783,12214.538877823907
00bbac68_5784,12214.525754789758
00bbac68_5785,12214.525861239006
00bbac68_5786,12214.513023823309
00bbac68_5787,12214.509024104995
00bbac68_5788,12214.486052980887
00bbac68_5789,12214.414162247696
00bbac68_5790,12214.320418596591
00bbac68_5791,12214.240791509843
00bbac68_5792,12214.201001418944
00bbac68_5793,12214.131371023092
00bbac68_5794,12214.062710580305
00bbac68_5795,12213.996344667357
00bbac68_5796,12213.964705904697
00bbac68_5797,12213.978647176327
00bbac68_5798,12213.974296503899
00bbac68_5799,12213.969386705012
00bbac68_5800,12214.001168534141
00bbac68_5801,12214.01179585703
00bbac68_5802,12214.013723060976
00bbac68_5803,12213.997782547012
00bbac68_5804,12213.933911675429
00bbac68_5805,12213.837037853962
00bbac68_5806,12213.737881947181
00bbac68_5807,12213.618662542453
00bbac68_5808,12213.52257677761
00bbac68_5809,12213.420122169286
00bbac68_5810,12213.342137890937
00bbac68_5811,12213.260775680386
00bbac68_5812,12213.18302626971
00bbac68_5813,12213.101415789559
00bbac68_5814,12213.008350290796
00bbac68_5815,12212.915540577782
00bbac68_5816,12212.84969506518
00bbac68_5817,12212.779711343734
00bbac68_5818,12212.71417204127
00bbac68_5819,12212.65159672142
00bbac68_5820,12212.607803836823
00bbac68_5821,12212.59364590642
00bbac68_5822,12212.582223407751
00bbac68_5823,12212.59174170165
00bbac68_5824,12212.618809314383
00bbac68_5825,12212.66590064819
00bbac68_5826,12212.720221425498
00bbac68_5827,12212.719554776133
00bbac68_5828,12212.697180479248
00bbac68_5829,12212.627070249218
00bbac68_5830,12212.56146423103
00bbac68_5831,12212.502207802954
00bbac68_5832,12212.455821756133
00bbac68_5833,12212.379641848785
00bbac68_5834,12212.297561593294
00bbac68_5835,12212.219280178811
00bbac68_5836,12212.172496541209
00bbac68_5837,12212.10979561009
00bbac68_5838,12212.06123941781
00bbac68_5839,12212.037688878792
00bbac68_5840,12212.023248646407
00bbac68_5841,12212.012649612974
00bbac68_5842,12211.984591670285
00bbac68_5843,12211.949522856994
00bbac68_5844,12211.93683451578
00bbac68_5845,12211.892993438214
00bbac68_5846,12211.89003812619
00bbac68_5847,12211.903769058168
00bbac68_5848,12211.90647491199
00bbac68_5849,12211.885590959173
00bbac68_5850,12211.882372730763
00bbac68_5851,12211.87685358602
00bbac68_5852,12211.867905438128
00bbac68_5853,12211.84169563435
00bbac68_5854,12211.795381721833
00bbac68_5855,12211.741370675107
00bbac68_5856,12211.695389756942
00bbac68_5857,12211.68560507751
00bbac68_5858,12211.68540183062
00bbac68_5859,12211.671172623006
00bbac68_5860,12211.64615869668
00bbac68_5861,12211.600764171852
00bbac68_5862,12211.575167220086
00bbac68_5863,12211.558222694015
00bbac68_5864,12211.526369858717
00bbac68_5865,12211.500332753338
00bbac68_5866,12211.502207896261
00bbac68_5867,12211.492677100827
00bbac68_5868,12211.498423081255
00bbac68_5869,12211.519269386854
00bbac68_5870,12211.488224523067
00bbac68_5871,12211.472010672474
00bbac68_5872,12211.44347915594
00bbac68_5873,12211.410730954965
00bbac68_5874,12211.321596331445
00bbac68_5875,12211.197557553209
00bbac68_5876,12211.105739253848
00bbac68_5877,12211.05589977592
00bbac68_5878,12211.001010163516
00bbac68_5879,12210.963662313612
00bbac68_5880,12210.91810579761
00bbac68_5881,12210.891131360568
00bbac68_5882,12210.890560748374
00bbac68_5883,12210.873899565135
00bbac68_5884,12210.89163691619
00bbac68_5885,12210.906313806912
00bbac68_5886,12210.87724884398
00bbac68_5887,12210.84183370146
00bbac68_5888,12210.83259267966
00bbac68_5889,12210.802442792858
00bbac68_5890,12210.72581935386
00bbac68_5891,12210.672449867045
00bbac68_5892,12210.662782351164
00bbac68_5893,12210.656558105038
00bbac68_5894,12210.650503242661
00bbac68_5895,12210.649848277668
00bbac68_5896,12210.645727785617
00bbac68_5897,12210.648344058876
00bbac68_5898,12210.642391995993
00bbac68_5899,12210.619973566974
00bbac68_5900,12210.606273660036
00bbac68_5901,12210.574097177816
00bbac68_5902,12210.538348479597
00bbac68_5903,12210.513824188758
00bbac68_5904,12210.51399359344
00bbac68_5905,12210.467410718462
00bbac68_5906,12210.418554311877
00bbac68_5907,12210.392445163014
00bbac68_5908,12210.378335048823
00bbac68_5909,12210.371178852893
00bbac68_5910,12210.342009783712
00bbac68_5911,12210.374649626867
00bbac68_5912,12210.426680005503
00bbac68_5913,12210.47547089314
00bbac68_5914,12210.49805063747
00bbac68_5915,12210.493690292464
00bbac68_5916,12210.509893397455
00bbac68_5917,12210.566771801134
00bbac68_5918,12210.611777200036
00bbac68_5919,12210.665078797394
00bbac68_5920,12210.666003082053
00bbac68_5921,12210.71125397057
00bbac68_5922,12210.755313517962
00bbac68_5923,12210.789292400612
00bbac68_5924,12210.81632023747
00bbac68_5925,12210.841702256444
00bbac68_5926,12210.870311288343
00bbac68_5927,12210.91690412448
00bbac68_5928,12210.897475688129
00bbac68_5929,12210.85416461248
00bbac68_5930,12210.769492241901
00bbac68_5931,12210.672840656089
00bbac68_5932,12210.603610360704
00bbac68_5933,12210.53232543027
00bbac68_5934,12210.420794595262
00bbac68_5935,12210.32439350054
00bbac68_5936,12210.214822802986
00bbac68_5937,12210.168524412175
00bbac68_5938,12210.087229514482
00bbac68_5939,12210.021191899441
00bbac68_5940,12209.976562961947
00bbac68_5941,12209.952249825541
00bbac68_5942,12209.92413138678
00bbac68_5943,12209.868301046086
00bbac68_5944,12209.833338462564
00bbac68_5945,12209.782800255854
00bbac68_5946,12209.780865064766
00bbac68_5947,12209.805101893957
00bbac68_5948,12209.819028964353
00bbac68_5949,12209.820557333924
00bbac68_5950,12209.815111786249
00bbac68_5951,12209.816168375975
00bbac68_5952,12209.796596193235
00bbac68_5953,12209.763895840288
00bbac68_5954,12209.727001229456
00bbac68_5955,12209.669896817804
00bbac68_5956,12209.623509553292
00bbac68_5957,12209.612803413444
00bbac68_5958,12209.553302355993
00bbac68_5959,12209.500398051618
00bbac68_5960,12209.450202940385
00bbac68_5961,12209.324843241156
00bbac68_5962,12209.236112980383
00bbac68_5963,12209.16941435429
00bbac68_5964,12209.009049247461
00bbac68_5965,12208.828331927902
00bbac68_5966,12208.678135860151
00bbac68_5967,12208.55332280982
00bbac68_5968,12208.424223377267
00bbac68_5969,12208.314509404585
00bbac68_5970,12208.23912635091
00bbac68_5971,12208.188773507603
00bbac68_5972,12208.186763790023
00bbac68_5973,12208.269644387494
00bbac68_5974,12208.33202113119
00bbac68_5975,12208.422815655731
00bbac68_5976,12208.50723821777
00bbac68_5977,12208.539383093097
00bbac68_5978,12208.577793646931
00bbac68_5979,12208.628283121912
00bbac68_5980,12208.596147024766
00bbac68_5981,12208.590137990666
00bbac68_5982,12208.601951472518
00bbac68_5983,12208.61724069511
00bbac68_5984,12208.588354657486
00bbac68_5985,12208.53210074025
00bbac68_5986,12208.473590394833
00bbac68_5987,12208.417549121641
00bbac68_5988,12208.357040124429
00bbac68_5989,12208.339055584007
00bbac68_5990,12208.30556441459
00bbac68_5991,12208.270733599751
00bbac68_5992,12208.233173259057
00bbac68_5993,12208.196970059424
00bbac68_5994,12208.1851772969
00bbac68_5995,12208.209986091993
00bbac68_5996,12208.248193651272
00bbac68_5997,12208.311706340855
00bbac68_5998,12208.384682578844
00bbac68_5999,12208.461176160672
00bbac68_6000,12208.496820817096
00bbac68_6001,12208.522189532086
00bbac68_6002,12208.552111993507
00bbac68_6003,12208.574850478624
00bbac68_6004,12208.57804545076
00bbac68_6005,12208.56062938988
00bbac68_6006,12208.536928984171
00bbac68_6007,12208.49847316552
00bbac68_6008,12208.459583233109
00bbac68_6009,12208.446821091911
00bbac68_6010,12208.450997173071
00bbac68_6011,12208.446217169034
00bbac68_6012,12208.418915080325
00bbac68_6013,12208.388734041144
00bbac68_6014,12208.370855258545
00bbac68_6015,12208.340109321209
00bbac68_6016,12208.289392057113
00bbac68_6017,12208.252245352865
00bbac68_6018,12208.217636558951
00bbac68_6019,12208.172888776422
00bbac68_6020,12208.145512332323
00bbac68_6021,12208.141984102545
00bbac68_6022,12208.112004421559
00bbac68_6023,12208.083803700376
00bbac68_6024,12208.052442654323
00bbac68_6025,12208.015726880323
00bbac68_6026,12207.988246029365
00bbac68_6027,12207.933689002817
00bbac68_6028,12207.881973096815
00bbac68_6029,12207.840301955403
00bbac68_6030,12207.817315407552
00bbac68_6031,12207.776045839613
00bbac68_6032,12207.732883532322
00bbac68_6033,12207.704377574197
00bbac68_6034,12207.67676023948
00bbac68_6035,12207.664578336467
00bbac68_6036,12207.667352658416
00bbac68_6037,12207.674403014624
00bbac68_6038,12207.651295168871
00bbac68_6039,12207.645487458329
00bbac68_6040,12207.658763338553
00bbac68_6041,12207.685390713115
00bbac68_6042,12207.698866052533
00bbac68_6043,12207.709412885852
00bbac68_6044,12207.753960684191
00bbac68_6045,12207.787061802483
00bbac68_6046,12207.83259471084
00bbac68_6047,12207.85469497873
00bbac68_6048,12207.865490500435
00bbac68_6049,12207.870877187393
00bbac68_6050,12207.868759970575
00bbac68_6051,12207.844247102865
00bbac68_6052,12207.803940461696
00bbac68_6053,12207.763490457693
00bbac68_6054,12207.72664285063
00bbac68_6055,12207.67819125979
00bbac68_6056,12207.647945012613
00bbac68_6057,12207.602814012349
00bbac68_6058,12207.480811499196
00bbac68_6059,12207.374579523994
00bbac68_6060,12207.307803472806
00bbac68_6061,12207.189281501292
00bbac68_6062,12207.05934625491
00bbac68_6063,12206.9160545228
00bbac68_6064,12206.817850183203
00bbac68_6065,12206.72665263417
00bbac68_6066,12206.638760378042
00bbac68_6067,12206.547936167924
00bbac68_6068,12206.47099664624
00bbac68_6069,12206.42330023602
00bbac68_6070,12206.387112276028
00bbac68_6071,12206.352043037807
00bbac68_6072,12206.319198796027
00bbac68_6073,12206.235316096576
00bbac68_6074,12206.142111311812
00bbac68_6075,12206.105078774908
00bbac68_6076,12206.062876722815
00bbac68_6077,12205.981289730546
00bbac68_6078,12205.949221315608
00bbac68_6079,12205.922653508187
00bbac68_6080,12205.885461283682
00bbac68_6081,12205.837281159473
00bbac68_6082,12205.815335821173
00bbac68_6083,12205.814797874442
00bbac68_6084,12205.83163921664
00bbac68_6085,12205.866844494112
00bbac68_6086,12205.917874444798
00bbac68_6087,12205.957760355283
00bbac68_6088,12205.988104102165
00bbac68_6089,12206.037795123422
00bbac68_6090,12206.048000033581
00bbac68_6091,12206.010471294754
00bbac68_6092,12205.890146168358
00bbac68_6093,12205.743237148235
00bbac68_6094,12205.58129537054
00bbac68_6095,12205.354796006928
00bbac68_6096,12205.129669163925
00bbac68_6097,12204.934228336055
00bbac68_6098,12204.74812503523
00bbac68_6099,12204.570399464592
00bbac68_6100,12204.413820451411
00bbac68_6101,12204.30650938384
00bbac68_6102,12204.253695212956
00bbac68_6103,12204.215225808779
00bbac68_6104,12204.204638429293
00bbac68_6105,12204.210598152196
00bbac68_6106,12204.173512574866
00bbac68_6107,12204.152685238485
00bbac68_6108,12204.099168759712
00bbac68_6109,12204.073419525092
00bbac68_6110,12204.06231418786
00bbac68_6111,12204.028468542296
00bbac68_6112,12204.052010055844
00bbac68_6113,12204.090715668792
00bbac68_6114,12204.11179590847
00bbac68_6115,12204.153161314563
00bbac68_6116,12204.211282287375
00bbac68_6117,12204.2608480942
00bbac68_6118,12204.328959031205
00bbac68_6119,12204.387412857324
00bbac68_6120,12204.423987647695
00bbac68_6121,12204.440958595875
00bbac68_6122,12204.437816387466
00bbac68_6123,12204.395149780146
00bbac68_6124,12204.316077732545
00bbac68_6125,12204.239578857992
00bbac68_6126,12204.161810733005
00bbac68_6127,12204.069640661251
00bbac68_6128,12204.018776375811
00bbac68_6129,12203.975203249502
00bbac68_6130,12203.9292718358
00bbac68_6131,12203.896817151153
00bbac68_6132,12203.875247755886
00bbac68_6133,12203.857991652143
00bbac68_6134,12203.917707346873
00bbac68_6135,12203.928304499745
00bbac68_6136,12203.93027954939
00bbac68_6137,12203.904567242374
00bbac68_6138,12203.90919514237
00bbac68_6139,12203.870174134609
00bbac68_6140,12203.81387528984
00bbac68_6141,12203.746712544078
00bbac68_6142,12203.677602620994
00bbac68_6143,12203.548671761246
00bbac68_6144,12203.424208182834
00bbac68_6145,12203.317472986615
00bbac68_6146,12203.191747370502
00bbac68_6147,12203.044048807826
00bbac68_6148,12202.925324728038
00bbac68_6149,12202.886281352214
00bbac68_6150,12202.914072413902
00bbac68_6151,12202.894984971252
00bbac68_6152,12202.78852861614
00bbac68_6153,12202.61464428772
00bbac68_6154,12202.3941067271
00bbac68_6155,12202.06830830659
00bbac68_6156,12201.712437586379
00bbac68_6157,12201.314529825646
00bbac68_6158,12200.94248217944
00bbac68_6159,12200.562657482604
00bbac68_6160,12200.218969463744
00bbac68_6161,12199.908731168242
00bbac68_6162,12199.627418674876
00bbac68_6163,12199.405009959008
00bbac68_6164,12199.28553858676
00bbac68_6165,12199.271744663036
00bbac68_6166,12199.277007076245
00bbac68_6167,12199.251111947715
00bbac68_6168,12199.158919054022
00bbac68_6169,12199.075487685916
00bbac68_6170,12199.066858929202
00bbac68_6171,12199.03087553288
00bbac68_6172,12198.977624753796
00bbac68_6173,12198.907172254934
00bbac68_6174,12198.880810822578
00bbac68_6175,12198.794762872883
00bbac68_6176,12198.67204980791
00bbac68_6177,12198.561531736694
00bbac68_6178,12198.415498561488
00bbac68_6179,12198.229578288863
00bbac68_6180,12198.041518953702
00bbac68_6181,12197.851820117494
00bbac68_6182,12197.662237571616
00bbac68_6183,12197.51272972978
00bbac68_6184,12197.445069891339
00bbac68_6185,12197.409329241626
00bbac68_6186,12197.450909537332
00bbac68_6187,12197.400397570442
00bbac68_6188,12197.337178097037
00bbac68_6189,12197.3175443592
00bbac68_6190,12197.327840640099
00bbac68_6191,12197.29362733404
00bbac68_6192,12197.20024896032
00bbac68_6193,12197.115827930043
00bbac68_6194,12197.000278218913
00bbac68_6195,12196.875110117104
00bbac68_6196,12196.837933122222
00bbac68_6197,12196.771681282855
00bbac68_6198,12196.747624790534
00bbac68_6199,12196.756371614174
00bbac68_6200,12196.818801375262
00bbac68_6201,12196.86672161122
00bbac68_6202,12196.863452675798
00bbac68_6203,12196.818016996029
00bbac68_6204,12196.748780430584
00bbac68_6205,12196.735318281022
00bbac68_6206,12196.718665022308
00bbac68_6207,12196.644737506625
00bbac68_6208,12196.557332590564
00bbac68_6209,12196.529392859045
00bbac68_6210,12196.539114153282
00bbac68_6211,12196.58306986134
00bbac68_6212,12196.68299390061
00bbac68_6213,12196.771579013626
00bbac68_6214,12196.881524320981
00bbac68_6215,12196.959637403179
00bbac68_6216,12197.037967731781
00bbac68_6217,12197.088915628863
00bbac68_6218,12197.067368708193
00bbac68_6219,12197.02904035077
00bbac68_6220,12196.965658851375
00bbac68_6221,12196.93834361922
00bbac68_6222,12196.876107691478
00bbac68_6223,12196.783399302794
00bbac68_6224,12196.746966817009
00bbac68_6225,12196.717942974987
00bbac68_6226,12196.719749019367
00bbac68_6227,12196.740697297246
00bbac68_6228,12196.767714865424
00bbac68_6229,12196.806010450275
00bbac68_6230,12196.855768468557
00bbac68_6231,12196.895729029284
00bbac68_6232,12196.92065899616
00bbac68_6233,12196.938864599946
00bbac68_6234,12196.925324511545
00bbac68_6235,12196.939111604055
00bbac68_6236,12196.828769508367
00bbac68_6237,12196.73938882049
00bbac68_6238,12196.675483503377
00bbac68_6239,12196.61558620084
00bbac68_6240,12196.594896905312
00bbac68_6241,12196.576278796156
00bbac68_6242,12196.570068930918
00bbac68_6243,12196.586451335508
00bbac68_6244,12196.607062573506
00bbac68_6245,12196.654310242599
00bbac68_6246,12196.723751509042
00bbac68_6247,12196.776054705997
00bbac68_6248,12196.816993112541
00bbac68_6249,12196.835779450466
00bbac68_6250,12196.853072220667
00bbac68_6251,12196.859949553676
00bbac68_6252,12196.755924276857
00bbac68_6253,12196.757213151433
00bbac68_6254,12196.795349870752
00bbac68_6255,12196.810727191125
00bbac68_6256,12196.813122263966
00bbac68_6257,12196.778005381584
00bbac68_6258,12196.707244550213
00bbac68_6259,12196.59664376914
00bbac68_6260,12196.507210580157
00bbac68_6261,12196.398597614794
00bbac68_6262,12196.305078914429
00bbac68_6263,12196.231888966937
00bbac68_6264,12196.168220876078
00bbac68_6265,12196.13378932703
00bbac68_6266,12196.12379189917
00bbac68_6267,12196.122027830137
00bbac68_6268,12196.151557094827
00bbac68_6269,12196.266958041104
00bbac68_6270,12196.418955188463
00bbac68_6271,12196.523718056294
00bbac68_6272,12196.58165087366
00bbac68_6273,12196.534354356621
00bbac68_6274,12196.475352169313
00bbac68_6275,12196.410643550444
00bbac68_6276,12196.407513396598
00bbac68_6277,12196.371575043759
00bbac68_6278,12196.36228467014
00bbac68_6279,12196.348024248768
00bbac68_6280,12196.36416085724
00bbac68_6281,12196.387009670838
00bbac68_6282,12196.406612458124
00bbac68_6283,12196.462007537466
00bbac68_6284,12196.536402991116
00bbac68_6285,12196.626768028738
00bbac68_6286,12196.67762194587
00bbac68_6287,12196.700866862686
00bbac68_6288,12196.693573516113
00bbac68_6289,12196.669361831257
00bbac68_6290,12196.62300659668
00bbac68_6291,12196.553744043473
00bbac68_6292,12196.471361296943
00bbac68_6293,12196.349784052993
00bbac68_6294,12196.220189157684
00bbac68_6295,12196.087891058405
00bbac68_6296,12195.96976558556
00bbac68_6297,12195.856127634099
00bbac68_6298,12195.777334962957
00bbac68_6299,12195.71330418318
00bbac68_6300,12195.653381814454
00bbac68_6301,12195.599970535564
00bbac68_6302,12195.560803177259
00bbac68_6303,12195.563043769736
00bbac68_6304,12195.574566234223
00bbac68_6305,12195.596417204242
00bbac68_6306,12195.552629701113
00bbac68_6307,12195.553256711964
00bbac68_6308,12195.544657258095
00bbac68_6309,12195.525688968672
00bbac68_6310,12195.511239839607
00bbac68_6311,12195.507452729247
00bbac68_6312,12195.518890443476
00bbac68_6313,12195.539332867795
00bbac68_6314,12195.565226949171
00bbac68_6315,12195.579037454
00bbac68_6316,12195.580038036012
00bbac68_6317,12195.566812385558
00bbac68_6318,12195.511870146025
00bbac68_6319,12195.494020383174
00bbac68_6320,12195.510241320122
00bbac68_6321,12195.551989081505
00bbac68_6322,12195.619523939442
00bbac68_6323,12195.707444823121
00bbac68_6324,12195.787765471141
00bbac68_6325,12195.878842301747
00bbac68_6326,12195.97845885064
00bbac68_6327,12196.083493623333
00bbac68_6328,12196.180997466385
00bbac68_6329,12196.275688654774
00bbac68_6330,12196.329221924329
00bbac68_6331,12196.358524395382
00bbac68_6332,12196.360506363608
00bbac68_6333,12196.332571478146
00bbac68_6334,12196.23819811913
00bbac68_6335,12196.186959332394
00bbac68_6336,12196.166783938996
00bbac68_6337,12196.156786250787
00bbac68_6338,12196.162361627274
00bbac68_6339,12196.18959148262
00bbac68_6340,12196.24126745861
00bbac68_6341,12196.289504261324
00bbac68_6342,12196.35032222082
00bbac68_6343,12196.40785690442
00bbac68_6344,12196.468481636064
00bbac68_6345,12196.555995580778
00bbac68_6346,12196.573422474003
00bbac68_6347,12196.565247241346
00bbac68_6348,12196.526441348946
00bbac68_6349,12196.4097211223
00bbac68_6350,12196.203417641262
00bbac68_6351,12196.065024088406
00bbac68_6352,12195.979498886707
00bbac68_6353,12195.938411823665
00bbac68_6354,12195.939814569665
00bbac68_6355,12195.987948108985
00bbac68_6356,12196.067670900436
00bbac68_6357,12196.146568208906
00bbac68_6358,12196.235145566112
00bbac68_6359,12196.356060047037
00bbac68_6360,12196.510645991977
00bbac68_6361,12196.681442262838
00bbac68_6362,12196.800588224633
00bbac68_6363,12196.90863911083
00bbac68_6364,12196.991026940783
00bbac68_6365,12197.018337591628
00bbac68_6366,12197.097754447097
00bbac68_6367,12197.176223318633
00bbac68_6368,12197.134698383743
00bbac68_6369,12197.039357638238
00bbac68_6370,12196.967358235146
00bbac68_6371,12196.92360887863
00bbac68_6372,12196.825839581834
00bbac68_6373,12196.749823750191
00bbac68_6374,12196.695547442356
00bbac68_6375,12196.667642693843
00bbac68_6376,12196.671402827555
00bbac68_6377,12196.694085281631
00bbac68_6378,12196.761692263739
00bbac68_6379,12196.847209630549
00bbac68_6380,12196.986308142625
00bbac68_6381,12197.12872532243
00bbac68_6382,12197.251892980341
00bbac68_6383,12197.24924922169
00bbac68_6384,12197.162743842697
00bbac68_6385,12197.120482683502
00bbac68_6386,12197.139748424832
00bbac68_6387,12197.167066226106
00bbac68_6388,12197.138383931193
00bbac68_6389,12197.151539776245
00bbac68_6390,12197.199523960975
00bbac68_6391,12197.212136267251
00bbac68_6392,12197.185623883137
00bbac68_6393,12197.161596117148
00bbac68_6394,12197.17166265671
00bbac68_6395,12197.155317557788
00bbac68_6396,12197.07342448738
00bbac68_6397,12197.033859755677
00bbac68_6398,12197.131416994289
00bbac68_6399,12197.221380552533
00bbac68_6400,12197.314870074088
00bbac68_6401,12197.42128679344
00bbac68_6402,12197.502926301873
00bbac68_6403,12197.554498206688
00bbac68_6404,12197.550031676923
00bbac68_6405,12197.477253944446
00bbac68_6406,12197.440991645877
00bbac68_6407,12197.354715202338
00bbac68_6408,12197.247511894844
00bbac68_6409,12197.21332639791
00bbac68_6410,12197.167847904837
00bbac68_6411,12197.022421415002
00bbac68_6412,12196.884775493496
00bbac68_6413,12196.866812175831
00bbac68_6414,12196.95080479345
00bbac68_6415,12196.927701891613
00bbac68_6416,12196.910238108165
00bbac68_6417,12196.899708066177
00bbac68_6418,12196.879642263171
00bbac68_6419,12196.84335066498
00bbac68_6420,12196.835225466928
00bbac68_6421,12196.827052425559
00bbac68_6422,12196.918470576486
00bbac68_6423,12197.043152294851
00bbac68_6424,12197.19771581115
00bbac68_6425,12197.378830848971
00bbac68_6426,12197.508157662094
00bbac68_6427,12197.549284647896
00bbac68_6428,12197.630487970624
00bbac68_6429,12197.723337860862
00bbac68_6430,12197.857239629297
00bbac68_6431,12197.934467029854
00bbac68_6432,12197.99656871122
00bbac68_6433,12198.090183528011
00bbac68_6434,12198.159058046484
00bbac68_6435,12198.223643258629
00bbac68_6436,12198.298929627817
00bbac68_6437,12198.335653035998
00bbac68_6438,12198.363755290364
00bbac68_6439,12198.369092709952
00bbac68_6440,12198.339858531159
00bbac68_6441,12198.28498133444
00bbac68_6442,12198.193254866812
00bbac68_6443,12198.068809452236
00bbac68_6444,12197.97536075634
00bbac68_6445,12197.91782819727
00bbac68_6446,12197.874868318193
00bbac68_6447,12197.797846473786
00bbac68_6448,12197.740812280255
00bbac68_6449,12197.718992492286
00bbac68_6450,12197.683665968541
00bbac68_6451,12197.6610941779
00bbac68_6452,12197.639345223686
00bbac68_6453,12197.644998909815
00bbac68_6454,12197.673333839826
00bbac68_6455,12197.714258321488
00bbac68_6456,12197.758793749146
00bbac68_6457,12197.806472848035
00bbac68_6458,12197.832434508924
00bbac68_6459,12197.871968725542
00bbac68_6460,12197.90308422806
00bbac68_6461,12197.935687006295
00bbac68_6462,12197.963548239297
00bbac68_6463,12197.971856123886
00bbac68_6464,12197.98596665035
00bbac68_6465,12197.99634705505
00bbac68_6466,12197.99654296481
00bbac68_6467,12197.976942355699
00bbac68_6468,12197.98655576463
00bbac68_6469,12198.011907425642
00bbac68_6470,12198.023409283043
00bbac68_6471,12198.048212599031
00bbac68_6472,12198.075950123557
00bbac68_6473,12198.105913056115
00bbac68_6474,12198.13466440168
00bbac68_6475,12198.175485789965
00bbac68_6476,12198.174326113389
00bbac68_6477,12198.199423175616
00bbac68_6478,12198.225474183102
00bbac68_6479,12198.241422415533
00bbac68_6480,12198.232885720065
00bbac68_6481,12198.248206037095
00bbac68_6482,12198.24790124013
00bbac68_6483,12198.228567732149
00bbac68_6484,12198.175919540809
00bbac68_6485,12198.15499577292
00bbac68_6486,12198.14535941182
00bbac68_6487,12198.18326097179
00bbac68_6488,12198.237997665727
00bbac68_6489,12198.342315966276
00bbac68_6490,12198.463168870328
00bbac68_6491,12198.57060710498
00bbac68_6492,12198.679496190844
00bbac68_6493,12198.836589818513
00bbac68_6494,12198.953640266916
00bbac68_6495,12199.036576346842
00bbac68_6496,12199.095792648568
00bbac68_6497,12199.139419819423
00bbac68_6498,12199.144073800628
00bbac68_6499,12199.116901971276
00bbac68_6500,12199.04459908657
00bbac68_6501,12199.0354418205
00bbac68_6502,12199.020788986296
00bbac68_6503,12199.018989050448
00bbac68_6504,12199.024545580272
00bbac68_6505,12199.06354418048
00bbac68_6506,12199.076272730485
00bbac68_6507,12199.101551894562
00bbac68_6508,12199.144038002763
00bbac68_6509,12199.167038425176
00bbac68_6510,12199.061432800063
00bbac68_6511,12198.993970776515
00bbac68_6512,12198.97884315489
00bbac68_6513,12198.991207270845
00bbac68_6514,12198.95301983798
00bbac68_6515,12198.994660320228
00bbac68_6516,12199.104194752053
00bbac68_6517,12199.321984610278
00bbac68_6518,12199.568827939795
00bbac68_6519,12199.855071315025
00bbac68_6520,12200.1334712217
00bbac68_6521,12200.382550709608
00bbac68_6522,12200.60711933693
00bbac68_6523,12200.807511605646
00bbac68_6524,12200.93383037009
00bbac68_6525,12200.95972066119
00bbac68_6526,12200.900299690646
00bbac68_6527,12200.930839468125
00bbac68_6528,12200.923695646483
00bbac68_6529,12200.853211549895
00bbac68_6530,12200.734893806952
00bbac68_6531,12200.72599300879
00bbac68_6532,12200.735773299997
00bbac68_6533,12200.823337363525
00bbac68_6534,12200.857632880769
00bbac68_6535,12200.885222620576
00bbac68_6536,12200.853594604047
00bbac68_6537,12200.791628341203
00bbac68_6538,12200.712797399441
00bbac68_6539,12200.612750553377
00bbac68_6540,12200.526008992674
00bbac68_6541,12200.430751745345
00bbac68_6542,12200.35848658037
00bbac68_6543,12200.278340673909
00bbac68_6544,12200.188959143246
00bbac68_6545,12200.089832228148
00bbac68_6546,12199.95249517603
00bbac68_6547,12199.86477298723
00bbac68_6548,12199.885390680667
00bbac68_6549,12199.922966030754
00bbac68_6550,12199.943107484318
00bbac68_6551,12199.913333161978
00bbac68_6552,12199.88305419032
00bbac68_6553,12199.799314806129
00bbac68_6554,12199.691457196213
00bbac68_6555,12199.610981286474
00bbac68_6556,12199.558278126988
00bbac68_6557,12199.511004104457
00bbac68_6558,12199.551088328788
00bbac68_6559,12199.560867418406
00bbac68_6560,12199.535917455907
00bbac68_6561,12199.414093259273
00bbac68_6562,12199.264625776439
00bbac68_6563,12199.153013990866
00bbac68_6564,12199.055991939473
00bbac68_6565,12198.880112167853
00bbac68_6566,12198.669710933556
00bbac68_6567,12198.423688577543
00bbac68_6568,12198.204361186254
00bbac68_6569,12197.938970180787
00bbac68_6570,12197.683534659076
00bbac68_6571,12197.538147422782
00bbac68_6572,12197.498858189632
00bbac68_6573,12197.577894780234
00bbac68_6574,12197.736821982755
00bbac68_6575,12197.851360377277
00bbac68_6576,12197.95419240194
00bbac68_6577,12198.03928586988
00bbac68_6578,12198.151995227094
00bbac68_6579,12198.249433930618
00bbac68_6580,12198.313372697368
00bbac68_6581,12198.318087414935
00bbac68_6582,12198.242691194871
00bbac68_6583,12198.210626091886
00bbac68_6584,12198.149165108334
00bbac68_6585,12198.074210938163
00bbac68_6586,12198.026349317257
00bbac68_6587,12198.039890644797
00bbac68_6588,12198.088975052917
00bbac68_6589,12198.168955820167
00bbac68_6590,12198.226836530845
00bbac68_6591,12198.15731058919
00bbac68_6592,12198.207669176445
00bbac68_6593,12198.353021692716
00bbac68_6594,12198.578051508272
00bbac68_6595,12198.877904172617
00bbac68_6596,12199.162573054047
00bbac68_6597,12199.459303715075
00bbac68_6598,12199.737515339788
00bbac68_6599,12200.084554808507
00bbac68_6600,12200.401418439957
00bbac68_6601,12200.69207485637
00bbac68_6602,12200.970687817695
00bbac68_6603,12201.13500284462
00bbac68_6604,12201.258573609852
00bbac68_6605,12201.311912566629
00bbac68_6606,12201.289168881676
00bbac68_6607,12201.048712540709
00bbac68_6608,12201.070802174987
00bbac68_6609,12201.150196220693
00bbac68_6610,12201.302591763324
00bbac68_6611,12201.513616326927
00bbac68_6612,12201.723026788171
00bbac68_6613,12201.988598571794
00bbac68_6614,12202.213357770655
00bbac68_6615,12202.462362414328
00bbac68_6616,12202.69349000381
00bbac68_6617,12202.900815078803
00bbac68_6618,12203.074466350592
00bbac68_6619,12203.20071383806
00bbac68_6620,12203.272927958717
00bbac68_6621,12203.31219457812
00bbac68_6622,12203.312655499836
00bbac68_6623,12203.22414064845
00bbac68_6624,12203.279528920055
00bbac68_6625,12203.294989547243
00bbac68_6626,12203.320914816526
00bbac68_6627,12203.31047210035
00bbac68_6628,12203.30604675711
00bbac68_6629,12203.312131754688
00bbac68_6630,12203.273235232376
00bbac68_6631,12203.244316572363
00bbac68_6632,12203.196810967574
00bbac68_6633,12203.114603961332
00bbac68_6634,12203.06208011819
00bbac68_6635,12203.08100941751
00bbac68_6636,12203.097917959494
00bbac68_6637,12203.197966418295
00bbac68_6638,12203.294285403801
00bbac68_6639,12203.397913074374
00bbac68_6640,12203.556258390297
00bbac68_6641,12203.663954483118
00bbac68_6642,12203.762125548421
00bbac68_6643,12203.868659421978
00bbac68_6644,12203.968618436229
00bbac68_6645,12204.05653417896
00bbac68_6646,12204.08685680819
00bbac68_6647,12204.092313550578
00bbac68_6648,12204.082380068792
00bbac68_6649,12204.060076932412
00bbac68_6650,12204.099441783066
00bbac68_6651,12204.162799053132
00bbac68_6652,12204.217167126919
00bbac68_6653,12204.249934455649
00bbac68_6654,12204.235688791887
00bbac68_6655,12204.25073905233
00bbac68_6656,12204.295713707666
00bbac68_6657,12204.268026429272
00bbac68_6658,12204.265534715994
00bbac68_6659,12204.216029939673
00bbac68_6660,12204.186494986001
00bbac68_6661,12204.170773832544
00bbac68_6662,12204.137645120732
00bbac68_6663,12204.131743967373
00bbac68_6664,12204.126997038373
00bbac68_6665,12204.155719797001
00bbac68_6666,12204.161660112859
00bbac68_6667,12204.143086886013
00bbac68_6668,12204.153056769443
00bbac68_6669,12204.138197829072
00bbac68_6670,12204.152992304833
00bbac68_6671,12204.183906414068
00bbac68_6672,12204.26774055137
00bbac68_6673,12204.316922200684
00bbac68_6674,12204.32286782654
00bbac68_6675,12204.231238536877
00bbac68_6676,12204.193802255626
00bbac68_6677,12204.108477954622
00bbac68_6678,12204.007747848236
00bbac68_6679,12203.885576210816
00bbac68_6680,12203.730208369177
00bbac68_6681,12203.606806110332
00bbac68_6682,12203.43354827651
00bbac68_6683,12203.285133887315
00bbac68_6684,12203.20559898615
00bbac68_6685,12203.114217899647
00bbac68_6686,12203.006622425506
00bbac68_6687,12202.983732383396
00bbac68_6688,12203.063016811024
00bbac68_6689,12203.166142568249
00bbac68_6690,12203.277439248088
00bbac68_6691,12203.40534611101
00bbac68_6692,12203.608845336423
00bbac68_6693,12203.802529033595
00bbac68_6694,12203.99154409527
00bbac68_6695,12204.167800021982
00bbac68_6696,12204.327504807115
00bbac68_6697,12204.4607191512
00bbac68_6698,12204.574569914694
00bbac68_6699,12204.662475140572
00bbac68_6700,12204.701983594661
00bbac68_6701,12204.675766626413
00bbac68_6702,12204.617808925352
00bbac68_6703,12204.617520109037
00bbac68_6704,12204.618987556998
00bbac68_6705,12204.639043970108
00bbac68_6706,12204.661853176454
00bbac68_6707,12204.685804228086
00bbac68_6708,12204.711506595917
00bbac68_6709,12204.680010418699
00bbac68_6710,12204.636033357347
00bbac68_6711,12204.599543621718
00bbac68_6712,12204.567138509694
00bbac68_6713,12204.539150580062
00bbac68_6714,12204.546667890432
00bbac68_6715,12204.533623981733
00bbac68_6716,12204.533305550342
00bbac68_6717,12204.552132309936
00bbac68_6718,12204.527364077087
00bbac68_6719,12204.518616073858
00bbac68_6720,12204.54575755099
00bbac68_6721,12204.586259876733
00bbac68_6722,12204.65610739027
00bbac68_6723,12204.72380605075
00bbac68_6724,12204.793947555485
00bbac68_6725,12204.822724726218
00bbac68_6726,12204.870809351203
00bbac68_6727,12204.909315744606
00bbac68_6728,12204.962486578564
00bbac68_6729,12205.007146398852
00bbac68_6730,12205.05241968361
00bbac68_6731,12205.000275557497
00bbac68_6732,12205.020694243236
00bbac68_6733,12205.052465985571
00bbac68_6734,12205.09539154909
00bbac68_6735,12205.189530743524
00bbac68_6736,12205.29423837529
00bbac68_6737,12205.408760786257
00bbac68_6738,12205.564643512871
00bbac68_6739,12205.743961626044
00bbac68_6740,12205.901584802257
00bbac68_6741,12206.02775925094
00bbac68_6742,12206.144264130384
00bbac68_6743,12206.22759231228
00bbac68_6744,12206.277454631407
00bbac68_6745,12206.322745967322
00bbac68_6746,12206.342662982308
00bbac68_6747,12206.267361330058
00bbac68_6748,12206.28102899753
00bbac68_6749,12206.287148045962
00bbac68_6750,12206.28721394193
00bbac68_6751,12206.260454551246
00bbac68_6752,12206.244671765828
00bbac68_6753,12206.194700718901
00bbac68_6754,12206.185833421838
00bbac68_6755,12206.20799198737
00bbac68_6756,12206.216198343827
00bbac68_6757,12206.247713970311
00bbac68_6758,12206.280599967944
00bbac68_6759,12206.315844132416
00bbac68_6760,12206.352291061112
00bbac68_6761,12206.433151109564
00bbac68_6762,12206.47771311987
00bbac68_6763,12206.464469223853
00bbac68_6764,12206.480711338962
00bbac68_6765,12206.479041141793
00bbac68_6766,12206.491413351245
00bbac68_6767,12206.506943320343
00bbac68_6768,12206.53146027451
00bbac68_6769,12206.535050260898
00bbac68_6770,12206.571272542864
00bbac68_6771,12206.620900070622
00bbac68_6772,12206.652069261785
00bbac68_6773,12206.712118795771
00bbac68_6774,12206.758213033736
00bbac68_6775,12206.808247750654
00bbac68_6776,12206.862837317374
00bbac68_6777,12206.942745831735
00bbac68_6778,12207.013162699353
00bbac68_6779,12207.071112803465
00bbac68_6780,12207.143511978045
00bbac68_6781,12207.197594368003
00bbac68_6782,12207.278076606806
00bbac68_6783,12207.351370931357
00bbac68_6784,12207.414413597648
00bbac68_6785,12207.450555864498
00bbac68_6786,12207.459198748473
00bbac68_6787,12207.460402242828
00bbac68_6788,12207.44880793461
00bbac68_6789,12207.460433670762
00bbac68_6790,12207.451768572922
00bbac68_6791,12207.439622926766
00bbac68_6792,12207.44227062191
00bbac68_6793,12207.448309891855
00bbac68_6794,12207.462906289638
00bbac68_6795,12207.464137346027
00bbac68_6796,12207.455048909926
00bbac68_6797,12207.452104453509
00bbac68_6798,12207.458556099231
00bbac68_6799,12207.451707357677
00bbac68_6800,12207.450957422834
00bbac68_6801,12207.45266908495
00bbac68_6802,12207.462262162513
00bbac68_6803,12207.466592151295
00bbac68_6804,12207.467985590534
00bbac68_6805,12207.466074043921
00bbac68_6806,12207.453870465357
00bbac68_6807,12207.436106501358
00bbac68_6808,12207.425933577046
00bbac68_6809,12207.414742238841
00bbac68_6810,12207.426511254276
00bbac68_6811,12207.415581560563
00bbac68_6812,12207.413242330447
00bbac68_6813,12207.420675842799
00bbac68_6814,12207.439919947248
00bbac68_6815,12207.454249034432
00bbac68_6816,12207.486017476076
00bbac68_6817,12207.515907072117
00bbac68_6818,12207.54268195479
00bbac68_6819,12207.556632816162
00bbac68_6820,12207.532841593013
00bbac68_6821,12207.538966101798
00bbac68_6822,12207.55179183599
00bbac68_6823,12207.571912822292
00bbac68_6824,12207.591067378335
00bbac68_6825,12207.625602478347
00bbac68_6826,12207.658860795638
00bbac68_6827,12207.668819464909
00bbac68_6828,12207.687457279171
00bbac68_6829,12207.71596765017
00bbac68_6830,12207.726092029216
00bbac68_6831,12207.710153343542
00bbac68_6832,12207.727547428993
00bbac68_6833,12207.720505956231
00bbac68_6834,12207.721390535973
00bbac68_6835,12207.734448833535
00bbac68_6836,12207.769294511998
00bbac68_6837,12207.841830912243
00bbac68_6838,12207.896405330372
00bbac68_6839,12207.94072442091
00bbac68_6840,12207.982817600185
00bbac68_6841,12208.031165361437
00bbac68_6842,12208.040653525408
00bbac68_6843,12208.023298677863
00bbac68_6844,12208.006841291872
00bbac68_6845,12208.011249842264
00bbac68_6846,12208.008225265066
00bbac68_6847,12208.000180261199
00bbac68_6848,12208.26179126828
00bbac68_6849,12208.327945829787
00bbac68_6850,12208.300382516984
00bbac68_6851,12207.951711272088
00bbac68_6852,12207.726303874386
00bbac68_6853,12207.539113941524
00bbac68_6854,12207.431116177957
00bbac68_6855,12207.34387245824
00bbac68_6856,12207.29084082474
00bbac68_6857,12207.275475275948
00bbac68_6858,12207.269886693017
00bbac68_6859,12207.335224073438
00bbac68_6860,12207.444575648678
00bbac68_6861,12207.623664541465
00bbac68_6862,12207.811546567957
00bbac68_6863,12208.054805368725
00bbac68_6864,12208.392980642262
00bbac68_6865,12208.362396437564
00bbac68_6866,12208.247218781535
00bbac68_6867,12208.029499394346
00bbac68_6868,12208.097256537716
00bbac68_6869,12208.166208928122
00bbac68_6870,12208.271860581182
00bbac68_6871,12208.361820369644
00bbac68_6872,12208.456403229316
00bbac68_6873,12208.542258693176
00bbac68_6874,12208.615892638867
00bbac68_6875,12208.66899045418
00bbac68_6876,12208.704295436737
00bbac68_6877,12208.731635330088
00bbac68_6878,12208.7354537957
00bbac68_6879,12208.75715038516
00bbac68_6880,12208.759517589371
00bbac68_6881,12208.745627201133
00bbac68_6882,12208.756946784972
00bbac68_6883,12208.78224224173
00bbac68_6884,12208.819222059632
00bbac68_6885,12208.855532372638
00bbac68_6886,12208.902026823866
00bbac68_6887,12208.942026152008
00bbac68_6888,12208.955685763674
00bbac68_6889,12208.960992349666
00bbac68_6890,12208.972597074744
00bbac68_6891,12208.966699871002
00bbac68_6892,12208.966202584581
00bbac68_6893,12208.958912128712
00bbac68_6894,12208.969850435395
00bbac68_6895,12208.955182987474
00bbac68_6896,12208.947369862344
00bbac68_6897,12208.950775273066
00bbac68_6898,12208.990643835456
00bbac68_6899,12209.047121491874
00bbac68_6900,12209.133741708485
00bbac68_6901,12209.215929680222
00bbac68_6902,12209.328961907951
00bbac68_6903,12209.431899699126
00bbac68_6904,12209.524378240658
00bbac68_6905,12209.587060742502
00bbac68_6906,12209.648155801908
00bbac68_6907,12209.705743273204
00bbac68_6908,12209.742168720755
00bbac68_6909,12209.79094258629
00bbac68_6910,12209.829876869264
00bbac68_6911,12209.836554530437
00bbac68_6912,12209.867399506773
00bbac68_6913,12209.891727331076
00bbac68_6914,12209.912263470818
00bbac68_6915,12209.948113749757
00bbac68_6916,12209.985284070213
00bbac68_6917,12210.040561406042
00bbac68_6918,12210.098019697427
00bbac68_6919,12210.099930556258
00bbac68_6920,12210.11764510347
00bbac68_6921,12210.11995496047
00bbac68_6922,12210.133565955211
00bbac68_6923,12210.181063674432
00bbac68_6924,12210.212510156778
00bbac68_6925,12210.259743006196
00bbac68_6926,12210.284537814001
00bbac68_6927,12210.316063811983
00bbac68_6928,12210.338877168646
00bbac68_6929,12210.357710191534
00bbac68_6930,12210.372356252006
00bbac68_6931,12210.40419470692
00bbac68_6932,12210.414544301697
00bbac68_6933,12210.431668811494
00bbac68_6934,12210.45128612862
00bbac68_6935,12210.44417941633
00bbac68_6936,12210.478008313072
00bbac68_6937,12210.482173862989
00bbac68_6938,12210.475733401454
00bbac68_6939,12210.488587538628
00bbac68_6940,12210.502981999349
00bbac68_6941,12210.50964927003
00bbac68_6942,12210.50299809281
00bbac68_6943,12210.512083185087
00bbac68_6944,12210.497631359369
00bbac68_6945,12210.495565882984
00bbac68_6946,12210.471249898159
00bbac68_6947,12210.482235641457
00bbac68_6948,12210.486722914698
00bbac68_6949,12210.500655141954
00bbac68_6950,12210.541662635489
00bbac68_6951,12210.546410222094
00bbac68_6952,12210.565386680195
00bbac68_6953,12210.55516368638
00bbac68_6954,12210.55110382513
00bbac68_6955,12210.55035224434
00bbac68_6956,12210.545809008994
00bbac68_6957,12210.517896650237
00bbac68_6958,12210.47568927903
00bbac68_6959,12210.446626146253
00bbac68_6960,12210.422568063343
00bbac68_6961,12210.380962332632
00bbac68_6962,12210.363689558433
00bbac68_6963,12210.396692617158
00bbac68_6964,12210.39887669976
00bbac68_6965,12210.42182193653
00bbac68_6966,12210.455471700285
00bbac68_6967,12210.486950637182
00bbac68_6968,12210.51543774906
00bbac68_6969,12210.53576609563
00bbac68_6970,12210.577325909917
00bbac68_6971,12210.601836409332
00bbac68_6972,12210.620615966885
00bbac68_6973,12210.644147955156
00bbac68_6974,12210.650192508956
00bbac68_6975,12210.670267673662
00bbac68_6976,12210.662915544766
00bbac68_6977,12210.615353029354
00bbac68_6978,12210.57132504501
00bbac68_6979,12210.522141166542
00bbac68_6980,12210.459607499086
00bbac68_6981,12210.400343146528
00bbac68_6982,12210.330127278525
00bbac68_6983,12210.249472170073
00bbac68_6984,12210.163986901842
00bbac68_6985,12210.105213218527
00bbac68_6986,12210.070240273752
00bbac68_6987,12210.032376100371
00bbac68_6988,12210.037334634504
00bbac68_6989,12210.06447953461
00bbac68_6990,12210.109520169157
00bbac68_6991,12210.146363432215
00bbac68_6992,12210.197973816797
00bbac68_6993,12210.245726829811
00bbac68_6994,12210.289641245517
00bbac68_6995,12210.340378021045
00bbac68_6996,12210.379300948463
00bbac68_6997,12210.424949094064
00bbac68_6998,12210.465375958249
00bbac68_6999,12210.501810249407
00bbac68_7000,12210.527905046067
00bbac68_7001,12210.576618620726
00bbac68_7002,12210.608512542569
00bbac68_7003,12210.634406719464
00bbac68_7004,12210.657038997442
00bbac68_7005,12210.693647569298
00bbac68_7006,12210.712740141074
00bbac68_7007,12210.73832402983
00bbac68_7008,12210.765783622897
00bbac68_7009,12210.769419421731
00bbac68_7010,12210.764042502087
00bbac68_7011,12210.754780210838
00bbac68_7012,12210.750410701105
00bbac68_7013,12210.76414204202
00bbac68_7014,12210.78730982688
00bbac68_7015,12210.801285316724
00bbac68_7016,12210.810108548785
00bbac68_7017,12210.834512315076
00bbac68_7018,12210.83814906098
00bbac68_7019,12210.847590505697
00bbac68_7020,12210.843283770735
00bbac68_7021,12210.863971658098
00bbac68_7022,12210.870399291176
00bbac68_7023,12210.89009065328
00bbac68_7024,12210.893676370313
00bbac68_7025,12210.9014595419
00bbac68_7026,12210.903161350197
00bbac68_7027,12210.905762005075
00bbac68_7028,12210.910925848579
00bbac68_7029,12210.92098201822
00bbac68_7030,12210.945735455412
00bbac68_7031,12210.940348541319
00bbac68_7032,12210.921764121716
00bbac68_7033,12210.91361197237
00bbac68_7034,12210.92272634465
00bbac68_7035,12210.942810013981
00bbac68_7036,12210.977198033595
00bbac68_7037,12211.038394131863
00bbac68_7038,12211.109131140942
00bbac68_7039,12211.192658834962
00bbac68_7040,12211.27366371222
00bbac68_7041,12211.359713100417
00bbac68_7042,12211.440911513462
00bbac68_7043,12211.506021605686
00bbac68_7044,12211.556115466177
00bbac68_7045,12211.59636618857
00bbac68_7046,12211.612363314154
00bbac68_7047,12211.583890168764
00bbac68_7048,12211.550303572538
00bbac68_7049,12211.52195965403
00bbac68_7050,12211.480243255848
00bbac68_7051,12211.43251431543
00bbac68_7052,12211.390385437924
00bbac68_7053,12211.347290498014
00bbac68_7054,12211.303546964087
00bbac68_7055,12211.271646323798
00bbac68_7056,12211.231387726612
00bbac68_7057,12211.232303416948
00bbac68_7058,12211.249740658131
00bbac68_7059,12211.278179185494
00bbac68_7060,12211.316121390739
00bbac68_7061,12211.361775365483
00bbac68_7062,12211.405672540413
00bbac68_7063,12211.45552144118
00bbac68_7064,12211.515637324203
00bbac68_7065,12211.562901926134
00bbac68_7066,12211.591927817062
00bbac68_7067,12211.623263228394
00bbac68_7068,12211.640428757832
00bbac68_7069,12211.637151855966
00bbac68_7070,12211.628406897016
00bbac68_7071,12211.616818030434
00bbac68_7072,12211.597233336122
00bbac68_7073,12211.594946394378
00bbac68_7074,12211.583918888064
00bbac68_7075,12211.571672147753
00bbac68_7076,12211.578581308147
00bbac68_7077,12211.59305508037
00bbac68_7078,12211.613209228984
00bbac68_7079,12211.639077267591
00bbac68_7080,12211.673291335728
00bbac68_7081,12211.695321339983
00bbac68_7082,12211.715796520764
00bbac68_7083,12211.755486773183
00bbac68_7084,12211.779615516354
00bbac68_7085,12211.787181111065
00bbac68_7086,12211.792377546373
00bbac68_7087,12211.801625208582
00bbac68_7088,12211.784753473205
00bbac68_7089,12211.734730586255
00bbac68_7090,12211.671852104764
00bbac68_7091,12211.61311713573
00bbac68_7092,12211.56187552796
00bbac68_7093,12211.50921945373
00bbac68_7094,12211.455692493537
00bbac68_7095,12211.39991320592
00bbac68_7096,12211.358393869406
00bbac68_7097,12211.334471992122
00bbac68_7098,12211.316664047132
00bbac68_7099,12211.314851181229
00bbac68_7100,12211.310010703713
00bbac68_7101,12211.313929142822
00bbac68_7102,12211.324796878494
00bbac68_7103,12211.327171477651
00bbac68_7104,12211.310699303198
00bbac68_7105,12211.284772386274
00bbac68_7106,12211.271105311691
00bbac68_7107,12211.26421841372
00bbac68_7108,12211.26670327332
00bbac68_7109,12211.28412061418
00bbac68_7110,12211.314057199834
00bbac68_7111,12211.34265815638
00bbac68_7112,12211.377002512454
00bbac68_7113,12211.405756345892
00bbac68_7114,12211.44002956653
00bbac68_7115,12211.475670176951
00bbac68_7116,12211.502806464776
00bbac68_7117,12211.522228995398
00bbac68_7118,12211.512541506969
00bbac68_7119,12211.50060635365
00bbac68_7120,12211.503080273758
00bbac68_7121,12211.488076365606
00bbac68_7122,12211.473597302867
00bbac68_7123,12211.462318705344
00bbac68_7124,12211.456862730005
00bbac68_7125,12211.451007439528
00bbac68_7126,12211.453931358556
00bbac68_7127,12211.449720478266
00bbac68_7128,12211.445002371218
00bbac68_7129,12211.456627852522
00bbac68_7130,12211.481432839044
00bbac68_7131,12211.497920743668
00bbac68_7132,12211.512709541483
00bbac68_7133,12211.518153049275
00bbac68_7134,12211.492214764708
00bbac68_7135,12211.505596154908
00bbac68_7136,12211.524161247204
00bbac68_7137,12211.529425849907
00bbac68_7138,12211.546334736797
00bbac68_7139,12211.580218953619
00bbac68_7140,12211.62805037926
00bbac68_7141,12211.686211585444
00bbac68_7142,12211.753973844858
00bbac68_7143,12211.823251317963
00bbac68_7144,12211.88865542362
00bbac68_7145,12211.965359859723
00bbac68_7146,12212.022941150217
00bbac68_7147,12212.060731789383
00bbac68_7148,12212.08102806302
00bbac68_7149,12212.062149996842
00bbac68_7150,12212.037686189138
00bbac68_7151,12212.046424943215
00bbac68_7152,12212.075505947176
00bbac68_7153,12212.093768802639
00bbac68_7154,12212.126782461464
00bbac68_7155,12212.16338420269
00bbac68_7156,12212.202511706753
00bbac68_7157,12212.234493874736
00bbac68_7158,12212.268783451113
00bbac68_7159,12212.320144184294
00bbac68_7160,12212.352782662907
00bbac68_7161,12212.36727019855
00bbac68_7162,12212.352571528294
00bbac68_7163,12212.31346133527
00bbac68_7164,12212.266499471883
00bbac68_7165,12212.182095287857
00bbac68_7166,12212.151769815684
00bbac68_7167,12212.117193961794
00bbac68_7168,12212.116043310945
00bbac68_7169,12212.100717880927
00bbac68_7170,12212.095463835429
00bbac68_7171,12212.096990928887
00bbac68_7172,12212.116536005557
00bbac68_7173,12212.135196288102
00bbac68_7174,12212.16163524639
00bbac68_7175,12212.202373423974
00bbac68_7176,12212.223587962124
00bbac68_7177,12212.237164552142
00bbac68_7178,12212.259603572627
00bbac68_7179,12212.300256751987
00bbac68_7180,12212.382199248943
00bbac68_7181,12212.487077595886
00bbac68_7182,12212.632571910308
00bbac68_7183,12212.767174197661
00bbac68_7184,12212.895157530862
00bbac68_7185,12213.012013609608
00bbac68_7186,12213.117832233289
00bbac68_7187,12213.226414269508
00bbac68_7188,12213.286285788632
00bbac68_7189,12213.309952191705
00bbac68_7190,12213.311937428227
00bbac68_7191,12213.302340620428
00bbac68_7192,12213.275259280566
00bbac68_7193,12213.237925084646
00bbac68_7194,12213.215991138462
00bbac68_7195,12213.21125313715
00bbac68_7196,12213.238071367668
00bbac68_7197,12213.26143102328
00bbac68_7198,12213.29963483267
00bbac68_7199,12213.307177065744
00bbac68_7200,12213.313999591084
00bbac68_7201,12213.32500360983
00bbac68_7202,12213.329518377139
00bbac68_7203,12213.323245464557
00bbac68_7204,12213.258798520943
00bbac68_7205,12213.234600448577
00bbac68_7206,12213.190706242483
00bbac68_7207,12213.157983048628
00bbac68_7208,12213.159478717578
00bbac68_7209,12213.159163710408
00bbac68_7210,12213.155704487723
00bbac68_7211,12213.154923596887
00bbac68_7212,12213.157639741336
00bbac68_7213,12213.161165675632
00bbac68_7214,12213.171352523217
00bbac68_7215,12213.135158422052
00bbac68_7216,12213.150918439538
00bbac68_7217,12213.144656229306
00bbac68_7218,12213.132547806626
00bbac68_7219,12213.073050440627
00bbac68_7220,12213.02769479757
00bbac68_7221,12213.036841215135
00bbac68_7222,12213.050747330879
00bbac68_7223,12213.106861979899
00bbac68_7224,12213.172390225047
00bbac68_7225,12213.257207008208
00bbac68_7226,12213.3260716063
00bbac68_7227,12213.399018091008
00bbac68_7228,12213.488343152543
00bbac68_7229,12213.562475853923
00bbac68_7230,12213.600891787999
00bbac68_7231,12213.635996856903
00bbac68_7232,12213.698923422744
00bbac68_7233,12213.742156818396
00bbac68_7234,12213.767995276807
00bbac68_7235,12213.78729086244
00bbac68_7236,12213.853122764765
00bbac68_7237,12213.946332395157
00bbac68_7238,12214.018436192122
00bbac68_7239,12214.071582269757
00bbac68_7240,12214.119074570986
00bbac68_7241,12214.19358909194
00bbac68_7242,12214.224823567163
00bbac68_7243,12214.246621972261
00bbac68_7244,12214.27058314889
00bbac68_7245,12214.264718479213
00bbac68_7246,12214.234080234146
00bbac68_7247,12214.216435905182
00bbac68_7248,12214.201929837092
00bbac68_7249,12214.195855842292
00bbac68_7250,12214.186685176817
00bbac68_7251,12214.206457460858
00bbac68_7252,12214.221147928763
00bbac68_7253,12214.248618241534
00bbac68_7254,12214.238648722918
00bbac68_7255,12214.219916654085
00bbac68_7256,12214.229435555619
00bbac68_7257,12214.232415162645
00bbac68_7258,12214.210148247294
00bbac68_7259,12214.168748831893
00bbac68_7260,12214.161008849158
00bbac68_7261,12214.166981568616
00bbac68_7262,12214.17926169813
00bbac68_7263,12214.200268930383
00bbac68_7264,12214.240193759311
00bbac68_7265,12214.298106866374
00bbac68_7266,12214.332031229662
00bbac68_7267,12214.367937047176
00bbac68_7268,12214.409546064286
00bbac68_7269,12214.462796510916
00bbac68_7270,12214.49075543625
00bbac68_7271,12214.507475610322
00bbac68_7272,12214.522908904908
00bbac68_7273,12214.50569047289
00bbac68_7274,12214.487201823831
00bbac68_7275,12214.461949113442
00bbac68_7276,12214.474281484427
00bbac68_7277,12214.474192690013
00bbac68_7278,12214.48141530017
00bbac68_7279,12214.48752321993
00bbac68_7280,12214.508075220207
00bbac68_7281,12214.509845155986
00bbac68_7282,12214.494930464525
00bbac68_7283,12214.497673813481
00bbac68_7284,12214.505919611584
00bbac68_7285,12214.513688409306
00bbac68_7286,12214.502363000265
00bbac68_7287,12214.483471514233
00bbac68_7288,12214.454124204887
00bbac68_7289,12214.427931255781
00bbac68_7290,12214.439309903672
00bbac68_7291,12214.435675473911
00bbac68_7292,12214.448858874852
00bbac68_7293,12214.453971665382
00bbac68_7294,12214.471118601396
00bbac68_7295,12214.484395884465
00bbac68_7296,12214.503029896197
00bbac68_7297,12214.50745614142
00bbac68_7298,12214.512010653078
00bbac68_7299,12214.51039945351
00bbac68_7300,12214.498132936957
00bbac68_7301,12214.498530609873
00bbac68_7302,12214.48340601038
00bbac68_7303,12214.448806711065
00bbac68_7304,12214.432295868173
00bbac68_7305,12214.443449459843
00bbac68_7306,12214.462971588808
00bbac68_7307,12214.469306633066
00bbac68_7308,12214.476728947508
00bbac68_7309,12214.50696413667
00bbac68_7310,12214.533781370295
00bbac68_7311,12214.539715893983
00bbac68_7312,12214.5592649303
00bbac68_7313,12214.578887488433
00bbac68_7314,12214.60509293507
00bbac68_7315,12214.630943370765
00bbac68_7316,12214.667543749318
00bbac68_7317,12214.703930514297
00bbac68_7318,12214.726662823577
00bbac68_7319,12214.744563798922
00bbac68_7320,12214.782110835455
00bbac68_7321,12214.801030651919
00bbac68_7322,12214.795578704643
00bbac68_7323,12214.793704524756
00bbac68_7324,12214.796305824582
00bbac68_7325,12214.820553291698
00bbac68_7326,12214.841512803843
00bbac68_7327,12214.846896208812
00bbac68_7328,12214.848962954991
00bbac68_7329,12214.86064637899
00bbac68_7330,12214.872075913127
00bbac68_7331,12214.877981258012
00bbac68_7332,12214.880924534931
00bbac68_7333,12214.880782741062
00bbac68_7334,12214.868428741262
00bbac68_7335,12214.857262908745
00bbac68_7336,12214.835887603775
00bbac68_7337,12214.80628407204
00bbac68_7338,12214.792322570862
00bbac68_7339,12214.783577209533
00bbac68_7340,12214.792535350445
00bbac68_7341,12214.800190010632
00bbac68_7342,12214.821233519553
00bbac68_7343,12214.826656874266
00bbac68_7344,12214.836682587493
00bbac68_7345,12214.866156996093
00bbac68_7346,12214.897206887994
00bbac68_7347,12214.935817928066
00bbac68_7348,12214.94227708455
00bbac68_7349,12214.967037734634
00bbac68_7350,12215.003880286917
00bbac68_7351,12215.024911939117
00bbac68_7352,12215.0359311317
00bbac68_7353,12215.04740068285
00bbac68_7354,12215.051552037005
00bbac68_7355,12215.03271863853
00bbac68_7356,12215.018055246346
00bbac68_7357,12215.005414678913
00bbac68_7358,12214.989951348245
00bbac68_7359,12214.977527069144
00bbac68_7360,12214.97349353282
00bbac68_7361,12214.969481345988
00bbac68_7362,12214.962858815841
00bbac68_7363,12214.957618347858
00bbac68_7364,12214.934510871324
00bbac68_7365,12214.952671527402
00bbac68_7366,12214.97828732215
00bbac68_7367,12214.98637631928
00bbac68_7368,12214.998649938769
00bbac68_7369,12215.015132202885
00bbac68_7370,12215.019011243652
00bbac68_7371,12215.025290428588
00bbac68_7372,12215.045866656654
00bbac68_7373,12215.066576067911
00bbac68_7374,12215.05436737581
00bbac68_7375,12215.063055056
00bbac68_7376,12215.064366364306
00bbac68_7377,12215.069023593463
00bbac68_7378,12215.069466763109
00bbac68_7379,12215.080786017666
00bbac68_7380,12215.077379040133
00bbac68_7381,12215.082288377513
00bbac68_7382,12215.0955696569
00bbac68_7383,12215.119146880661
00bbac68_7384,12215.12634860669
00bbac68_7385,12215.128541720394
00bbac68_7386,12215.125925519653
00bbac68_7387,12215.123834730017
00bbac68_7388,12215.13654144058
00bbac68_7389,12215.14740207208
00bbac68_7390,12215.148971188497
00bbac68_7391,12215.1814721696
00bbac68_7392,12215.211208743765
00bbac68_7393,12215.248447088388
00bbac68_7394,12215.275363274299
00bbac68_7395,12215.293010464467
00bbac68_7396,12215.287199817938
00bbac68_7397,12215.258434777808
00bbac68_7398,12215.259247772769
00bbac68_7399,12215.249444770474
00bbac68_7400,12215.229625658885
00bbac68_7401,12215.222957253467
00bbac68_7402,12215.211250359549
00bbac68_7403,12215.210540656964
00bbac68_7404,12215.228136945807
00bbac68_7405,12215.239964631666
00bbac68_7406,12215.242047978447
00bbac68_7407,12215.281010131648
00bbac68_7408,12215.328171992285
00bbac68_7409,12215.377633894048
00bbac68_7410,12215.42605332065
00bbac68_7411,12215.474901723346
00bbac68_7412,12215.514657349078
00bbac68_7413,12215.54843750669
00bbac68_7414,12215.597892520695
00bbac68_7415,12215.58592589602
00bbac68_7416,12215.60700662961
00bbac68_7417,12215.678411236102
00bbac68_7418,12215.75894329871
00bbac68_7419,12215.84988634206
00bbac68_7420,12215.957353668044
00bbac68_7421,12216.067214137189
00bbac68_7422,12216.204947515507
00bbac68_7423,12216.35713918802
00bbac68_7424,12216.491652409404
00bbac68_7425,12216.603992163231
00bbac68_7426,12216.69950271763
00bbac68_7427,12216.765972422292
00bbac68_7428,12216.824978245755
00bbac68_7429,12216.842403199986
00bbac68_7430,12216.816332146158
00bbac68_7431,12216.768871915205
00bbac68_7432,12216.768732941619
00bbac68_7433,12216.780754628844
00bbac68_7434,12216.763750587745
00bbac68_7435,12216.75850551842
00bbac68_7436,12216.754454036945
00bbac68_7437,12216.767450506317
00bbac68_7438,12216.76784498924
00bbac68_7439,12216.748047783507
00bbac68_7440,12216.726134826085
00bbac68_7441,12216.698529320976
00bbac68_7442,12216.681847353717
00bbac68_7443,12216.645985916823
00bbac68_7444,12216.621593823136
00bbac68_7445,12216.597522731689
00bbac68_7446,12216.582997729802
00bbac68_7447,12216.553418057625
00bbac68_7448,12216.554228558058
00bbac68_7449,12216.561626992087
00bbac68_7450,12216.55911530137
00bbac68_7451,12216.577464498758
00bbac68_7452,12216.585063612347
00bbac68_7453,12216.597075108826
00bbac68_7454,12216.589210844273
00bbac68_7455,12216.59396149037
00bbac68_7456,12216.592335977602
00bbac68_7457,12216.590911051755
00bbac68_7458,12216.583486723848
00bbac68_7459,12216.551914999298
00bbac68_7460,12216.53317118941
00bbac68_7461,12216.524335692984
00bbac68_7462,12216.51344308319
00bbac68_7463,12216.479042346713
00bbac68_7464,12216.473675003168
00bbac68_7465,12216.416385879185
00bbac68_7466,12216.395394811392
00bbac68_7467,12216.368945200282
00bbac68_7468,12216.340250395177
00bbac68_7469,12216.298392883318
00bbac68_7470,12216.259340779532
00bbac68_7471,12216.199235171578
00bbac68_7472,12216.146040757347
00bbac68_7473,12216.10064070108
00bbac68_7474,12216.056012639387
00bbac68_7475,12216.020035169287
00bbac68_7476,12215.958469056824
00bbac68_7477,12215.942534403179
00bbac68_7478,12215.946288899455
00bbac68_7479,12215.945560795084
00bbac68_7480,12215.94805990217
00bbac68_7481,12215.967359592265
00bbac68_7482,12216.053945092915
00bbac68_7483,12216.121567321132
00bbac68_7484,12216.15571850372
00bbac68_7485,12216.186905834133
00bbac68_7486,12216.216730790906
00bbac68_7487,12216.226835992044
00bbac68_7488,12216.24449546938
00bbac68_7489,12216.25717218134
00bbac68_7490,12216.250049706063
00bbac68_7491,12216.239064107665
00bbac68_7492,12216.206077813087
00bbac68_7493,12216.239987754961
00bbac68_7494,12216.256750405413
00bbac68_7495,12216.244387422486
00bbac68_7496,12216.24133819849
00bbac68_7497,12216.282717321219
00bbac68_7498,12216.314109385907
00bbac68_7499,12216.331198591142
00bbac68_7500,12216.308802057903
00bbac68_7501,12216.310106507102
00bbac68_7502,12216.292899088596
00bbac68_7503,12216.285519001345
00bbac68_7504,12216.294928941605
00bbac68_7505,12216.31277990738
00bbac68_7506,12216.359713993903
00bbac68_7507,12216.40998456403
00bbac68_7508,12216.432875964758
00bbac68_7509,12216.445555660977
00bbac68_7510,12216.432622050419
00bbac68_7511,12216.402895005973
00bbac68_7512,12216.38945136408
00bbac68_7513,12216.36578438775
00bbac68_7514,12216.305106695148
00bbac68_7515,12216.244539526982
00bbac68_7516,12216.192514911643
00bbac68_7517,12216.131632364706
00bbac68_7518,12216.060476936182
00bbac68_7519,12216.003068501843
00bbac68_7520,12215.980140510668
00bbac68_7521,12215.96460864945
00bbac68_7522,12215.989198313762
00bbac68_7523,12215.99405296539
00bbac68_7524,12215.985374473916
00bbac68_7525,12215.959722758405
00bbac68_7526,12215.946973536016
00bbac68_7527,12215.936242023668
00bbac68_7528,12215.927626821105
00bbac68_7529,12215.919103721673
00bbac68_7530,12215.919090702848
00bbac68_7531,12215.952355310143
00bbac68_7532,12215.990169508512
00bbac68_7533,12216.015246447452
00bbac68_7534,12216.050564057701
00bbac68_7535,12216.081025888463
00bbac68_7536,12216.12985262252
00bbac68_7537,12216.163118214887
00bbac68_7538,12216.205811658267
00bbac68_7539,12216.22349979228
00bbac68_7540,12216.233440005493
00bbac68_7541,12216.240682021578
00bbac68_7542,12216.276302791686
00bbac68_7543,12216.304925076522
00bbac68_7544,12216.334802704288
00bbac68_7545,12216.36605242596
00bbac68_7546,12216.375020936677
00bbac68_7547,12216.434936946103
00bbac68_7548,12216.501842424346
00bbac68_7549,12216.576966023707
00bbac68_7550,12216.68622217388
00bbac68_7551,12216.78610629432
00bbac68_7552,12216.893942027797
00bbac68_7553,12217.009151726248
00bbac68_7554,12217.131157741609
00bbac68_7555,12217.259382425818
00bbac68_7556,12217.393248130807
00bbac68_7557,12217.532177208519
00bbac68_7558,12217.675592010884
00e12e8b_2083,11604.834987616412
00e12e8b_2084,11604.84979451584
00e12e8b_2085,11604.86360801815
00e12e8b_2086,11604.87673578848
00e12e8b_2087,11604.889485491964
00e12e8b_2088,11604.902164793735
00e12e8b_2089,11604.915081358926
00e12e8b_2090,11604.928542852675
00e12e8b_2091,11604.942856940112
00e12e8b_2092,11604.958415648227
00e12e8b_2093,11604.977130639018
00e12e8b_2094,11604.998424893838
00e12e8b_2095,11605.021253919855
00e12e8b_2096,11605.045241277128
00e12e8b_2097,11605.070797239134
00e12e8b_2098,11605.095635390677
00e12e8b_2099,11605.118487975733
00e12e8b_2100,11605.137890389738
00e12e8b_2101,11605.160789136244
00e12e8b_2102,11605.18591573982
00e12e8b_2103,11605.208755282332
00e12e8b_2104,11605.232039079263
00e12e8b_2105,11605.25655199741
00e12e8b_2106,11605.278427482024
00e12e8b_2107,11605.298643800048
00e12e8b_2108,11605.324699146811
00e12e8b_2109,11605.350877350456
00e12e8b_2110,11605.378232946661
00e12e8b_2111,11605.408127596047
00e12e8b_2112,11605.437235606552
00e12e8b_2113,11605.464461644446
00e12e8b_2114,11605.485744726944
00e12e8b_2115,11605.504422387357
00e12e8b_2116,11605.52159885118
00e12e8b_2117,11605.540087065288
00e12e8b_2118,11605.55399189056
00e12e8b_2119,11605.566645614621
00e12e8b_2120,11605.58115415264
00e12e8b_2121,11605.59747124194
00e12e8b_2122,11605.611882337076
00e12e8b_2123,11605.623371621414
00e12e8b_2124,11605.636052330752
00e12e8b_2125,11605.648481187782
00e12e8b_2126,11605.669463583718
00e12e8b_2127,11605.694646904452
00e12e8b_2128,11605.719246778837
00e12e8b_2129,11605.742722163483
00e12e8b_2130,11605.766117197323
00e12e8b_2131,11605.790169520742
00e12e8b_2132,11605.813714789694
00e12e8b_2133,11605.83467838253
00e12e8b_2134,11605.857039357074
00e12e8b_2135,11605.859504468162
00e12e8b_2136,11605.877936130675
00e12e8b_2137,11605.90932374334
00e12e8b_2138,11605.94954267381
00e12e8b_2139,11605.99147724921
00e12e8b_2140,11606.052886512585
00e12e8b_2141,11606.126991883017
00e12e8b_2142,11606.211876826623
00e12e8b_2143,11606.297296712868
00e12e8b_2144,11606.38530242705
00e12e8b_2145,11606.470020330496
00e12e8b_2146,11606.55180466423
00e12e8b_2147,11606.625253441585
00e12e8b_2148,11606.69350025757
00e12e8b_2149,11606.743081905188
00e12e8b_2150,11606.770081063898
00e12e8b_2151,11606.783835951568
00e12e8b_2152,11606.81747444323
00e12e8b_2153,11606.848865140526
00e12e8b_2154,11606.881340868636
00e12e8b_2155,11606.910573788504
00e12e8b_2156,11606.951387098927
00e12e8b_2157,11606.989818993376
00e12e8b_2158,11607.025225559382
00e12e8b_2159,11607.059043300174
00e12e8b_2160,11607.09226340869
00e12e8b_2161,11607.12441665559
00e12e8b_2162,11607.153146966086
00e12e8b_2163,11607.18004512561
00e12e8b_2164,11607.202292695178
00e12e8b_2165,11607.216334993738
00e12e8b_2166,11607.227930001302
00e12e8b_2167,11607.249364464462
00e12e8b_2168,11607.267526880092
00e12e8b_2169,11607.291571795584
00e12e8b_2170,11607.315282744663
00e12e8b_2171,11607.339569844953
00e12e8b_2172,11607.360622554761
00e12e8b_2173,11607.379583842414
00e12e8b_2174,11607.394871094906
00e12e8b_2175,11607.41187458429
00e12e8b_2176,11607.432252378938
00e12e8b_2177,11607.461054237296
00e12e8b_2178,11607.489656087128
00e12e8b_2179,11607.507245329476
00e12e8b_2180,11607.522007567895
00e12e8b_2181,11607.534010496185
00e12e8b_2182,11607.548708430282
00e12e8b_2183,11607.553096945683
00e12e8b_2184,11607.55055465026
00e12e8b_2185,11607.553914572096
00e12e8b_2186,11607.552581124623
00e12e8b_2187,11607.536393163726
00e12e8b_2188,11607.52385340679
00e12e8b_2189,11607.525286902473
00e12e8b_2190,11607.537737557052
00e12e8b_2191,11607.574429843493
00e12e8b_2192,11607.615844795479
00e12e8b_2193,11607.669306765332
00e12e8b_2194,11607.714247799904
00e12e8b_2195,11607.754770445266
00e12e8b_2196,11607.779812538229
00e12e8b_2197,11607.81474192731
00e12e8b_2198,11607.850960410535
00e12e8b_2199,11607.882675792813
00e12e8b_2200,11607.91254344094
00e12e8b_2201,11607.950256738752
00e12e8b_2202,11607.973555906961
00e12e8b_2203,11607.980933175064
00e12e8b_2204,11608.0131816382
00e12e8b_2205,11608.0568455847
00e12e8b_2206,11608.108828670514
00e12e8b_2207,11608.167635805994
00e12e8b_2208,11608.218718385862
00e12e8b_2209,11608.273550101174
00e12e8b_2210,11608.315950596687
00e12e8b_2211,11608.355293343986
00e12e8b_2212,11608.377343668102
00e12e8b_2213,11608.417729352175
00e12e8b_2214,11608.449006640363
00e12e8b_2215,11608.476207726393
00e12e8b_2216,11608.497197386636
00e12e8b_2217,11608.519995096694
00e12e8b_2218,11608.530057850208
00e12e8b_2219,11608.53846569649
00e12e8b_2220,11608.561061161028
00e12e8b_2221,11608.580441984133
00e12e8b_2222,11608.609638362968
00e12e8b_2223,11608.646709277577
00e12e8b_2224,11608.680520674765
00e12e8b_2225,11608.719028393485
00e12e8b_2226,11608.750112916545
00e12e8b_2227,11608.7728581478
00e12e8b_2228,11608.786875028374
00e12e8b_2229,11608.793795428051
00e12e8b_2230,11608.804164291652
00e12e8b_2231,11608.803709458663
00e12e8b_2232,11608.810203555939
00e12e8b_2233,11608.816738512012
00e12e8b_2234,11608.828647262257
00e12e8b_2235,11608.845501097156
00e12e8b_2236,11608.872282331895
00e12e8b_2237,11608.899345169097
00e12e8b_2238,11608.935311146945
00e12e8b_2239,11608.980126274893
00e12e8b_2240,11609.009007666618
00e12e8b_2241,11609.043804221696
00e12e8b_2242,11609.089738618979
00e12e8b_2243,11609.14665961246
00e12e8b_2244,11609.212998376943
00e12e8b_2245,11609.28854741964
00e12e8b_2246,11609.371302345577
00e12e8b_2247,11609.450597164981
00e12e8b_2248,11609.532145822317
00e12e8b_2249,11609.60722449629
00e12e8b_2250,11609.683667860229
00e12e8b_2251,11609.74223236379
00e12e8b_2252,11609.794220377933
00e12e8b_2253,11609.81811261244
00e12e8b_2254,11609.82782292063
00e12e8b_2255,11609.839706143674
00e12e8b_2256,11609.837639380008
00e12e8b_2257,11609.854726691716
00e12e8b_2258,11609.890823512593
00e12e8b_2259,11609.927793781775
00e12e8b_2260,11609.971545622739
00e12e8b_2261,11610.01448753094
00e12e8b_2262,11610.054386818143
00e12e8b_2263,11610.095975401966
00e12e8b_2264,11610.124660999201
00e12e8b_2265,11610.156061816684
00e12e8b_2266,11610.182995347619
00e12e8b_2267,11610.196211129798
00e12e8b_2268,11610.202240421573
00e12e8b_2269,11610.189723225903
00e12e8b_2270,11610.184132857205
00e12e8b_2271,11610.19116824691
00e12e8b_2272,11610.199035872336
00e12e8b_2273,11610.212715750531
00e12e8b_2274,11610.223629908929
00e12e8b_2275,11610.233448714866
00e12e8b_2276,11610.242902689435
00e12e8b_2277,11610.253092353561
00e12e8b_2278,11610.26304859004
00e12e8b_2279,11610.276775051945
00e12e8b_2280,11610.288039517325
00e12e8b_2281,11610.308932008938
00e12e8b_2282,11610.32579144031
00e12e8b_2283,11610.341290450802
00e12e8b_2284,11610.352996157391
00e12e8b_2285,11610.363067710714
00e12e8b_2286,11610.38458281422
00e12e8b_2287,11610.404175093345
00e12e8b_2288,11610.415195848178
00e12e8b_2289,11610.42260519638
00e12e8b_2290,11610.426611277826
00e12e8b_2291,11610.429791704335
00e12e8b_2292,11610.430165515978
00e12e8b_2293,11610.42037689684
00e12e8b_2294,11610.405748202038
00e12e8b_2295,11610.39694629422
00e12e8b_2296,11610.393228390403
00e12e8b_2297,11610.399608031752
00e12e8b_2298,11610.409069621013
00e12e8b_2299,11610.438729250538
00e12e8b_2300,11610.475347980244
00e12e8b_2301,11610.477363071483
00e12e8b_2302,11610.512834134957
00e12e8b_2303,11610.565448884343
00e12e8b_2304,11610.635277607216
00e12e8b_2305,11610.718805459215
00e12e8b_2306,11610.813029390672
00e12e8b_2307,11610.911885982729
00e12e8b_2308,11611.009266258927
00e12e8b_2309,11611.090994476654
00e12e8b_2310,11611.173019894217
00e12e8b_2311,11611.250089696732
00e12e8b_2312,11611.32078206216
00e12e8b_2313,11611.379668095327
00e12e8b_2314,11611.418467524343
00e12e8b_2315,11611.448695778454
00e12e8b_2316,11611.447440507825
00e12e8b_2317,11611.417807221851
00e12e8b_2318,11611.425769240202
00e12e8b_2319,11611.433436501837
00e12e8b_2320,11611.442357165908
00e12e8b_2321,11611.451170766766
00e12e8b_2322,11611.46078737732
00e12e8b_2323,11611.46083315349
00e12e8b_2324,11611.466182458338
00e12e8b_2325,11611.473103421598
00e12e8b_2326,11611.48267166955
00e12e8b_2327,11611.495399987612
00e12e8b_2328,11611.515787305574
00e12e8b_2329,11611.518694288998
00e12e8b_2330,11611.530969431817
00e12e8b_2331,11611.55705170479
00e12e8b_2332,11611.594626288112
00e12e8b_2333,11611.637390658183
00e12e8b_2334,11611.689094837302
00e12e8b_2335,11611.745481565938
00e12e8b_2336,11611.803429897169
00e12e8b_2337,11611.850041190772
00e12e8b_2338,11611.892078600742
00e12e8b_2339,11611.936833618875
00e12e8b_2340,11611.987669276408
00e12e8b_2341,11612.02603040648
00e12e8b_2342,11612.063635905994
00e12e8b_2343,11612.086485193557
00e12e8b_2344,11612.09246482232
00e12e8b_2345,11612.044795486112
00e12e8b_2346,11612.030368086032
00e12e8b_2347,11612.040494281944
00e12e8b_2348,11612.079034330714
00e12e8b_2349,11612.136014906533
00e12e8b_2350,11612.19986141232
00e12e8b_2351,11612.283424105271
00e12e8b_2352,11612.3773082356
00e12e8b_2353,11612.47133803974
00e12e8b_2354,11612.5818053591
00e12e8b_2355,11612.687303031396
00e12e8b_2356,11612.787983501197
00e12e8b_2357,11612.869624517634
00e12e8b_2358,11612.951178624548
00e12e8b_2359,11612.99120459979
00e12e8b_2360,11613.004522826108
00e12e8b_2361,11612.98664655071
00e12e8b_2362,11613.006637021641
00e12e8b_2363,11613.026551583282
00e12e8b_2364,11613.052159334038
00e12e8b_2365,11613.06544687622
00e12e8b_2366,11613.076742993479
00e12e8b_2367,11613.09455958652
00e12e8b_2368,11613.108057047819
00e12e8b_2369,11613.12403251684
00e12e8b_2370,11613.135818621386
00e12e8b_2371,11613.140956929967
00e12e8b_2372,11613.160753099353
00e12e8b_2373,11613.167561656379
00e12e8b_2374,11613.186068532053
00e12e8b_2375,11613.183849956273
00e12e8b_2376,11613.191612206667
00e12e8b_2377,11613.197274944268
00e12e8b_2378,11613.212548762876
00e12e8b_2379,11613.210242507404
00e12e8b_2380,11613.224000394537
00e12e8b_2381,11613.228214418728
00e12e8b_2382,11613.221739868568
00e12e8b_2383,11613.207647094281
00e12e8b_2384,11613.196102347589
00e12e8b_2385,11613.182901580554
00e12e8b_2386,11613.165838422907
00e12e8b_2387,11613.143628112626
00e12e8b_2388,11613.125790061136
00e12e8b_2389,11613.105274489006
00e12e8b_2390,11613.088092553971
00e12e8b_2391,11613.071218334244
00e12e8b_2392,11613.072548827853
00e12e8b_2393,11613.070300926025
00e12e8b_2394,11613.072634520406
00e12e8b_2395,11613.079480422477
00e12e8b_2396,11613.102531090983
00e12e8b_2397,11613.109763305782
00e12e8b_2398,11613.103740705457
00e12e8b_2399,11613.109152662997
00e12e8b_2400,11613.107376025187
00e12e8b_2401,11613.106110997629
00e12e8b_2402,11613.097062371722
00e12e8b_2403,11613.078017659498
00e12e8b_2404,11613.058363067634
00e12e8b_2405,11613.038522489907
00e12e8b_2406,11613.013292127102
00e12e8b_2407,11612.919303691659
00e12e8b_2408,11612.890192480585
00e12e8b_2409,11612.90376836919
00e12e8b_2410,11612.969763462272
00e12e8b_2411,11613.071310651641
00e12e8b_2412,11613.20135501623
00e12e8b_2413,11613.342406124557
00e12e8b_2414,11613.499137649213
00e12e8b_2415,11613.65070163711
00e12e8b_2416,11613.81733194627
00e12e8b_2417,11613.969854288462
00e12e8b_2418,11614.107751594576
00e12e8b_2419,11614.21391369966
00e12e8b_2420,11614.287999502223
00e12e8b_2421,11614.324318029134
00e12e8b_2422,11614.315069140635
00e12e8b_2423,11614.25296847168
00e12e8b_2424,11614.275010842859
00e12e8b_2425,11614.290431612584
00e12e8b_2426,11614.294989854518
00e12e8b_2427,11614.298087374078
00e12e8b_2428,11614.294113421543
00e12e8b_2429,11614.278882919027
00e12e8b_2430,11614.266280639904
00e12e8b_2431,11614.243807976649
00e12e8b_2432,11614.249429314677
00e12e8b_2433,11614.232898742832
00e12e8b_2434,11614.23473719789
00e12e8b_2435,11614.223527490289
00e12e8b_2436,11614.220387059351
00e12e8b_2437,11614.224595811418
00e12e8b_2438,11614.229493549701
00e12e8b_2439,11614.24035797786
00e12e8b_2440,11614.2491636509
00e12e8b_2441,11614.25672852861
00e12e8b_2442,11614.264661571246
00e12e8b_2443,11614.274636802438
00e12e8b_2444,11614.282816987914
00e12e8b_2445,11614.280441587744
00e12e8b_2446,11614.296549105811
00e12e8b_2447,11614.305095315818
00e12e8b_2448,11614.329741181056
00e12e8b_2449,11614.307215604465
00e12e8b_2450,11614.333511373683
00e12e8b_2451,11614.368780443237
00e12e8b_2452,11614.435691281355
00e12e8b_2453,11614.516847473706
00e12e8b_2454,11614.616581973974
00e12e8b_2455,11614.715299279525
00e12e8b_2456,11614.82503574314
00e12e8b_2457,11614.928804339123
00e12e8b_2458,11615.018877020142
00e12e8b_2459,11615.114713903717
00e12e8b_2460,11615.19516620983
00e12e8b_2461,11615.25491011858
00e12e8b_2462,11615.307870778028
00e12e8b_2463,11615.330070440254
00e12e8b_2464,11615.342273705317
00e12e8b_2465,11615.328814746534
00e12e8b_2466,11615.353882884887
00e12e8b_2467,11615.35840390432
00e12e8b_2468,11615.370238689027
00e12e8b_2469,11615.357004848582
00e12e8b_2470,11615.34293435742
00e12e8b_2471,11615.317544657299
00e12e8b_2472,11615.285961081103
00e12e8b_2473,11615.249408689833
00e12e8b_2474,11615.208103046165
00e12e8b_2475,11615.190950923945
00e12e8b_2476,11615.165427983533
00e12e8b_2477,11615.162744834044
00e12e8b_2478,11615.155677746578
00e12e8b_2479,11615.156904881966
00e12e8b_2480,11615.171962829243
00e12e8b_2481,11615.197687308259
00e12e8b_2482,11615.206060410028
00e12e8b_2483,11615.215112378988
00e12e8b_2484,11615.22405365789
00e12e8b_2485,11615.241745357898
00e12e8b_2486,11615.265039008636
00e12e8b_2487,11615.292351388365
00e12e8b_2488,11615.309994186027
00e12e8b_2489,11615.334822066108
00e12e8b_2490,11615.36296908666
00e12e8b_2491,11615.398100474631
00e12e8b_2492,11615.43517738071
00e12e8b_2493,11615.462084217424
00e12e8b_2494,11615.492109433308
00e12e8b_2495,11615.510485107827
00e12e8b_2496,11615.483872060571
00e12e8b_2497,11615.484348661574
00e12e8b_2498,11615.443453824439
00e12e8b_2499,11615.384488817244
00e12e8b_2500,11615.316501673857
00e12e8b_2501,11615.252624698727
00e12e8b_2502,11615.17079995774
00e12e8b_2503,11615.095146598265
00e12e8b_2504,11615.009994190406
00e12e8b_2505,11614.926637791383
00e12e8b_2506,11614.858547977881
00e12e8b_2507,11614.790242725534
00e12e8b_2508,11614.7112570675
00e12e8b_2509,11614.695793016235
00e12e8b_2510,11614.694572228298
00e12e8b_2511,11614.691323911375
00e12e8b_2512,11614.665379162956
00e12e8b_2513,11614.646735523196
00e12e8b_2514,11614.59436917369
00e12e8b_2515,11614.619965457025
00e12e8b_2516,11614.68460525221
00e12e8b_2517,11614.757276790077
00e12e8b_2518,11614.819880714736
00e12e8b_2519,11614.931784354496
00e12e8b_2520,11615.027665872425
00e12e8b_2521,11615.11482299999
00e12e8b_2522,11615.156380224731
00e12e8b_2523,11615.227992587397
00e12e8b_2524,11615.285199039725
00e12e8b_2525,11615.356731657805
00e12e8b_2526,11615.363177426081
00e12e8b_2527,11615.322648427395
00e12e8b_2528,11615.269820755828
00e12e8b_2529,11615.201754941565
00e12e8b_2530,11615.191369874203
00e12e8b_2531,11615.228869029854
00e12e8b_2532,11615.21484739967
00e12e8b_2533,11615.237646388747
00e12e8b_2534,11615.244211929292
00e12e8b_2535,11615.293558363835
00e12e8b_2536,11615.311538148959
00e12e8b_2537,11615.31759918535
00e12e8b_2538,11615.314548205704
00e12e8b_2539,11615.317848193175
00e12e8b_2540,11615.338774351345
00e12e8b_2541,11615.342422449852
00e12e8b_2542,11615.338219276562
00e12e8b_2543,11615.32562029875
00e12e8b_2544,11615.353562768729
00e12e8b_2545,11615.366265457478
00e12e8b_2546,11615.377619637115
00e12e8b_2547,11615.378672675553
00e12e8b_2548,11615.389119053681
00e12e8b_2549,11615.389352067308
00e12e8b_2550,11615.38443633412
00e12e8b_2551,11615.38406330146
00e12e8b_2552,11615.35951043594
00e12e8b_2553,11615.31127562374
00e12e8b_2554,11615.249935892414
00e12e8b_2555,11615.11811709726
00e12e8b_2556,11615.073840749374
00e12e8b_2557,11615.05504497549
00e12e8b_2558,11615.061605471068
00e12e8b_2559,11615.108029527993
00e12e8b_2560,11615.179006120838
00e12e8b_2561,11615.272332904919
00e12e8b_2562,11615.385535372872
00e12e8b_2563,11615.519749365421
00e12e8b_2564,11615.651980139099
00e12e8b_2565,11615.746424601522
00e12e8b_2566,11615.873660651197
00e12e8b_2567,11615.95480404105
00e12e8b_2568,11616.003577465992
00e12e8b_2569,11616.00879940639
00e12e8b_2570,11615.995349025343
00e12e8b_2571,11615.941554417466
00e12e8b_2572,11615.937493169185
00e12e8b_2573,11615.947483934096
00e12e8b_2574,11615.952435741065
00e12e8b_2575,11615.9668876718
00e12e8b_2576,11615.97343751637
00e12e8b_2577,11615.974189274575
00e12e8b_2578,11615.986307886567
00e12e8b_2579,11615.995879701757
00e12e8b_2580,11615.995149566266
00e12e8b_2581,11616.003138927697
00e12e8b_2582,11616.00292127702
00e12e8b_2583,11616.006208758226
00e12e8b_2584,11615.999492463236
00e12e8b_2585,11615.997470364686
00e12e8b_2586,11616.008908555363
00e12e8b_2587,11616.013631620754
00e12e8b_2588,11616.008017099513
00e12e8b_2589,11616.003419964758
00e12e8b_2590,11615.992074384245
00e12e8b_2591,11615.97139803708
00e12e8b_2592,11615.94080988724
00e12e8b_2593,11615.910734104062
00e12e8b_2594,11615.883350761413
00e12e8b_2595,11615.848811324886
00e12e8b_2596,11615.820948908498
00e12e8b_2597,11615.812671782292
00e12e8b_2598,11615.779817087114
00e12e8b_2599,11615.74347061845
00e12e8b_2600,11615.70499494706
00e12e8b_2601,11615.687642555926
00e12e8b_2602,11615.657583797913
00e12e8b_2603,11615.636284779785
00e12e8b_2604,11615.60384774218
00e12e8b_2605,11615.580493305573
00e12e8b_2606,11615.566732793002
00e12e8b_2607,11615.552141322029
00e12e8b_2608,11615.538602031273
00e12e8b_2609,11615.527549843875
00e12e8b_2610,11615.507041485032
00e12e8b_2611,11615.516707319235
00e12e8b_2612,11615.532382210651
00e12e8b_2613,11615.530165886812
00e12e8b_2614,11615.503315467573
00e12e8b_2615,11615.4913090968
00e12e8b_2616,11615.463897050466
00e12e8b_2617,11615.444637648818
00e12e8b_2618,11615.413849269386
00e12e8b_2619,11615.359369430858
00e12e8b_2620,11615.318166108798
00e12e8b_2621,11615.313087981203
00e12e8b_2622,11615.31632544398
00e12e8b_2623,11615.309500796871
00e12e8b_2624,11615.331120092611
00e12e8b_2625,11615.349630489714
00e12e8b_2626,11615.391440232013
00e12e8b_2627,11615.43275202962
00e12e8b_2628,11615.463316277297
00e12e8b_2629,11615.488688237701
00e12e8b_2630,11615.514965566199
00e12e8b_2631,11615.562423806145
00e12e8b_2632,11615.57652624498
00e12e8b_2633,11615.583248265917
00e12e8b_2634,11615.563988951228
00e12e8b_2635,11615.53094474684
00e12e8b_2636,11615.520940314182
00e12e8b_2637,11615.505473050995
00e12e8b_2638,11615.47721415486
00e12e8b_2639,11615.441656902884
00e12e8b_2640,11615.425290991958
00e12e8b_2641,11615.38814975065
00e12e8b_2642,11615.351384445627
00e12e8b_2643,11615.31047459812
00e12e8b_2644,11615.27771845174
00e12e8b_2645,11615.255747022906
00e12e8b_2646,11615.252390764896
00e12e8b_2647,11615.262194439585
00e12e8b_2648,11615.252933363377
00e12e8b_2649,11615.256682179897
00e12e8b_2650,11615.286993348978
00e12e8b_2651,11615.289998847064
00e12e8b_2652,11615.313349997623
00e12e8b_2653,11615.319122921943
00e12e8b_2654,11615.334532554156
00e12e8b_2655,11615.330889275889
00e12e8b_2656,11615.320007908693
00e12e8b_2657,11615.278092969776
00e12e8b_2658,11615.237377045658
00e12e8b_2659,11615.243568128939
00e12e8b_2660,11615.193050360209
00e12e8b_2661,11615.17377277191
00e12e8b_2662,11615.176294604009
00e12e8b_2663,11615.236563685032
00e12e8b_2664,11615.333047300352
00e12e8b_2665,11615.458672777044
00e12e8b_2666,11615.568147018115
00e12e8b_2667,11615.702025907989
00e12e8b_2668,11615.865166932046
00e12e8b_2669,11616.001050601899
00e12e8b_2670,11616.105582314236
00e12e8b_2671,11616.203791328788
00e12e8b_2672,11616.24781024886
00e12e8b_2673,11616.301380873312
00e12e8b_2674,11616.327628600793
00e12e8b_2675,11616.30426565457
00e12e8b_2676,11616.245084676271
00e12e8b_2677,11616.208338569006
00e12e8b_2678,11616.145960378259
00e12e8b_2679,11616.15580855448
00e12e8b_2680,11616.13017872618
00e12e8b_2681,11616.121978341243
00e12e8b_2682,11616.07517783326
00e12e8b_2683,11616.101567700858
00e12e8b_2684,11616.065263591563
00e12e8b_2685,11616.063618905879
00e12e8b_2686,11616.025342111847
00e12e8b_2687,11616.049192572664
00e12e8b_2688,11616.00860155228
00e12e8b_2689,11616.039993701595
00e12e8b_2690,11615.992152807963
00e12e8b_2691,11615.976311763568
00e12e8b_2692,11615.961152530706
00e12e8b_2693,11615.923829924779
00e12e8b_2694,11615.89965919531
00e12e8b_2695,11615.891235160601
00e12e8b_2696,11615.881610902028
00e12e8b_2697,11615.861128099175
00e12e8b_2698,11615.820919522786
00e12e8b_2699,11615.824319187532
00e12e8b_2700,11615.775659344677
00e12e8b_2701,11615.758215091182
00e12e8b_2702,11615.7215183148
00e12e8b_2703,11615.734035518015
00e12e8b_2704,11615.68687794449
00e12e8b_2705,11615.679962651962
00e12e8b_2706,11615.662401647169
00e12e8b_2707,11615.656334360021
00e12e8b_2708,11615.629038595782
00e12e8b_2709,11615.626502556039
00e12e8b_2710,11615.628778299715
00e12e8b_2711,11615.625583327706
00e12e8b_2712,11615.613790013575
00e12e8b_2713,11615.569754804883
00e12e8b_2714,11615.551662236789
00e12e8b_2715,11615.520663568117
00e12e8b_2716,11615.510547167813
00e12e8b_2717,11615.477365346478
00e12e8b_2718,11615.457068608528
00e12e8b_2719,11615.44906958987
00e12e8b_2720,11615.412567359735
00e12e8b_2721,11615.402310216716
00e12e8b_2722,11615.406023780904
00e12e8b_2723,11615.410606976671
00e12e8b_2724,11615.401717953158
00e12e8b_2725,11615.394455379206
00e12e8b_2726,11615.362382879703
00e12e8b_2727,11615.348293537747
00e12e8b_2728,11615.319687513336
00e12e8b_2729,11615.323521072562
00e12e8b_2730,11615.337097448535
00e12e8b_2731,11615.372343028432
00e12e8b_2732,11615.431928151367
00e12e8b_2733,11615.468625088712
00e12e8b_2734,11615.49657586651
00e12e8b_2735,11615.539489386068
00e12e8b_2736,11615.577953557553
00e12e8b_2737,11615.61347015645
00e12e8b_2738,11615.635711980121
00e12e8b_2739,11615.653871703813
00e12e8b_2740,11615.631987248029
00e12e8b_2741,11615.618634411623
00e12e8b_2742,11615.577744359003
00e12e8b_2743,11615.567221588586
00e12e8b_2744,11615.561306773794
00e12e8b_2745,11615.567582033887
00e12e8b_2746,11615.589088128098
00e12e8b_2747,11615.615275769227
00e12e8b_2748,11615.629207763006
00e12e8b_2749,11615.642619058272
00e12e8b_2750,11615.61793850561
00e12e8b_2751,11615.614833650483
00e12e8b_2752,11615.601155462977
00e12e8b_2753,11615.582757242511
00e12e8b_2754,11615.543116582012
00e12e8b_2755,11615.543014586414
00e12e8b_2756,11615.544875126687
00e12e8b_2757,11615.532592411508
00e12e8b_2758,11615.516497497698
00e12e8b_2759,11615.520550909863
00e12e8b_2760,11615.50425470215
00e12e8b_2761,11615.505702661596
00e12e8b_2762,11615.509559292806
00e12e8b_2763,11615.504148361713
00e12e8b_2764,11615.497858110492
00e12e8b_2765,11615.42876524626
00e12e8b_2766,11615.408531952138
00e12e8b_2767,11615.419138431791
00e12e8b_2768,11615.44233660823
00e12e8b_2769,11615.48003347359
00e12e8b_2770,11615.52711393553
00e12e8b_2771,11615.59556830655
00e12e8b_2772,11615.669007004033
00e12e8b_2773,11615.729715304886
00e12e8b_2774,11615.79074905628
00e12e8b_2775,11615.845195725013
00e12e8b_2776,11615.857041677476
00e12e8b_2777,11615.897107644241
00e12e8b_2778,11615.920901945052
00e12e8b_2779,11615.933116497969
00e12e8b_2780,11615.91438649241
00e12e8b_2781,11615.852266483214
00e12e8b_2782,11615.86844230561
00e12e8b_2783,11615.873389667837
00e12e8b_2784,11615.877335851512
00e12e8b_2785,11615.86689519598
00e12e8b_2786,11615.877247851247
00e12e8b_2787,11615.89208645927
00e12e8b_2788,11615.925683125715
00e12e8b_2789,11615.922337846927
00e12e8b_2790,11615.939446493165
00e12e8b_2791,11615.944975005454
00e12e8b_2792,11615.931170494478
00e12e8b_2793,11615.951671401392
00e12e8b_2794,11615.956643835318
00e12e8b_2795,11615.95322481752
00e12e8b_2796,11615.941621711749
00e12e8b_2797,11615.912645738194
00e12e8b_2798,11615.892209576088
00e12e8b_2799,11615.87644230236
00e12e8b_2800,11615.854379178278
00e12e8b_2801,11615.802817366237
00e12e8b_2802,11615.794509542884
00e12e8b_2803,11615.775378602662
00e12e8b_2804,11615.73476913183
00e12e8b_2805,11615.711243561116
00e12e8b_2806,11615.722637884512
00e12e8b_2807,11615.709793133114
00e12e8b_2808,11615.706555002358
00e12e8b_2809,11615.715822687034
00e12e8b_2810,11615.70433130133
00e12e8b_2811,11615.708218209658
00e12e8b_2812,11615.710211280692
00e12e8b_2813,11615.699946056338
00e12e8b_2814,11615.680589812091
00e12e8b_2815,11615.683080758652
00e12e8b_2816,11615.691958455373
00e12e8b_2817,11615.668645280512
00e12e8b_2818,11615.639591870917
00e12e8b_2819,11615.593707887148
00e12e8b_2820,11615.52303321726
00e12e8b_2821,11615.470465287817
00e12e8b_2822,11615.412466720025
00e12e8b_2823,11615.343996908281
00e12e8b_2824,11615.277327095475
00e12e8b_2825,11615.219034862908
00e12e8b_2826,11615.165815718648
00e12e8b_2827,11615.146295405173
00e12e8b_2828,11615.116207763547
00e12e8b_2829,11615.092488266626
00e12e8b_2830,11615.07396640853
00e12e8b_2831,11615.093004202032
00e12e8b_2832,11615.105791274033
00e12e8b_2833,11615.050141689386
00e12e8b_2834,11615.016954544337
00e12e8b_2835,11614.995524243335
00e12e8b_2836,11614.969437812793
00e12e8b_2837,11614.983143537702
00e12e8b_2838,11615.01273151704
00e12e8b_2839,11615.056692893711
00e12e8b_2840,11615.114105023164
00e12e8b_2841,11615.201971279123
00e12e8b_2842,11615.289235938542
00e12e8b_2843,11615.38304262772
00e12e8b_2844,11615.461475413067
00e12e8b_2845,11615.530843679395
00e12e8b_2846,11615.574488020264
00e12e8b_2847,11615.617359318547
00e12e8b_2848,11615.623173360247
00e12e8b_2849,11615.58336413033
00e12e8b_2850,11615.564537958897
00e12e8b_2851,11615.499038779817
00e12e8b_2852,11615.43280022245
00e12e8b_2853,11615.391222035858
00e12e8b_2854,11615.302481332172
00e12e8b_2855,11615.21807547931
00e12e8b_2856,11615.137617026412
00e12e8b_2857,11615.08550965339
00e12e8b_2858,11615.015335359505
00e12e8b_2859,11614.96182834384
00e12e8b_2860,11614.930831405585
00e12e8b_2861,11614.933511184268
00e12e8b_2862,11614.918938792001
00e12e8b_2863,11614.907966966499
00e12e8b_2864,11614.908384150787
00e12e8b_2865,11614.875792567464
00e12e8b_2866,11614.85162658991
00e12e8b_2867,11614.829030311428
00e12e8b_2868,11614.796725005439
00e12e8b_2869,11614.779056518562
00e12e8b_2870,11614.738491344986
00e12e8b_2871,11614.63860031542
00e12e8b_2872,11614.609176183978
00e12e8b_2873,11614.605109402559
00e12e8b_2874,11614.634362602874
00e12e8b_2875,11614.697522271568
00e12e8b_2876,11614.816067984226
00e12e8b_2877,11614.923993136877
00e12e8b_2878,11615.033603621216
00e12e8b_2879,11615.152521011461
00e12e8b_2880,11615.295286789804
00e12e8b_2881,11615.368720533324
00e12e8b_2882,11615.479319479819
00e12e8b_2883,11615.54968031734
00e12e8b_2884,11615.588522638192
00e12e8b_2885,11615.591471687998
00e12e8b_2886,11615.584644723329
00e12e8b_2887,11615.526321490273
00e12e8b_2888,11615.513755898126
00e12e8b_2889,11615.499331723415
00e12e8b_2890,11615.505009263537
00e12e8b_2891,11615.511230602513
00e12e8b_2892,11615.53348006917
00e12e8b_2893,11615.51126936615
00e12e8b_2894,11615.541101399669
00e12e8b_2895,11615.55067594247
00e12e8b_2896,11615.55593631812
00e12e8b_2897,11615.535764098157
00e12e8b_2898,11615.570610257115
00e12e8b_2899,11615.563990392367
00e12e8b_2900,11615.548538298715
00e12e8b_2901,11615.540544615184
00e12e8b_2902,11615.55981808408
00e12e8b_2903,11615.529274305962
00e12e8b_2904,11615.493501700616
00e12e8b_2905,11615.495151018029
00e12e8b_2906,11615.458878416875
00e12e8b_2907,11615.467311874549
00e12e8b_2908,11615.441351673855
00e12e8b_2909,11615.447783616411
00e12e8b_2910,11615.453781653367
00e12e8b_2911,11615.481926496543
00e12e8b_2912,11615.488186456318
00e12e8b_2913,11615.528616881924
00e12e8b_2914,11615.558403467388
00e12e8b_2915,11615.570656609727
00e12e8b_2916,11615.60584394113
00e12e8b_2917,11615.628660578583
00e12e8b_2918,11615.630656399499
00e12e8b_2919,11615.637267529579
00e12e8b_2920,11615.678955658652
00e12e8b_2921,11615.685866983766
00e12e8b_2922,11615.687193855067
00e12e8b_2923,11615.67188532184
00e12e8b_2924,11615.625333011802
00e12e8b_2925,11615.587251507075
00e12e8b_2926,11615.50762496037
00e12e8b_2927,11615.446956854585
00e12e8b_2928,11615.355404592563
00e12e8b_2929,11615.308986050115
00e12e8b_2930,11615.203586018017
00e12e8b_2931,11615.1347915415
00e12e8b_2932,11615.082436839863
00e12e8b_2933,11615.009091347976
00e12e8b_2934,11614.98444968698
00e12e8b_2935,11614.990713281743
00e12e8b_2936,11615.003542334742
00e12e8b_2937,11615.022011791998
00e12e8b_2938,11615.05070058248
00e12e8b_2939,11615.038179068488
00e12e8b_2940,11615.046987556001
00e12e8b_2941,11615.051059051793
00e12e8b_2942,11615.069376337175
00e12e8b_2943,11615.079168233357
00e12e8b_2944,11615.094833303667
00e12e8b_2945,11615.05484872304
00e12e8b_2946,11614.98990973691
00e12e8b_2947,11614.941272282293
00e12e8b_2948,11614.921418405524
00e12e8b_2949,11614.905199876714
00e12e8b_2950,11614.883457503405
00e12e8b_2951,11614.885313657376
00e12e8b_2952,11614.874560233002
00e12e8b_2953,11614.895747709765
00e12e8b_2954,11614.892572854818
00e12e8b_2955,11614.909566942046
00e12e8b_2956,11614.925023239524
00e12e8b_2957,11614.961725508101
00e12e8b_2958,11614.99408690569
00e12e8b_2959,11615.022435842455
00e12e8b_2960,11615.02235436068
00e12e8b_2961,11614.999484046812
00e12e8b_2962,11614.998309333487
00e12e8b_2963,11615.001290666327
00e12e8b_2964,11615.039345353678
00e12e8b_2965,11615.04417194359
00e12e8b_2966,11615.046196221181
00e12e8b_2967,11615.066301133682
00e12e8b_2968,11615.0923188325
00e12e8b_2969,11615.09442733317
00e12e8b_2970,11615.077134159996
00e12e8b_2971,11615.09634609217
00e12e8b_2972,11615.111043816369
00e12e8b_2973,11615.12236013924
00e12e8b_2974,11615.114527111811
00e12e8b_2975,11615.089757332544
00e12e8b_2976,11615.039389641706
00e12e8b_2977,11614.925032055067
00e12e8b_2978,11614.834867944968
00e12e8b_2979,11614.795568210719
00e12e8b_2980,11614.792200151833
00e12e8b_2981,11614.817852335364
00e12e8b_2982,11614.873317181278
00e12e8b_2983,11614.988002877482
00e12e8b_2984,11615.105199707537
00e12e8b_2985,11615.177002679402
00e12e8b_2986,11615.273089998547
00e12e8b_2987,11615.368452077262
00e12e8b_2988,11615.428360055721
00e12e8b_2989,11615.446928432108
00e12e8b_2990,11615.42817809596
00e12e8b_2991,11615.360626009726
00e12e8b_2992,11615.26274208014
00e12e8b_2993,11615.105836501092
00e12e8b_2994,11615.032143352986
00e12e8b_2995,11614.977197520884
00e12e8b_2996,11614.940020143515
00e12e8b_2997,11614.931938939464
00e12e8b_2998,11614.924803011385
00e12e8b_2999,11614.949010489932
00e12e8b_3000,11614.950285097191
00e12e8b_3001,11614.952486725535
00e12e8b_3002,11614.96385497938
00e12e8b_3003,11614.968975447146
00e12e8b_3004,11614.972632428495
00e12e8b_3005,11614.985606792341
00e12e8b_3006,11614.996194302614
00e12e8b_3007,11615.014560941749
00e12e8b_3008,11615.021820820246
00e12e8b_3009,11615.031181909115
00e12e8b_3010,11615.048771439075
00e12e8b_3011,11615.058565414876
00e12e8b_3012,11615.081962447994
00e12e8b_3013,11615.099518640847
00e12e8b_3014,11615.13897856631
00e12e8b_3015,11615.136224955379
00e12e8b_3016,11615.137490265099
00e12e8b_3017,11615.096623742847
00e12e8b_3018,11615.054511965116
00e12e8b_3019,11614.997263268899
00e12e8b_3020,11614.94714466573
00e12e8b_3021,11614.898630826756
00e12e8b_3022,11614.86305195523
00e12e8b_3023,11614.81771931325
00e12e8b_3024,11614.759161144728
00e12e8b_3025,11614.695055369624
00e12e8b_3026,11614.617000988977
00e12e8b_3027,11614.547037758683
00e12e8b_3028,11614.497304424773
00e12e8b_3029,11614.421391881737
00e12e8b_3030,11614.356069666741
00e12e8b_3031,11614.232619420596
00e12e8b_3032,11614.117359854486
00e12e8b_3033,11614.005355460933
00e12e8b_3034,11613.933482007005
00e12e8b_3035,11613.857570905511
00e12e8b_3036,11613.819032304804
00e12e8b_3037,11613.811032014959
00e12e8b_3038,11613.837933539702
00e12e8b_3039,11613.829003245703
00e12e8b_3040,11613.823880601756
00e12e8b_3041,11613.823528607147
00e12e8b_3042,11613.82184277536
00e12e8b_3043,11613.825212377138
00e12e8b_3044,11613.824281546817
00e12e8b_3045,11613.798250789492
00e12e8b_3046,11613.7491092398
00e12e8b_3047,11613.694415510035
00e12e8b_3048,11613.667394419223
00e12e8b_3049,11613.677487410101
00e12e8b_3050,11613.700175621438
00e12e8b_3051,11613.721763196116
00e12e8b_3052,11613.767025037163
00e12e8b_3053,11613.78161791669
00e12e8b_3054,11613.809843285031
00e12e8b_3055,11613.81440975597
00e12e8b_3056,11613.841390760123
00e12e8b_3057,11613.870000276145
00e12e8b_3058,11613.884088051364
00e12e8b_3059,11613.895957612016
00e12e8b_3060,11613.899990895945
00e12e8b_3061,11613.882689063084
00e12e8b_3062,11613.85014353411
00e12e8b_3063,11613.849031526299
00e12e8b_3064,11613.863545275623
00e12e8b_3065,11613.883523216484
00e12e8b_3066,11613.912035109946
00e12e8b_3067,11613.92974969727
00e12e8b_3068,11613.927241096115
00e12e8b_3069,11613.907436297339
00e12e8b_3070,11613.937592127526
00e12e8b_3071,11613.942270771626
00e12e8b_3072,11613.95188566048
00e12e8b_3073,11613.957105434942
00e12e8b_3074,11613.952633567078
00e12e8b_3075,11613.945588446322
00e12e8b_3076,11613.935560256516
00e12e8b_3077,11613.926193574933
00e12e8b_3078,11613.913812848377
00e12e8b_3079,11613.900407774016
00e12e8b_3080,11613.879919821418
00e12e8b_3081,11613.858618230563
00e12e8b_3082,11613.818270055033
00e12e8b_3083,11613.805851757992
00e12e8b_3084,11613.809703490484
00e12e8b_3085,11613.821285861768
00e12e8b_3086,11613.855528158087
00e12e8b_3087,11613.876913867609
00e12e8b_3088,11613.913533548266
00e12e8b_3089,11613.96012083379
00e12e8b_3090,11614.003191609629
00e12e8b_3091,11614.037611955342
00e12e8b_3092,11614.077465768458
00e12e8b_3093,11614.109753957164
00e12e8b_3094,11614.130763391295
00e12e8b_3095,11614.139685063215
00e12e8b_3096,11614.130572130542
00e12e8b_3097,11614.118303429294
00e12e8b_3098,11614.101026887112
00e12e8b_3099,11614.106210714475
00e12e8b_3100,11614.095917257237
00e12e8b_3101,11614.078786111453
00e12e8b_3102,11614.073321502612
00e12e8b_3103,11614.08122358302
00e12e8b_3104,11614.083800234437
00e12e8b_3105,11614.090051735513
00e12e8b_3106,11614.082344935765
00e12e8b_3107,11614.055954597306
00e12e8b_3108,11614.037505048007
00e12e8b_3109,11614.014074615237
00e12e8b_3110,11613.995700203177
00e12e8b_3111,11613.980373290826
00e12e8b_3112,11613.959751730043
00e12e8b_3113,11613.94798060855
00e12e8b_3114,11613.934248869342
00e12e8b_3115,11613.912335619889
00e12e8b_3116,11613.889897879148
00e12e8b_3117,11613.887066045807
00e12e8b_3118,11613.89049475034
00e12e8b_3119,11613.916027178162
00e12e8b_3120,11613.915516999303
00e12e8b_3121,11613.912924284878
00e12e8b_3122,11613.9078392761
00e12e8b_3123,11613.89770101883
00e12e8b_3124,11613.90210498282
00e12e8b_3125,11613.896157765206
00e12e8b_3126,11613.888496642905
00e12e8b_3127,11613.87597706628
00e12e8b_3128,11613.848041667172
00e12e8b_3129,11613.815921659054
00e12e8b_3130,11613.791046931517
00e12e8b_3131,11613.760814895104
00e12e8b_3132,11613.728729084029
00e12e8b_3133,11613.70683715307
00e12e8b_3134,11613.682088568392
00e12e8b_3135,11613.685312410236
00e12e8b_3136,11613.655949565482
00e12e8b_3137,11613.636604466594
00e12e8b_3138,11613.592894898302
00e12e8b_3139,11613.526577290564
00e12e8b_3140,11613.443707988696
00e12e8b_3141,11613.338200743927
00e12e8b_3142,11613.238971541985
00e12e8b_3143,11613.128396326902
00e12e8b_3144,11613.028917961134
00e12e8b_3145,11612.925492069793
00e12e8b_3146,11612.81688410878
00e12e8b_3147,11612.70603649704
00e12e8b_3148,11612.598793534878
00e12e8b_3149,11612.512149203081
00e12e8b_3150,11612.427640333213
00e12e8b_3151,11612.391846853492
00e12e8b_3152,11612.326575024705
00e12e8b_3153,11612.25416361025
00e12e8b_3154,11612.151950910367
00e12e8b_3155,11612.05570627848
00e12e8b_3156,11611.949834949755
00e12e8b_3157,11611.858595270094
00e12e8b_3158,11611.78512715523
00e12e8b_3159,11611.711320819071
00e12e8b_3160,11611.627642285945
00e12e8b_3161,11611.542551086299
00e12e8b_3162,11611.479564597334
00e12e8b_3163,11611.455168121076
00e12e8b_3164,11611.447535970718
00e12e8b_3165,11611.47930749301
00e12e8b_3166,11611.513556878203
00e12e8b_3167,11611.581324698514
00e12e8b_3168,11611.621220675639
00e12e8b_3169,11611.647982533497
00e12e8b_3170,11611.667528893799
00e12e8b_3171,11611.689546845006
00e12e8b_3172,11611.678102070444
00e12e8b_3173,11611.664521609147
00e12e8b_3174,11611.63734084973
00e12e8b_3175,11611.58075107253
00e12e8b_3176,11611.491157914072
00e12e8b_3177,11611.437547276846
00e12e8b_3178,11611.39196936767
00e12e8b_3179,11611.356523384607
00e12e8b_3180,11611.328291711405
00e12e8b_3181,11611.3158723895
00e12e8b_3182,11611.317151341713
00e12e8b_3183,11611.303613927164
00e12e8b_3184,11611.28029163949
00e12e8b_3185,11611.25124126533
00e12e8b_3186,11611.225174184745
00e12e8b_3187,11611.152032042897
00e12e8b_3188,11611.093424199267
00e12e8b_3189,11611.059695559128
00e12e8b_3190,11611.042487012928
00e12e8b_3191,11611.025792638318
00e12e8b_3192,11611.027533280754
00e12e8b_3193,11611.05253146658
00e12e8b_3194,11611.081019242523
00e12e8b_3195,11611.123335320543
00e12e8b_3196,11611.169273307387
00e12e8b_3197,11611.216233487874
00e12e8b_3198,11611.265037098157
00e12e8b_3199,11611.265575196127
00e12e8b_3200,11611.266971284258
00e12e8b_3201,11611.24813395911
00e12e8b_3202,11611.216237863733
00e12e8b_3203,11611.154203844695
00e12e8b_3204,11611.14329253006
00e12e8b_3205,11611.136136781926
00e12e8b_3206,11611.13345537489
00e12e8b_3207,11611.153491449399
00e12e8b_3208,11611.16883584171
00e12e8b_3209,11611.170764539547
00e12e8b_3210,11611.16680240426
00e12e8b_3211,11611.14492743857
00e12e8b_3212,11611.111581456797
00e12e8b_3213,11611.068692023595
00e12e8b_3214,11611.026336284132
00e12e8b_3215,11610.96491499826
00e12e8b_3216,11610.915255285547
00e12e8b_3217,11610.875872649676
00e12e8b_3218,11610.822627654534
00e12e8b_3219,11610.784929239468
00e12e8b_3220,11610.783725026231
00e12e8b_3221,11610.771147304555
00e12e8b_3222,11610.781889300673
00e12e8b_3223,11610.783449817798
00e12e8b_3224,11610.786579010326
00e12e8b_3225,11610.7715720872
00e12e8b_3226,11610.778216963132
00e12e8b_3227,11610.782565145404
00e12e8b_3228,11610.750841305904
00e12e8b_3229,11610.740934779504
00e12e8b_3230,11610.712449858724
00e12e8b_3231,11610.651406185845
00e12e8b_3232,11610.609578074922
00e12e8b_3233,11610.559643951712
00e12e8b_3234,11610.496083185952
00e12e8b_3235,11610.463989317484
00e12e8b_3236,11610.449424759072
00e12e8b_3237,11610.425183435158
00e12e8b_3238,11610.430262197928
00e12e8b_3239,11610.402648339386
00e12e8b_3240,11610.392760681503
00e12e8b_3241,11610.376676103744
00e12e8b_3242,11610.356733757963
00e12e8b_3243,11610.325374559836
00e12e8b_3244,11610.30076921682
00e12e8b_3245,11610.282302115813
00e12e8b_3246,11610.26969245995
00e12e8b_3247,11610.21451384234
00e12e8b_3248,11610.166455838222
00e12e8b_3249,11610.12486895017
00e12e8b_3250,11610.06662851549
00e12e8b_3251,11609.966255449634
00e12e8b_3252,11609.833657580033
00e12e8b_3253,11609.70982284874
00e12e8b_3254,11609.563534151228
00e12e8b_3255,11609.394439290776
00e12e8b_3256,11609.22678132063
00e12e8b_3257,11609.069368357406
00e12e8b_3258,11608.916802532965
00e12e8b_3259,11608.804197117817
00e12e8b_3260,11608.73535084314
00e12e8b_3261,11608.667702979725
00e12e8b_3262,11608.574657554298
00e12e8b_3263,11608.50183531989
00e12e8b_3264,11608.509770273096
00e12e8b_3265,11608.58379780109
00e12e8b_3266,11608.670455795618
00e12e8b_3267,11608.773450958557
00e12e8b_3268,11608.919305053421
00e12e8b_3269,11609.093139191365
00e12e8b_3270,11609.256760276363
00e12e8b_3271,11609.439158740106
00e12e8b_3272,11609.583555737327
00e12e8b_3273,11609.689889495465
00e12e8b_3274,11609.7561712198
00e12e8b_3275,11609.764995892785
00e12e8b_3276,11609.728985639325
00e12e8b_3277,11609.619720527551
00e12e8b_3278,11609.486671009725
00e12e8b_3279,11609.403941342283
00e12e8b_3280,11609.30819840025
00e12e8b_3281,11609.222635238782
00e12e8b_3282,11609.133212853232
00e12e8b_3283,11609.044154663652
00e12e8b_3284,11608.96967699747
00e12e8b_3285,11608.875996519433
00e12e8b_3286,11608.794693456428
00e12e8b_3287,11608.724675688294
00e12e8b_3288,11608.632986572879
00e12e8b_3289,11608.558417410019
00e12e8b_3290,11608.49706974135
00e12e8b_3291,11608.426943759407
00e12e8b_3292,11608.375936811864
00e12e8b_3293,11608.360891473647
00e12e8b_3294,11608.302912618057
00e12e8b_3295,11608.297735521592
00e12e8b_3296,11608.344663663844
00e12e8b_3297,11608.440504158672
00e12e8b_3298,11608.539262507216
00e12e8b_3299,11608.697996920286
00e12e8b_3300,11608.896632327462
00e12e8b_3301,11609.10123110689
00e12e8b_3302,11609.336037869569
00e12e8b_3303,11609.560409412805
00e12e8b_3304,11609.78586599574
00e12e8b_3305,11610.003305716284
00e12e8b_3306,11610.163501340903
00e12e8b_3307,11610.262521997069
00e12e8b_3308,11610.333851588824
00e12e8b_3309,11610.356967577001
00e12e8b_3310,11610.305536914831
00e12e8b_3311,11610.33778457489
00e12e8b_3312,11610.366623904334
00e12e8b_3313,11610.373630192633
00e12e8b_3314,11610.357749638073
00e12e8b_3315,11610.375408929716
00e12e8b_3316,11610.373701426812
00e12e8b_3317,11610.362681824408
00e12e8b_3318,11610.35006848355
00e12e8b_3319,11610.322999619133
00e12e8b_3320,11610.303529380368
00e12e8b_3321,11610.274588101161
00e12e8b_3322,11610.233774451155
00e12e8b_3323,11610.195407162322
00e12e8b_3324,11610.175089355766
00e12e8b_3325,11610.157326449358
00e12e8b_3326,11610.14037747758
00e12e8b_3327,11610.14774313561
00e12e8b_3328,11610.176894476517
00e12e8b_3329,11610.191071729418
00e12e8b_3330,11610.208378925498
00e12e8b_3331,11610.228403146479
00e12e8b_3332,11610.236715823685
00e12e8b_3333,11610.257546456643
00e12e8b_3334,11610.263120986221
00e12e8b_3335,11610.279102042472
00e12e8b_3336,11610.294943163397
00e12e8b_3337,11610.305090137344
00e12e8b_3338,11610.318654905011
00e12e8b_3339,11610.331125662437
00e12e8b_3340,11610.346733671035
00e12e8b_3341,11610.35228791796
00e12e8b_3342,11610.359407035437
00e12e8b_3343,11610.370168007536
00e12e8b_3344,11610.381085013436
00e12e8b_3345,11610.381325073
00e12e8b_3346,11610.384348496655
00e12e8b_3347,11610.398527386069
00e12e8b_3348,11610.39789966727
00e12e8b_3349,11610.38717887725
00e12e8b_3350,11610.357600514963
00e12e8b_3351,11610.334018939031
00e12e8b_3352,11610.320881198393
00e12e8b_3353,11610.298115267175
00e12e8b_3354,11610.267069768406
00e12e8b_3355,11610.22219767265
00e12e8b_3356,11610.1559891895
00e12e8b_3357,11610.086112130493
00e12e8b_3358,11610.010380714026
00e12e8b_3359,11609.936164515511
00e12e8b_3360,11609.86887234849
00e12e8b_3361,11609.797075612363
00e12e8b_3362,11609.703463065316
00e12e8b_3363,11609.649119146128
00e12e8b_3364,11609.614494553058
00e12e8b_3365,11609.615196745788
00e12e8b_3366,11609.652724231226
00e12e8b_3367,11609.72298723542
00e12e8b_3368,11609.831879343095
00e12e8b_3369,11609.941271909154
00e12e8b_3370,11610.044762701158
00e12e8b_3371,11610.135747898827
00e12e8b_3372,11610.215313648478
00e12e8b_3373,11610.281828897447
00e12e8b_3374,11610.33009849323
00e12e8b_3375,11610.361230672052
00e12e8b_3376,11610.362206565327
00e12e8b_3377,11610.33142083792
00e12e8b_3378,11610.272076553287
00e12e8b_3379,11610.246561734732
00e12e8b_3380,11610.225233349613
00e12e8b_3381,11610.205286886396
00e12e8b_3382,11610.195886860998
00e12e8b_3383,11610.185678255782
00e12e8b_3384,11610.18996071406
00e12e8b_3385,11610.202934194293
00e12e8b_3386,11610.194786478862
00e12e8b_3387,11610.18498556498
00e12e8b_3388,11610.162327224865
00e12e8b_3389,11610.129594923023
00e12e8b_3390,11610.096672708903
00e12e8b_3391,11610.05228889693
00e12e8b_3392,11610.013542493141
00e12e8b_3393,11609.979754973885
00e12e8b_3394,11609.954900709561
00e12e8b_3395,11609.909024609276
00e12e8b_3396,11609.857767870488
00e12e8b_3397,11609.803739235189
00e12e8b_3398,11609.751714524284
00e12e8b_3399,11609.69613309915
00e12e8b_3400,11609.660245273826
00e12e8b_3401,11609.626949422545
00e12e8b_3402,11609.520606941813
00e12e8b_3403,11609.459698529321
00e12e8b_3404,11609.436254411332
00e12e8b_3405,11609.44961567073
00e12e8b_3406,11609.495373489768
00e12e8b_3407,11609.57134382757
00e12e8b_3408,11609.6821434496
00e12e8b_3409,11609.807367264268
00e12e8b_3410,11609.940718164302
00e12e8b_3411,11610.050912755603
00e12e8b_3412,11610.158364123217
00e12e8b_3413,11610.251848057205
00e12e8b_3414,11610.320306660282
00e12e8b_3415,11610.368255455227
00e12e8b_3416,11610.389684739608
00e12e8b_3417,11610.371697608198
00e12e8b_3418,11610.315963910594
00e12e8b_3419,11610.325196570397
00e12e8b_3420,11610.33545447028
00e12e8b_3421,11610.336914735679
00e12e8b_3422,11610.351650476054
00e12e8b_3423,11610.354638239423
00e12e8b_3424,11610.341328063167
00e12e8b_3425,11610.334555945135
00e12e8b_3426,11610.315529612079
00e12e8b_3427,11610.28748556369
00e12e8b_3428,11610.250242691662
00e12e8b_3429,11610.206402478148
00e12e8b_3430,11610.159883095843
00e12e8b_3431,11610.10778902083
00e12e8b_3432,11610.046243139825
00e12e8b_3433,11610.02205193037
00e12e8b_3434,11610.008674912979
00e12e8b_3435,11610.004492829905
00e12e8b_3436,11610.00533089305
00e12e8b_3437,11610.007859012156
00e12e8b_3438,11610.04675785696
00e12e8b_3439,11610.061476707056
00e12e8b_3440,11610.06861214794
00e12e8b_3441,11610.10871345134
00e12e8b_3442,11610.131923669094
00e12e8b_3443,11610.152226512937
00e12e8b_3444,11610.146024640022
00e12e8b_3445,11610.157274417452
00e12e8b_3446,11610.157642798322
00e12e8b_3447,11610.127415003431
00e12e8b_3448,11610.117309611724
00e12e8b_3449,11610.122389057298
00e12e8b_3450,11610.134411738987
00e12e8b_3451,11610.145175796228
00e12e8b_3452,11610.136059274357
00e12e8b_3453,11610.129272402437
00e12e8b_3454,11610.109292069508
00e12e8b_3455,11610.07997120214
00e12e8b_3456,11610.05659489709
00e12e8b_3457,11610.047498883532
00e12e8b_3458,11609.999590885973
00e12e8b_3459,11609.941760573189
00e12e8b_3460,11609.856561589888
00e12e8b_3461,11609.80422181972
00e12e8b_3462,11609.715488381169
00e12e8b_3463,11609.65396794686
00e12e8b_3464,11609.546322690696
00e12e8b_3465,11609.469970342174
00e12e8b_3466,11609.478685502043
00e12e8b_3467,11609.47248179959
00e12e8b_3468,11609.49797132055
00e12e8b_3469,11609.545181681784
00e12e8b_3470,11609.596257276131
00e12e8b_3471,11609.71522242501
00e12e8b_3472,11609.816160532197
00e12e8b_3473,11609.894851307494
00e12e8b_3474,11609.955976888914
00e12e8b_3475,11609.993197333137
00e12e8b_3476,11610.027687142658
00e12e8b_3477,11610.049694622017
00e12e8b_3478,11610.024500778074
00e12e8b_3479,11609.955542979662
00e12e8b_3480,11609.811678532678
00e12e8b_3481,11609.72253592039
00e12e8b_3482,11609.668716847398
00e12e8b_3483,11609.572029933599
00e12e8b_3484,11609.490651995906
00e12e8b_3485,11609.421876458742
00e12e8b_3486,11609.383520948455
00e12e8b_3487,11609.382613119324
00e12e8b_3488,11609.340124121272
00e12e8b_3489,11609.30773977237
00e12e8b_3490,11609.286905290186
00e12e8b_3491,11609.270839665796
00e12e8b_3492,11609.285702527013
00e12e8b_3493,11609.283974368702
00e12e8b_3494,11609.283243515813
00e12e8b_3495,11609.253299358801
00e12e8b_3496,11609.233230790484
00e12e8b_3497,11609.199731179935
00e12e8b_3498,11609.176513692395
00e12e8b_3499,11609.124489476235
00e12e8b_3500,11609.077065792462
00e12e8b_3501,11609.067253612135
00e12e8b_3502,11609.064621780002
00e12e8b_3503,11609.069455412608
00e12e8b_3504,11609.067663275573
00e12e8b_3505,11609.036967954347
00e12e8b_3506,11608.967868666556
00e12e8b_3507,11608.867697382624
00e12e8b_3508,11608.773631436876
00e12e8b_3509,11608.655714916003
00e12e8b_3510,11608.436738776061
00e12e8b_3511,11608.261709612963
00e12e8b_3512,11608.13097275754
00e12e8b_3513,11608.047610700165
00e12e8b_3514,11608.000289613534
00e12e8b_3515,11607.961276731266
00e12e8b_3516,11607.978473343732
00e12e8b_3517,11608.054523561334
00e12e8b_3518,11608.166240568582
00e12e8b_3519,11608.281243852409
00e12e8b_3520,11608.3995201268
00e12e8b_3521,11608.474706788134
00e12e8b_3522,11608.51666496541
00e12e8b_3523,11608.54539174067
00e12e8b_3524,11608.541431181166
00e12e8b_3525,11608.48191407258
00e12e8b_3526,11608.37185587068
00e12e8b_3527,11608.37402692297
00e12e8b_3528,11608.391994258074
00e12e8b_3529,11608.385641043522
00e12e8b_3530,11608.37239348169
00e12e8b_3531,11608.341084812959
00e12e8b_3532,11608.329525708574
00e12e8b_3533,11608.30104424972
00e12e8b_3534,11608.268130693976
00e12e8b_3535,11608.226141491552
00e12e8b_3536,11608.203196973916
00e12e8b_3537,11608.179730903476
00e12e8b_3538,11608.146565770094
00e12e8b_3539,11608.163481393845
00e12e8b_3540,11608.140278602179
00e12e8b_3541,11608.110964751717
00e12e8b_3542,11608.0738937067
00e12e8b_3543,11608.036550276069
00e12e8b_3544,11608.00284529229
00e12e8b_3545,11607.936938652543
00e12e8b_3546,11607.896726415465
00e12e8b_3547,11607.806753730416
00e12e8b_3548,11607.712348797615
00e12e8b_3549,11607.608979264069
00e12e8b_3550,11607.53038447308
00e12e8b_3551,11607.451154953518
00e12e8b_3552,11607.392149506622
00e12e8b_3553,11607.329464939292
00e12e8b_3554,11607.291155225585
00e12e8b_3555,11607.27055828597
00e12e8b_3556,11607.216580190874
00e12e8b_3557,11607.17567533323
00e12e8b_3558,11607.147203245671
00e12e8b_3559,11607.123219556466
00e12e8b_3560,11607.116484325372
00e12e8b_3561,11607.10495855781
00e12e8b_3562,11607.101702279015
00e12e8b_3563,11607.07587101838
00e12e8b_3564,11607.072169271638
00e12e8b_3565,11607.072681337364
00e12e8b_3566,11607.037734048989
00e12e8b_3567,11607.043639881922
00e12e8b_3568,11607.066138389075
00e12e8b_3569,11607.077936444352
00e12e8b_3570,11607.10255657709
00e12e8b_3571,11607.122589683018
00e12e8b_3572,11607.143715343345
00e12e8b_3573,11607.161980645116
00e12e8b_3574,11607.173724609042
00e12e8b_3575,11607.179823275832
00e12e8b_3576,11607.183503531476
00e12e8b_3577,11607.181014164273
00e12e8b_3578,11607.19476741095
00e12e8b_3579,11607.178733362483
00e12e8b_3580,11607.14500828372
00e12e8b_3581,11607.091494416833
00e12e8b_3582,11607.007691652721
00e12e8b_3583,11606.975633726419
00e12e8b_3584,11606.920703829071
00e12e8b_3585,11606.89611742246
00e12e8b_3586,11606.854467929878
00e12e8b_3587,11606.797850868013
00e12e8b_3588,11606.716396097709
00e12e8b_3589,11606.630095345945
00e12e8b_3590,11606.547554577055
00e12e8b_3591,11606.459878415575
00e12e8b_3592,11606.341918104392
00e12e8b_3593,11606.219414857087
00e12e8b_3594,11606.108959909934
00e12e8b_3595,11605.961424253695
00e12e8b_3596,11605.809990956259
00e12e8b_3597,11605.659642290508
00e12e8b_3598,11605.534178683032
00e12e8b_3599,11605.431939011743
00e12e8b_3600,11605.3668748483
00e12e8b_3601,11605.341832984126
00e12e8b_3602,11605.294890380039
00e12e8b_3603,11605.25969838532
00e12e8b_3604,11605.231817200287
00e12e8b_3605,11605.225516839271
00e12e8b_3606,11605.236933581109
00e12e8b_3607,11605.218201305783
00e12e8b_3608,11605.178149128196
00e12e8b_3609,11605.15100592195
00e12e8b_3610,11605.127678473853
00e12e8b_3611,11605.092650729082
00e12e8b_3612,11605.059257884053
00e12e8b_3613,11605.035156758526
00e12e8b_3614,11605.02676633569
00e12e8b_3615,11605.016739030187
00e12e8b_3616,11604.992488775488
00e12e8b_3617,11604.939912948816
00e12e8b_3618,11604.905658685318
00e12e8b_3619,11604.890534236343
00e12e8b_3620,11604.898933079348
00e12e8b_3621,11604.9458715761
00e12e8b_3622,11604.9941673905
00e12e8b_3623,11605.038773498545
00e12e8b_3624,11605.088948005121
00e12e8b_3625,11605.160057670466
00e12e8b_3626,11605.210763861427
00e12e8b_3627,11605.239258346497
00e12e8b_3628,11605.254103399466
00e12e8b_3629,11605.246350168378
00e12e8b_3630,11605.216781537545
00e12e8b_3631,11605.160561264545
00e12e8b_3632,11605.072587862429
00e12e8b_3633,11604.976261219603
00e12e8b_3634,11604.922158384805
00e12e8b_3635,11604.866449579995
00e12e8b_3636,11604.825473862347
00e12e8b_3637,11604.80638970846
00e12e8b_3638,11604.783973577381
00e12e8b_3639,11604.771416141455
00e12e8b_3640,11604.75926754742
00e12e8b_3641,11604.763285090867
00e12e8b_3642,11604.737796872923
00e12e8b_3643,11604.731487759496
00e12e8b_3644,11604.72407941364
00e12e8b_3645,11604.691136409197
00e12e8b_3646,11604.65584060452
00e12e8b_3647,11604.616957082833
00e12e8b_3648,11604.56147773717
00e12e8b_3649,11604.516447424188
00e12e8b_3650,11604.474876620146
00e12e8b_3651,11604.411264157161
00e12e8b_3652,11604.338480734288
00e12e8b_3653,11604.250073756533
00e12e8b_3654,11604.151394593084
00e12e8b_3655,11604.056464919238
00e12e8b_3656,11603.960104117603
00e12e8b_3657,11603.897110496626
00e12e8b_3658,11603.849678975175
00e12e8b_3659,11603.819179242886
00e12e8b_3660,11603.768132917436
00e12e8b_3661,11603.700452853223
00e12e8b_3662,11603.646660996816
00e12e8b_3663,11603.604609883516
00e12e8b_3664,11603.56096075223
00e12e8b_3665,11603.53908647878
00e12e8b_3666,11603.520080254426
00e12e8b_3667,11603.483173018905
00e12e8b_3668,11603.440088219193
00e12e8b_3669,11603.384591595324
00e12e8b_3670,11603.287606051696
00e12e8b_3671,11603.239036954501
00e12e8b_3672,11603.24356660216
00e12e8b_3673,11603.27078315451
00e12e8b_3674,11603.29463588983
00e12e8b_3675,11603.32755051554
00e12e8b_3676,11603.342909684121
00e12e8b_3677,11603.341423931804
00e12e8b_3678,11603.339256262467
00e12e8b_3679,11603.332801599536
00e12e8b_3680,11603.319979520867
00e12e8b_3681,11603.295241792905
00e12e8b_3682,11603.244849785347
00e12e8b_3683,11603.18080947619
00e12e8b_3684,11603.089486781515
00e12e8b_3685,11602.999469338185
00e12e8b_3686,11602.882001179116
00e12e8b_3687,11602.82227655674
00e12e8b_3688,11602.786953969819
00e12e8b_3689,11602.740476438481
00e12e8b_3690,11602.69808261788
00e12e8b_3691,11602.663885071637
00e12e8b_3692,11602.619565902867
00e12e8b_3693,11602.569351947215
00e12e8b_3694,11602.525997112676
00e12e8b_3695,11602.47436384375
00e12e8b_3696,11602.422143535376
00e12e8b_3697,11602.359011472821
00e12e8b_3698,11602.299728311833
00e12e8b_3699,11602.233764315082
00e12e8b_3700,11602.141359568626
00e12e8b_3701,11602.05462916159
00e12e8b_3702,11601.937078374936
00e12e8b_3703,11601.829797589855
00e12e8b_3704,11601.73486598118
00e12e8b_3705,11601.663066243727
00e12e8b_3706,11601.599955632857
00e12e8b_3707,11601.56243260854
00e12e8b_3708,11601.528709867358
00e12e8b_3709,11601.501804600513
00e12e8b_3710,11601.47673716441
00e12e8b_3711,11601.449991709562
00e12e8b_3712,11601.432714091974
00e12e8b_3713,11601.429563880698
00e12e8b_3714,11601.417431274893
00e12e8b_3715,11601.393948930137
00e12e8b_3716,11601.349481942429
00e12e8b_3717,11601.307262867522
00e12e8b_3718,11601.257441179403
00e12e8b_3719,11601.2191415003
00e12e8b_3720,11601.182877610308
00e12e8b_3721,11601.153342071017
00e12e8b_3722,11601.129933029071
00e12e8b_3723,11601.11733174651
00e12e8b_3724,11601.0812774374
00e12e8b_3725,11601.027026251035
00e12e8b_3726,11600.994323867471
00e12e8b_3727,11600.983337730091
00e12e8b_3728,11600.970591367399
00e12e8b_3729,11600.974791212107
00e12e8b_3730,11600.97736109678
00e12e8b_3731,11600.999201090572
00e12e8b_3732,11601.002209754954
00e12e8b_3733,11601.017966483683
00e12e8b_3734,11601.025166047444
00e12e8b_3735,11601.041361981788
00e12e8b_3736,11601.04496395415
00e12e8b_3737,11601.046408080245
00e12e8b_3738,11601.05169353964
00e12e8b_3739,11601.073978876975
00e12e8b_3740,11601.057030933773
00e12e8b_3741,11601.047258869821
00e12e8b_3742,11601.070201949839
00e12e8b_3743,11601.08173829923
00e12e8b_3744,11601.066719575887
00e12e8b_3745,11601.047679855556
00e12e8b_3746,11601.005940723368
00e12e8b_3747,11600.963754768509
00e12e8b_3748,11600.902216708942
00e12e8b_3749,11600.84074837294
00e12e8b_3750,11600.771760038599
00e12e8b_3751,11600.709307824896
00e12e8b_3752,11600.641199527716
00e12e8b_3753,11600.587951158774
00e12e8b_3754,11600.549690870565
00e12e8b_3755,11600.54099102937
00e12e8b_3756,11600.510232606124
00e12e8b_3757,11600.503310817983
00e12e8b_3758,11600.494656986837
00e12e8b_3759,11600.481569975173
00e12e8b_3760,11600.466464052308
00e12e8b_3761,11600.447326347354
00e12e8b_3762,11600.425576374086
00e12e8b_3763,11600.423812017281
00e12e8b_3764,11600.413508596725
00e12e8b_3765,11600.416960336746
00e12e8b_3766,11600.423176044815
00e12e8b_3767,11600.433839881336
00e12e8b_3768,11600.439784371882
00e12e8b_3769,11600.457081227652
00e12e8b_3770,11600.49133424654
00e12e8b_3771,11600.518452617487
00e12e8b_3772,11600.521300862933
00e12e8b_3773,11600.509396155952
00e12e8b_3774,11600.492365727523
00e12e8b_3775,11600.480323827274
00e12e8b_3776,11600.458067746898
00e12e8b_3777,11600.437687115606
00e12e8b_3778,11600.428217517992
00e12e8b_3779,11600.42583211361
00e12e8b_3780,11600.41499277913
00e12e8b_3781,11600.410643917463
00e12e8b_3782,11600.40387148379
00e12e8b_3783,11600.40122014694
00e12e8b_3784,11600.403167655428
00e12e8b_3785,11600.40556309863
00e12e8b_3786,11600.42086343224
00e12e8b_3787,11600.40637207886
00e12e8b_3788,11600.3756438474
00e12e8b_3789,11600.32271097963
00e12e8b_3790,11600.275743381446
00e12e8b_3791,11600.224098367396
00e12e8b_3792,11600.151427623432
00e12e8b_3793,11600.084584760158
00e12e8b_3794,11600.032792251142
00e12e8b_3795,11599.972247955047
00e12e8b_3796,11599.924898275805
00e12e8b_3797,11599.886945221311
00e12e8b_3798,11599.855389685341
00e12e8b_3799,11599.847690702105
00e12e8b_3800,11599.84696361775
00e12e8b_3801,11599.867240202755
00e12e8b_3802,11599.887856391915
00e12e8b_3803,11599.88521583684
00e12e8b_3804,11599.880286062215
00e12e8b_3805,11599.861500013061
00e12e8b_3806,11599.830457935244
00e12e8b_3807,11599.791086423611
00e12e8b_3808,11599.74407586961
00e12e8b_3809,11599.68916567494
00e12e8b_3810,11599.641088793198
00e12e8b_3811,11599.596214482643
00e12e8b_3812,11599.545836888015
00e12e8b_3813,11599.48316113265
00e12e8b_3814,11599.405611246153
00e12e8b_3815,11599.338901031175
00e12e8b_3816,11599.277523377312
00e12e8b_3817,11599.222620285651
00e12e8b_3818,11599.151299576768
00e12e8b_3819,11599.082459000158
00e12e8b_3820,11599.023870828742
00e12e8b_3821,11598.975929237155
00e12e8b_3822,11598.938923378097
00e12e8b_3823,11598.919377196098
00e12e8b_3824,11598.910751399677
00e12e8b_3825,11598.907262226072
00e12e8b_3826,11598.918778844922
00e12e8b_3827,11598.940949055659
00e12e8b_3828,11598.94012079815
00e12e8b_3829,11598.942151503024
00e12e8b_3830,11598.929808109915
00e12e8b_3831,11598.92025195645
00e12e8b_3832,11598.908868811763
00e12e8b_3833,11598.875121845582
00e12e8b_3834,11598.849443002166
00e12e8b_3835,11598.832193669654
00e12e8b_3836,11598.822870783993
00e12e8b_3837,11598.814497490692
00e12e8b_3838,11598.813009561329
00e12e8b_3839,11598.816231686957
00e12e8b_3840,11598.82242242921
00e12e8b_3841,11598.842263037255
00e12e8b_3842,11598.872779672878
00e12e8b_3843,11598.898587995942
00e12e8b_3844,11598.914685389875
00e12e8b_3845,11598.930604409636
00e12e8b_3846,11598.932334670291
00e12e8b_3847,11598.924089056742
00e12e8b_3848,11598.901628506772
00e12e8b_3849,11598.866208429321
00e12e8b_3850,11598.835656928275
00e12e8b_3851,11598.803830749395
00e12e8b_3852,11598.761676000933
00e12e8b_3853,11598.713333222482
00e12e8b_3854,11598.661007795119
00e12e8b_3855,11598.607029144156
00e12e8b_3856,11598.558668605936
00e12e8b_3857,11598.52541231493
00e12e8b_3858,11598.491529053841
00e12e8b_3859,11598.455108290658
00e12e8b_3860,11598.432385989214
00e12e8b_3861,11598.426746928786
00e12e8b_3862,11598.413036646909
00e12e8b_3863,11598.39432657095
00e12e8b_3864,11598.36338071312
00e12e8b_3865,11598.337539442673
00e12e8b_3866,11598.308125553589
00e12e8b_3867,11598.27962331446
00e12e8b_3868,11598.257538143396
00e12e8b_3869,11598.229257444036
00e12e8b_3870,11598.194393788779
00e12e8b_3871,11598.158358965999
00e12e8b_3872,11598.117873871213
00e12e8b_3873,11598.07213453164
00e12e8b_3874,11598.0136796865
00e12e8b_3875,11597.96877583999
00e12e8b_3876,11597.900102929809
00e12e8b_3877,11597.860254554593
00e12e8b_3878,11597.839649730797
00e12e8b_3879,11597.84369995423
00e12e8b_3880,11597.857925194103
00e12e8b_3881,11597.897928491373
00e12e8b_3882,11597.945826501624
00e12e8b_3883,11598.006098704773
00e12e8b_3884,11598.07807039636
00e12e8b_3885,11598.13738066113
00e12e8b_3886,11598.187686728017
00e12e8b_3887,11598.245088148331
00e12e8b_3888,11598.276489060978
00e12e8b_3889,11598.262575340223
00e12e8b_3890,11598.223060562588
00e12e8b_3891,11598.17335191077
00e12e8b_3892,11598.096726595879
00e12e8b_3893,11598.061159402445
00e12e8b_3894,11598.032199853176
00e12e8b_3895,11597.997876430594
00e12e8b_3896,11597.965275331882
00e12e8b_3897,11597.932625384286
00e12e8b_3898,11597.893990769075
00e12e8b_3899,11597.857029313349
00e12e8b_3900,11597.82412756665
00e12e8b_3901,11597.800616950952
00e12e8b_3902,11597.78551290171
00e12e8b_3903,11597.781879005812
00e12e8b_3904,11597.745922681816
00e12e8b_3905,11597.685488048768
00e12e8b_3906,11597.639745548127
00e12e8b_3907,11597.583163744
00e12e8b_3908,11597.512888415775
00e12e8b_3909,11597.463602363187
00e12e8b_3910,11597.409267253317
00e12e8b_3911,11597.36786902608
00e12e8b_3912,11597.338974649712
00e12e8b_3913,11597.31553253905
00e12e8b_3914,11597.295719235104
00e12e8b_3915,11597.289471220745
00e12e8b_3916,11597.306743885549
00e12e8b_3917,11597.34212883799
00e12e8b_3918,11597.37928392255
00e12e8b_3919,11597.410267324496
00e12e8b_3920,11597.430445537257
00e12e8b_3921,11597.454999447393
00e12e8b_3922,11597.47511131769
00e12e8b_3923,11597.467768958553
00e12e8b_3924,11597.453321807572
00e12e8b_3925,11597.465493447085
00e12e8b_3926,11597.443652198128
00e12e8b_3927,11597.427825838915
00e12e8b_3928,11597.400227986664
00e12e8b_3929,11597.365610504137
00e12e8b_3930,11597.321884613802
00e12e8b_3931,11597.289414544075
00e12e8b_3932,11597.249938580037
00e12e8b_3933,11597.198651761606
00e12e8b_3934,11597.13272725637
00e12e8b_3935,11597.07322300891
00e12e8b_3936,11597.038766554564
00e12e8b_3937,11596.996319678516
00e12e8b_3938,11596.970166031979
00e12e8b_3939,11596.936824749564
00e12e8b_3940,11596.918320382187
00e12e8b_3941,11596.851352390553
00e12e8b_3942,11596.809955375518
00e12e8b_3943,11596.830678657725
00e12e8b_3944,11596.86530011721
00e12e8b_3945,11596.909943642508
00e12e8b_3946,11596.958263013952
00e12e8b_3947,11597.006848440105
00e12e8b_3948,11597.041714386038
00e12e8b_3949,11597.076706935855
00e12e8b_3950,11597.09575915289
00e12e8b_3951,11597.109650133594
00e12e8b_3952,11597.11694989719
00e12e8b_3953,11597.088812218819
00e12e8b_3954,11597.058734585562
00e12e8b_3955,11596.989649654794
00e12e8b_3956,11596.894940713353
00e12e8b_3957,11596.776092701317
00e12e8b_3958,11596.731020503454
00e12e8b_3959,11596.700659762591
00e12e8b_3960,11596.651284436808
00e12e8b_3961,11596.60151042165
00e12e8b_3962,11596.56875423933
00e12e8b_3963,11596.531270776055
00e12e8b_3964,11596.500177238304
00e12e8b_3965,11596.468113111663
00e12e8b_3966,11596.428369733389
00e12e8b_3967,11596.408277040513
00e12e8b_3968,11596.386638471522
00e12e8b_3969,11596.358579926127
00e12e8b_3970,11596.302675161358
00e12e8b_3971,11596.229580522713
00e12e8b_3972,11596.141588163811
00e12e8b_3973,11596.053267241095
00e12e8b_3974,11595.954682399532
00e12e8b_3975,11595.852572578966
00e12e8b_3976,11595.748744054634
00e12e8b_3977,11595.65750917973
00e12e8b_3978,11595.516509795263
00e12e8b_3979,11595.399527446854
00e12e8b_3980,11595.346903715137
00e12e8b_3981,11595.379810667706
00e12e8b_3982,11595.462608929127
00e12e8b_3983,11595.5818552085
00e12e8b_3984,11595.687403555012
00e12e8b_3985,11595.795824294177
00e12e8b_3986,11595.884739997735
00e12e8b_3987,11595.952098241569
00e12e8b_3988,11596.0077554031
00e12e8b_3989,11596.038751608083
00e12e8b_3990,11596.035506846332
00e12e8b_3991,11596.010645069415
00e12e8b_3992,11595.951058535784
00e12e8b_3993,11595.86329911114
00e12e8b_3994,11595.715811351589
00e12e8b_3995,11595.640018171021
00e12e8b_3996,11595.595432997505
00e12e8b_3997,11595.558939155551
00e12e8b_3998,11595.52054691294
00e12e8b_3999,11595.481839665914
00e12e8b_4000,11595.420355152897
00e12e8b_4001,11595.36818841578
00e12e8b_4002,11595.324819618507
00e12e8b_4003,11595.284225638567
00e12e8b_4004,11595.252407290529
00e12e8b_4005,11595.234642002046
00e12e8b_4006,11595.211915316568
00e12e8b_4007,11595.203826668454
00e12e8b_4008,11595.188495223396
00e12e8b_4009,11595.198890983755
00e12e8b_4010,11595.175484491483
00e12e8b_4011,11595.154450206823
00e12e8b_4012,11595.117340709354
00e12e8b_4013,11595.042289558583
00e12e8b_4014,11594.975739202066
00e12e8b_4015,11594.90326685492
00e12e8b_4016,11594.80760200811
00e12e8b_4017,11594.741665385114
00e12e8b_4018,11594.680485376897
00e12e8b_4019,11594.612123167399
00e12e8b_4020,11594.538270237503
00e12e8b_4021,11594.458986062382
00e12e8b_4022,11594.351553301112
00e12e8b_4023,11594.237635415107
00e12e8b_4024,11594.11908125788
00e12e8b_4025,11594.005622806028
00e12e8b_4026,11593.865828611486
00e12e8b_4027,11593.750027997183
00e12e8b_4028,11593.634359211965
00e12e8b_4029,11593.505921735288
00e12e8b_4030,11593.406729769602
00e12e8b_4031,11593.336786484504
00e12e8b_4032,11593.2823859647
00e12e8b_4033,11593.26340088034
00e12e8b_4034,11593.244242283576
00e12e8b_4035,11593.23409454008
00e12e8b_4036,11593.233109806562
00e12e8b_4037,11593.23284714493
00e12e8b_4038,11593.230837458932
00e12e8b_4039,11593.213821448106
00e12e8b_4040,11593.184799383178
00e12e8b_4041,11593.167550454154
00e12e8b_4042,11593.148175245211
00e12e8b_4043,11593.120829941012
00e12e8b_4044,11593.067385320159
00e12e8b_4045,11593.001530349306
00e12e8b_4046,11592.940867195286
00e12e8b_4047,11592.833426138732
00e12e8b_4048,11592.76042784756
00e12e8b_4049,11592.715713944548
00e12e8b_4050,11592.686989476319
00e12e8b_4051,11592.6653021426
00e12e8b_4052,11592.67120343521
00e12e8b_4053,11592.69841097915
00e12e8b_4054,11592.709251611974
00e12e8b_4055,11592.712771963872
00e12e8b_4056,11592.712564501033
00e12e8b_4057,11592.71597565918
00e12e8b_4058,11592.706016249283
00e12e8b_4059,11592.6816013714
00e12e8b_4060,11592.646608416891
00e12e8b_4061,11592.602185546984
00e12e8b_4062,11592.543229248777
00e12e8b_4063,11592.468702365413
00e12e8b_4064,11592.456835426488
00e12e8b_4065,11592.429970028406
00e12e8b_4066,11592.3965324878
00e12e8b_4067,11592.363836332537
00e12e8b_4068,11592.352729264663
00e12e8b_4069,11592.331609337558
00e12e8b_4070,11592.305822182137
00e12e8b_4071,11592.284003923301
00e12e8b_4072,11592.233753581884
00e12e8b_4073,11592.174232961888
00e12e8b_4074,11592.112740101848
00e12e8b_4075,11592.044417721161
00e12e8b_4076,11591.966811292054
00e12e8b_4077,11591.9077360818
00e12e8b_4078,11591.836041903873
00e12e8b_4079,11591.768066782693
00e12e8b_4080,11591.686794882386
00e12e8b_4081,11591.527125211045
00e12e8b_4082,11591.440534432597
00e12e8b_4083,11591.400319506845
00e12e8b_4084,11591.39960000153
00e12e8b_4085,11591.43528762385
00e12e8b_4086,11591.517914332026
00e12e8b_4087,11591.61163025445
00e12e8b_4088,11591.713331813387
00e12e8b_4089,11591.831514320134
00e12e8b_4090,11591.950633499431
00e12e8b_4091,11592.062907355376
00e12e8b_4092,11592.136012757903
00e12e8b_4093,11592.190038670755
00e12e8b_4094,11592.18569905715
00e12e8b_4095,11592.157531392113
00e12e8b_4096,11592.069884568524
00e12e8b_4097,11591.948698071308
00e12e8b_4098,11591.89338439652
00e12e8b_4099,11591.806259183626
00e12e8b_4100,11591.718291437839
00e12e8b_4101,11591.66321011131
00e12e8b_4102,11591.603383359794
00e12e8b_4103,11591.561556214787
00e12e8b_4104,11591.536237487493
00e12e8b_4105,11591.512156912177
00e12e8b_4106,11591.477702433216
00e12e8b_4107,11591.479476641452
00e12e8b_4108,11591.454568105672
00e12e8b_4109,11591.437239441575
00e12e8b_4110,11591.445357336186
00e12e8b_4111,11591.455306337068
00e12e8b_4112,11591.47199713531
00e12e8b_4113,11591.507199171669
00e12e8b_4114,11591.535467042731
00e12e8b_4115,11591.526039155768
00e12e8b_4116,11591.520916330113
00e12e8b_4117,11591.515255097222
00e12e8b_4118,11591.471263314445
00e12e8b_4119,11591.469628695995
00e12e8b_4120,11591.45445343955
00e12e8b_4121,11591.433052693079
00e12e8b_4122,11591.400759126655
00e12e8b_4123,11591.387975897534
00e12e8b_4124,11591.325485238067
00e12e8b_4125,11591.26530072724
00e12e8b_4126,11591.21897196905
00e12e8b_4127,11591.156284462942
00e12e8b_4128,11591.117540334451
00e12e8b_4129,11591.042646619666
00e12e8b_4130,11590.94733881368
00e12e8b_4131,11590.863686176262
00e12e8b_4132,11590.759734833853
00e12e8b_4133,11590.6752973221
00e12e8b_4134,11590.64084831523
00e12e8b_4135,11590.631620873448
00e12e8b_4136,11590.618431810723
00e12e8b_4137,11590.588057196564
00e12e8b_4138,11590.583066414449
00e12e8b_4139,11590.575282284643
00e12e8b_4140,11590.558212297447
00e12e8b_4141,11590.561258037682
00e12e8b_4142,11590.547907614924
00e12e8b_4143,11590.556468743609
00e12e8b_4144,11590.568940579
00e12e8b_4145,11590.5476950222
00e12e8b_4146,11590.53200439655
00e12e8b_4147,11590.523414380827
00e12e8b_4148,11590.468252509805
00e12e8b_4149,11590.468449683427
00e12e8b_4150,11590.492777721089
00e12e8b_4151,11590.503293394979
00e12e8b_4152,11590.485208044685
00e12e8b_4153,11590.461336996093
00e12e8b_4154,11590.47970108694
00e12e8b_4155,11590.472114126542
00e12e8b_4156,11590.465324932855
00e12e8b_4157,11590.458750048208
00e12e8b_4158,11590.450784574754
00e12e8b_4159,11590.483150683896
00e12e8b_4160,11590.512327480476
00e12e8b_4161,11590.521126682648
00e12e8b_4162,11590.513351472517
00e12e8b_4163,11590.485525868764
00e12e8b_4164,11590.465497254387
00e12e8b_4165,11590.465055804132
00e12e8b_4166,11590.46659711547
00e12e8b_4167,11590.467554564726
00e12e8b_4168,11590.466188791253
00e12e8b_4169,11590.491325092073
00e12e8b_4170,11590.5342892658
00e12e8b_4171,11590.549663264681
00e12e8b_4172,11590.54460787991
00e12e8b_4173,11590.533700173955
00e12e8b_4174,11590.520224245238
00e12e8b_4175,11590.524645505735
00e12e8b_4176,11590.538047641852
00e12e8b_4177,11590.552115777155
00e12e8b_4178,11590.550351140788
00e12e8b_4179,11590.53900507511
00e12e8b_4180,11590.530799916745
00e12e8b_4181,11590.520956313021
00e12e8b_4182,11590.508628217352
00e12e8b_4183,11590.52482034336
00e12e8b_4184,11590.544320624009
00e12e8b_4185,11590.546702325531
00e12e8b_4186,11590.540377838017
00e12e8b_4187,11590.474401586713
00e12e8b_4188,11590.412425935534
00e12e8b_4189,11590.368790264
00e12e8b_4190,11590.35723916051
00e12e8b_4191,11590.388685678694
00e12e8b_4192,11590.443277532717
00e12e8b_4193,11590.51801374675
00e12e8b_4194,11590.592711461039
00e12e8b_4195,11590.68475565463
00e12e8b_4196,11590.769292709007
00e12e8b_4197,11590.859354979852
00e12e8b_4198,11590.941731747851
00e12e8b_4199,11591.026026862903
00e12e8b_4200,11591.078463909324
00e12e8b_4201,11591.108627404963
00e12e8b_4202,11591.102263962926
00e12e8b_4203,11591.059550680144
00e12e8b_4204,11591.047416367055
00e12e8b_4205,11591.01163349648
00e12e8b_4206,11591.003153387883
00e12e8b_4207,11590.9951932977
00e12e8b_4208,11591.001401835721
00e12e8b_4209,11591.013922486894
00e12e8b_4210,11591.03684214663
00e12e8b_4211,11591.064106531796
00e12e8b_4212,11591.094406510194
00e12e8b_4213,11591.122970946606
00e12e8b_4214,11591.172346761565
00e12e8b_4215,11591.219101731824
00e12e8b_4216,11591.265668427528
00e12e8b_4217,11591.30013767833
00e12e8b_4218,11591.324948765216
00e12e8b_4219,11591.333372920099
00e12e8b_4220,11591.335766673068
00e12e8b_4221,11591.31591598115
00e12e8b_4222,11591.317773230974
00e12e8b_4223,11591.322337453965
00e12e8b_4224,11591.32077553313
00e12e8b_4225,11591.314153017765
00e12e8b_4226,11591.302491733475
00e12e8b_4227,11591.29285326519
00e12e8b_4228,11591.284615527919
00e12e8b_4229,11591.277482427671
00e12e8b_4230,11591.286449034076
00e12e8b_4231,11591.287318108785
00e12e8b_4232,11591.287860253868
00e12e8b_4233,11591.292116938055
00e12e8b_4234,11591.288280770317
00e12e8b_4235,11591.281852925105
00e12e8b_4236,11591.267772272748
00e12e8b_4237,11591.251447969598
00e12e8b_4238,11591.230366967739
00e12e8b_4239,11591.213364669611
00e12e8b_4240,11591.180584162536
00e12e8b_4241,11591.150767918609
00e12e8b_4242,11591.117827866767
00e12e8b_4243,11591.099408519003
00e12e8b_4244,11591.083382690478
00e12e8b_4245,11591.077181506065
00e12e8b_4246,11591.068552605906
00e12e8b_4247,11591.071794649259
00e12e8b_4248,11591.078235397477
00e12e8b_4249,11591.076838606145
00e12e8b_4250,11591.085855506417
00e12e8b_4251,11591.102562070102
00e12e8b_4252,11591.12840046387
00e12e8b_4253,11591.16474918306
00e12e8b_4254,11591.201722411199
00e12e8b_4255,11591.250397405567
00e12e8b_4256,11591.293314259432
00e12e8b_4257,11591.341301195856
00e12e8b_4258,11591.33930215331
00e12e8b_4259,11591.376120838464
00e12e8b_4260,11591.435243435959
00e12e8b_4261,11591.499840927076
00e12e8b_4262,11591.57430898017
00e12e8b_4263,11591.654435803066
00e12e8b_4264,11591.734664738971
00e12e8b_4265,11591.809761364582
00e12e8b_4266,11591.902763323162
00e12e8b_4267,11591.989448290622
00e12e8b_4268,11592.075108772427
00e12e8b_4269,11592.15224573728
00e12e8b_4270,11592.20571524943
00e12e8b_4271,11592.25950149743
00e12e8b_4272,11592.28412827058
00e12e8b_4273,11592.28097304746
00e12e8b_4274,11592.241707786665
00e12e8b_4275,11592.259509437577
00e12e8b_4276,11592.273734435961
00e12e8b_4277,11592.280960866185
00e12e8b_4278,11592.287528275307
00e12e8b_4279,11592.29571935161
00e12e8b_4280,11592.297322503766
00e12e8b_4281,11592.282090216235
00e12e8b_4282,11592.27655432861
00e12e8b_4283,11592.282894034111
00e12e8b_4284,11592.297553067856
00e12e8b_4285,11592.324956820969
00e12e8b_4286,11592.348906946498
00e12e8b_4287,11592.397691664315
00e12e8b_4288,11592.438593476141
00e12e8b_4289,11592.479653438142
00e12e8b_4290,11592.518581967825
00e12e8b_4291,11592.556925249744
00e12e8b_4292,11592.594872696294
00e12e8b_4293,11592.63015239769
00e12e8b_4294,11592.647566865462
00e12e8b_4295,11592.669500597707
00e12e8b_4296,11592.697771133126
00e12e8b_4297,11592.707428316384
00e12e8b_4298,11592.757143500545
00e12e8b_4299,11592.814099872918
00e12e8b_4300,11592.879831006638
00e12e8b_4301,11592.939601085292
00e12e8b_4302,11592.994065636543
00e12e8b_4303,11593.05781487127
00e12e8b_4304,11593.110402420518
00e12e8b_4305,11593.160044602882
00e12e8b_4306,11593.197870549675
00e12e8b_4307,11593.231637258636
00e12e8b_4308,11593.255759302601
00e12e8b_4309,11593.273414702997
00e12e8b_4310,11593.280048855164
00e12e8b_4311,11593.295844067328
00e12e8b_4312,11593.309244315715
00e12e8b_4313,11593.304465235531
00e12e8b_4314,11593.318216420612
00e12e8b_4315,11593.326860831368
00e12e8b_4316,11593.333579422693
00e12e8b_4317,11593.333042462513
00e12e8b_4318,11593.33592589051
00e12e8b_4319,11593.342084391274
00e12e8b_4320,11593.345263035138
00e12e8b_4321,11593.353641631687
00e12e8b_4322,11593.35764748713
00e12e8b_4323,11593.363258289486
00e12e8b_4324,11593.36172348777
00e12e8b_4325,11593.367602211849
00e12e8b_4326,11593.378576135416
00e12e8b_4327,11593.39053893893
00e12e8b_4328,11593.410046919113
00e12e8b_4329,11593.424671596731
00e12e8b_4330,11593.453328350159
00e12e8b_4331,11593.490733467179
00e12e8b_4332,11593.531779182276
00e12e8b_4333,11593.557855873
00e12e8b_4334,11593.591589211586
00e12e8b_4335,11593.635273866068
00e12e8b_4336,11593.693675438164
00e12e8b_4337,11593.763379839113
00e12e8b_4338,11593.84203071645
00e12e8b_4339,11593.916862925882
00e12e8b_4340,11593.9989169696
00e12e8b_4341,11594.083656809527
00e12e8b_4342,11594.173705999752
00e12e8b_4343,11594.257655621275
00e12e8b_4344,11594.321392258013
00e12e8b_4345,11594.377216598357
00e12e8b_4346,11594.416693304347
00e12e8b_4347,11594.43952176225
00e12e8b_4348,11594.44800211437
00e12e8b_4349,11594.418408364407
00e12e8b_4350,11594.391900767487
00e12e8b_4351,11594.34267035821
00e12e8b_4352,11594.29764824672
00e12e8b_4353,11594.263571258225
00e12e8b_4354,11594.239808297025
00e12e8b_4355,11594.211744916793
00e12e8b_4356,11594.202713254843
00e12e8b_4357,11594.199253508295
00e12e8b_4358,11594.204536211199
00e12e8b_4359,11594.224574212049
00e12e8b_4360,11594.235056885744
00e12e8b_4361,11594.26908235779
00e12e8b_4362,11594.278500677612
00e12e8b_4363,11594.308099344093
00e12e8b_4364,11594.300165929213
00e12e8b_4365,11594.291941865535
00e12e8b_4366,11594.303848895308
00e12e8b_4367,11594.322911211273
00e12e8b_4368,11594.357261789712
00e12e8b_4369,11594.41524770083
00e12e8b_4370,11594.472328545653
00e12e8b_4371,11594.536367459408
00e12e8b_4372,11594.597375878688
00e12e8b_4373,11594.66281271073
00e12e8b_4374,11594.72773399891
00e12e8b_4375,11594.785437834227
00e12e8b_4376,11594.82790115951
00e12e8b_4377,11594.8514376189
00e12e8b_4378,11594.866563847214
00e12e8b_4379,11594.892605480456
00e12e8b_4380,11594.89266544175
00e12e8b_4381,11594.926915472357
00e12e8b_4382,11594.96108348402
00e12e8b_4383,11594.993119883411
00e12e8b_4384,11595.02848396305
00e12e8b_4385,11595.050574181121
00e12e8b_4386,11595.084464552756
00e12e8b_4387,11595.147641162452
00e12e8b_4388,11595.209483887098
00e12e8b_4389,11595.291850974803
00e12e8b_4390,11595.365092044203
00e12e8b_4391,11595.446841301895
00e12e8b_4392,11595.521883689931
00e12e8b_4393,11595.580452119939
00e12e8b_4394,11595.646241914788
00e12e8b_4395,11595.71517494977
00e12e8b_4396,11595.7670932526
00e12e8b_4397,11595.807144202765
00e12e8b_4398,11595.825398151926
00e12e8b_4399,11595.842572564496
00e12e8b_4400,11595.793109240518
00e12e8b_4401,11595.758704723572
00e12e8b_4402,11595.795606068648
00e12e8b_4403,11595.868108032571
00e12e8b_4404,11595.960213745237
00e12e8b_4405,11596.051905804681
00e12e8b_4406,11596.168098028516
00e12e8b_4407,11596.316216930543
00e12e8b_4408,11596.497518285665
00e12e8b_4409,11596.656241229999
00e12e8b_4410,11596.815234060934
00e12e8b_4411,11596.974323439521
00e12e8b_4412,11597.145897380507
00e12e8b_4413,11597.27755554679
00e12e8b_4414,11597.365431693632
00e12e8b_4415,11597.399218719302
00e12e8b_4416,11597.373974669286
00e12e8b_4417,11597.388901200085
00e12e8b_4418,11597.384622574546
00e12e8b_4419,11597.359536787468
00e12e8b_4420,11597.313289782904
00e12e8b_4421,11597.249198006546
00e12e8b_4422,11597.211722173493
00e12e8b_4423,11597.18506525259
00e12e8b_4424,11597.17215310071
00e12e8b_4425,11597.122706205422
00e12e8b_4426,11597.099141773704
00e12e8b_4427,11597.09970352247
00e12e8b_4428,11597.126235243122
00e12e8b_4429,11597.132427374809
00e12e8b_4430,11597.126695802284
00e12e8b_4431,11597.139336309641
00e12e8b_4432,11597.162554702172
00e12e8b_4433,11597.19090149735
00e12e8b_4434,11597.225116076426
00e12e8b_4435,11597.26655262138
00e12e8b_4436,11597.296225828573
00e12e8b_4437,11597.32940031211
00e12e8b_4438,11597.35263631755
00e12e8b_4439,11597.373466399533
00e12e8b_4440,11597.392582677856
00e12e8b_4441,11597.392823170576
00e12e8b_4442,11597.386545042451
00e12e8b_4443,11597.377315110125
00e12e8b_4444,11597.358030798783
00e12e8b_4445,11597.330929739106
00e12e8b_4446,11597.287309062027
00e12e8b_4447,11597.265326565128
00e12e8b_4448,11597.241969858642
00e12e8b_4449,11597.220681843875
00e12e8b_4450,11597.216264123797
00e12e8b_4451,11597.212245778792
00e12e8b_4452,11597.203631535562
00e12e8b_4453,11597.21341630629
00e12e8b_4454,11597.230593534086
00e12e8b_4455,11597.246168192
00e12e8b_4456,11597.266811851065
00e12e8b_4457,11597.278378509587
00e12e8b_4458,11597.295681019465
00e12e8b_4459,11597.313926342427
00e12e8b_4460,11597.32361608457
00e12e8b_4461,11597.328095902487
00e12e8b_4462,11597.32755079484
00e12e8b_4463,11597.325594228303
00e12e8b_4464,11597.326019125627
00e12e8b_4465,11597.33464168775
00e12e8b_4466,11597.357133550817
00e12e8b_4467,11597.380444586355
00e12e8b_4468,11597.397429017059
00e12e8b_4469,11597.427124637656
00e12e8b_4470,11597.451897386556
00e12e8b_4471,11597.47664429997
00e12e8b_4472,11597.51049557906
00e12e8b_4473,11597.551757195692
00e12e8b_4474,11597.5882083313
00e12e8b_4475,11597.623747633428
00e12e8b_4476,11597.64784843899
00e12e8b_4477,11597.66763520919
00e12e8b_4478,11597.672338200675
00e12e8b_4479,11597.661680102081
00e12e8b_4480,11597.654257432581
00e12e8b_4481,11597.648130790696
00e12e8b_4482,11597.637770034611
00e12e8b_4483,11597.629553771229
00e12e8b_4484,11597.606250445768
00e12e8b_4485,11597.599336650646
00e12e8b_4486,11597.603495873347
00e12e8b_4487,11597.623095321946
00e12e8b_4488,11597.648496504535
00e12e8b_4489,11597.688449365314
00e12e8b_4490,11597.724515099437
00e12e8b_4491,11597.771856926263
00e12e8b_4492,11597.808614977208
00e12e8b_4493,11597.843010738225
00e12e8b_4494,11597.873748739901
00e12e8b_4495,11597.90111506802
00e12e8b_4496,11597.925719419172
00e12e8b_4497,11597.942645584022
00e12e8b_4498,11597.960104666116
00e12e8b_4499,11597.980494742227
00e12e8b_4500,11598.000669918752
00e12e8b_4501,11598.030320290964
00e12e8b_4502,11598.055186127856
00e12e8b_4503,11598.076309063752
00e12e8b_4504,11598.097131258644
00e12e8b_4505,11598.103685367065
00e12e8b_4506,11598.111127236818
00e12e8b_4507,11598.122198984882
00e12e8b_4508,11598.133837806134
00e12e8b_4509,11598.156018522075
00e12e8b_4510,11598.184789053825
00e12e8b_4511,11598.200444510852
00e12e8b_4512,11598.225570357296
00e12e8b_4513,11598.251660563315
00e12e8b_4514,11598.300874708098
00e12e8b_4515,11598.363564731411
00e12e8b_4516,11598.433507643775
00e12e8b_4517,11598.501510322623
00e12e8b_4518,11598.555554316234
00e12e8b_4519,11598.618196782423
00e12e8b_4520,11598.683263525876
00e12e8b_4521,11598.74238033883
00e12e8b_4522,11598.802836270192
00e12e8b_4523,11598.868271503397
00e12e8b_4524,11598.93876456709
00e12e8b_4525,11599.007419897396
00e12e8b_4526,11599.066158571843
00e12e8b_4527,11599.111293288666
00e12e8b_4528,11599.156242425295
00e12e8b_4529,11599.189867920371
00e12e8b_4530,11599.23263305635
00e12e8b_4531,11599.267131232913
00e12e8b_4532,11599.290492276543
00e12e8b_4533,11599.309700936672
00e12e8b_4534,11599.319854154122
00e12e8b_4535,11599.337376387524
00e12e8b_4536,11599.35957538763
00e12e8b_4537,11599.37316923679
00e12e8b_4538,11599.380401032951
00e12e8b_4539,11599.396001710076
00e12e8b_4540,11599.409371424666
00e12e8b_4541,11599.420462154241
00e12e8b_4542,11599.429293400588
00e12e8b_4543,11599.431698374072
00e12e8b_4544,11599.427994266547
00e12e8b_4545,11599.425057073964
00e12e8b_4546,11599.422452274937
00e12e8b_4547,11599.419159194098
00e12e8b_4548,11599.414171039873
00e12e8b_4549,11599.41763225498
00e12e8b_4550,11599.417586415973
00e12e8b_4551,11599.417183279986
00e12e8b_4552,11599.421969022345
00e12e8b_4553,11599.420326790127
00e12e8b_4554,11599.418826062956
00e12e8b_4555,11599.417126301782
00e12e8b_4556,11599.416881580615
00e12e8b_4557,11599.414467945151
00e12e8b_4558,11599.416258533762
00e12e8b_4559,11599.412801419025
00e12e8b_4560,11599.4049310697
00e12e8b_4561,11599.396238245094
00e12e8b_4562,11599.382786011187
00e12e8b_4563,11599.366749489544
00e12e8b_4564,11599.35085838518
00e12e8b_4565,11599.33420275127
00e12e8b_4566,11599.31455752272
00e12e8b_4567,11599.296627473952
00e12e8b_4568,11599.280382558138
00e12e8b_4569,11599.268586238004
00e12e8b_4570,11599.257291575774
00e12e8b_4571,11599.24520488856
00e12e8b_4572,11599.243420375737
00e12e8b_4573,11599.24667488697
00e12e8b_4574,11599.257025227875
00e12e8b_4575,11599.251732562687
00e12e8b_4576,11599.265674996834
00e12e8b_4577,11599.293948999843
00e12e8b_4578,11599.325932141035
00e12e8b_4579,11599.36828489855
00e12e8b_4580,11599.415677881132
00e12e8b_4581,11599.465399127303
00e12e8b_4582,11599.515259010146
00e12e8b_4583,11599.55937483657
00e12e8b_4584,11599.599302208531
00e12e8b_4585,11599.63163476728
00e12e8b_4586,11599.652927840305
00e12e8b_4587,11599.665588363621
00e12e8b_4588,11599.676605885094
00e12e8b_4589,11599.674433475944
00e12e8b_4590,11599.666327469144
00e12e8b_4591,11599.652803288223
00e12e8b_4592,11599.66546396045
00e12e8b_4593,11599.6750418355
00e12e8b_4594,11599.681061807363
00e12e8b_4595,11599.690559142646
00e12e8b_4596,11599.697231435412
00e12e8b_4597,11599.704281242992
00e12e8b_4598,11599.706036077814
00e12e8b_4599,11599.707048359694
00e12e8b_4600,11599.707510297387
00e12e8b_4601,11599.704082010932
00e12e8b_4602,11599.704904191298
00e12e8b_4603,11599.700809088392
00e12e8b_4604,11599.69699597037
00e12e8b_4605,11599.692850523312
00e12e8b_4606,11599.695113492917
00e12e8b_4607,11599.69641305488
00e12e8b_4608,11599.703876343605
00e12e8b_4609,11599.711263394629
00e12e8b_4610,11599.694837277932
00e12e8b_4611,11599.696866109824
00e12e8b_4612,11599.713902594689
00e12e8b_4613,11599.744944023563
00e12e8b_4614,11599.783714450457
00e12e8b_4615,11599.828217094873
00e12e8b_4616,11599.872807166583
00e12e8b_4617,11599.920094053077
00e12e8b_4618,11599.9725266232
00e12e8b_4619,11600.013930548925
00e12e8b_4620,11600.056613683273
00e12e8b_4621,11600.099236135098
00e12e8b_4622,11600.128815423124
00e12e8b_4623,11600.157086147901
00e12e8b_4624,11600.182907196071
00e12e8b_4625,11600.199355037385
00e12e8b_4626,11600.203501523003
00e12e8b_4627,11600.235674349417
00e12e8b_4628,11600.270295649982
00e12e8b_4629,11600.305127977948
00e12e8b_4630,11600.337902656584
00e12e8b_4631,11600.3654314119
00e12e8b_4632,11600.38877152607
00e12e8b_4633,11600.411666369551
00e12e8b_4634,11600.426462021222
00e12e8b_4635,11600.43198352382
00e12e8b_4636,11600.442552086715
00e12e8b_4637,11600.456594057034
00e12e8b_4638,11600.466789195438
00e12e8b_4639,11600.48884109402
00e12e8b_4640,11600.50967190545
00e12e8b_4641,11600.531568258511
00e12e8b_4642,11600.558334173988
00e12e8b_4643,11600.575690172891
00e12e8b_4644,11600.590223446234
00e12e8b_4645,11600.606467414362
00e12e8b_4646,11600.625364944972
00e12e8b_4647,11600.638900655375
00e12e8b_4648,11600.650250874687
00e12e8b_4649,11600.654413470591
00e12e8b_4650,11600.66152504721
00e12e8b_4651,11600.66285678016
00e12e8b_4652,11600.666802242331
00e12e8b_4653,11600.669193832508
00e12e8b_4654,11600.671863547635
00e12e8b_4655,11600.677675189312
00e12e8b_4656,11600.684963267915
00e12e8b_4657,11600.684481428098
00e12e8b_4658,11600.674184253741
00e12e8b_4659,11600.651230467905
00e12e8b_4660,11600.625341211653
00e12e8b_4661,11600.59955970894
00e12e8b_4662,11600.566110171325
00e12e8b_4663,11600.54623294822
00e12e8b_4664,11600.534074832958
00e12e8b_4665,11600.540204990502
00e12e8b_4666,11600.567556464346
00e12e8b_4667,11600.605999448753
00e12e8b_4668,11600.664002669202
00e12e8b_4669,11600.737193890223
00e12e8b_4670,11600.830992631805
00e12e8b_4671,11600.934471487368
00e12e8b_4672,11601.042252299374
00e12e8b_4673,11601.137353280892
00e12e8b_4674,11601.227167806652
00e12e8b_4675,11601.310428800674
00e12e8b_4676,11601.377962815945
00e12e8b_4677,11601.424388695594
00e12e8b_4678,11601.457387778142
00e12e8b_4679,11601.502906651462
00e12e8b_4680,11601.53670284029
00e12e8b_4681,11601.562260542067
00e12e8b_4682,11601.59983139661
00e12e8b_4683,11601.63186607395
00e12e8b_4684,11601.655504743952
00e12e8b_4685,11601.672231971803
00e12e8b_4686,11601.687046147657
00e12e8b_4687,11601.681465425801
00e12e8b_4688,11601.696924548924
00e12e8b_4689,11601.691845160456
00e12e8b_4690,11601.712067020222
00e12e8b_4691,11601.71610737841
00e12e8b_4692,11601.732162557584
00e12e8b_4693,11601.725015908138
00e12e8b_4694,11601.729023444192
00e12e8b_4695,11601.740346938004
00e12e8b_4696,11601.765570109586
00e12e8b_4697,11601.78139986708
00e12e8b_4698,11601.783359441699
00e12e8b_4699,11601.792676338091
00e12e8b_4700,11601.794608618975
00e12e8b_4701,11601.795351168032
00e12e8b_4702,11601.793404978673
00e12e8b_4703,11601.786790492182
00e12e8b_4704,11601.800607679545
00e12e8b_4705,11601.797397741071
00e12e8b_4706,11601.81442319745
00e12e8b_4707,11601.81450663396
00e12e8b_4708,11601.81885152971
00e12e8b_4709,11601.796893424193
00e12e8b_4710,11601.810859917236
00e12e8b_4711,11601.825220673529
00e12e8b_4712,11601.845160496301
00e12e8b_4713,11601.844385098004
00e12e8b_4714,11601.832211938132
00e12e8b_4715,11601.851620970889
00e12e8b_4716,11601.846554435599
00e12e8b_4717,11601.85837228277
00e12e8b_4718,11601.86065619882
00e12e8b_4719,11601.85426547978
00e12e8b_4720,11601.848547225814
00e12e8b_4721,11601.83565301315
00e12e8b_4722,11601.81962372218
00e12e8b_4723,11601.796125480483
00e12e8b_4724,11601.76810955951
00e12e8b_4725,11601.751630288045
00e12e8b_4726,11601.75592998473
00e12e8b_4727,11601.756065989422
00e12e8b_4728,11601.768415443661
00e12e8b_4729,11601.786386670923
00e12e8b_4730,11601.791352222668
00e12e8b_4731,11601.790526008263
00e12e8b_4732,11601.815261910504
00e12e8b_4733,11601.842644062406
00e12e8b_4734,11601.865509779349
00e12e8b_4735,11601.888168536467
00e12e8b_4736,11601.927221693131
00e12e8b_4737,11601.967392050969
00e12e8b_4738,11602.010716743787
00e12e8b_4739,11602.050784641948
00e12e8b_4740,11602.10416299484
00e12e8b_4741,11602.1338864278
00e12e8b_4742,11602.174913335164
00e12e8b_4743,11602.205975970439
00e12e8b_4744,11602.222183919293
00e12e8b_4745,11602.220361722417
00e12e8b_4746,11602.18272961634
00e12e8b_4747,11602.147885796681
00e12e8b_4748,11602.120080277731
00e12e8b_4749,11602.073340946616
00e12e8b_4750,11602.052510171134
00e12e8b_4751,11602.036914211267
00e12e8b_4752,11602.040035859765
00e12e8b_4753,11602.052688285898
00e12e8b_4754,11602.08071496182
00e12e8b_4755,11602.106863654986
00e12e8b_4756,11602.129854502702
00e12e8b_4757,11602.133181017509
00e12e8b_4758,11602.154925483128
00e12e8b_4759,11602.152379259478
00e12e8b_4760,11602.138632388787
00e12e8b_4761,11602.11682060204
00e12e8b_4762,11602.085997672975
00e12e8b_4763,11602.052561447474
00e12e8b_4764,11602.003607545228
00e12e8b_4765,11601.960471907447
00e12e8b_4766,11601.922239185946
00e12e8b_4767,11601.892255011491
00e12e8b_4768,11601.867928414309
00e12e8b_4769,11601.849884397849
00e12e8b_4770,11601.83964632827
00e12e8b_4771,11601.82204742
00e12e8b_4772,11601.809668808804
00e12e8b_4773,11601.798936707452
00e12e8b_4774,11601.79663508157
00e12e8b_4775,11601.803630285141
00e12e8b_4776,11601.80431685476
00e12e8b_4777,11601.805723953834
00e12e8b_4778,11601.809811759105
00e12e8b_4779,11601.796331604273
00e12e8b_4780,11601.774960417928
00e12e8b_4781,11601.748901846397
00e12e8b_4782,11601.726288041697
00e12e8b_4783,11601.70456088494
00e12e8b_4784,11601.655978816601
00e12e8b_4785,11601.639206556223
00e12e8b_4786,11601.631901418627
00e12e8b_4787,11601.619578156937
00e12e8b_4788,11601.606085255498
00e12e8b_4789,11601.602944145161
00e12e8b_4790,11601.60698616036
00e12e8b_4791,11601.615192416943
00e12e8b_4792,11601.620357252283
00e12e8b_4793,11601.633407651008
00e12e8b_4794,11601.649123325184
00e12e8b_4795,11601.659770324275
00e12e8b_4796,11601.67557187873
00e12e8b_4797,11601.677360559053
00e12e8b_4798,11601.686188190664
00e12e8b_4799,11601.679518121213
00e12e8b_4800,11601.668117056319
00e12e8b_4801,11601.683550007483
00e12e8b_4802,11601.67732421035
00e12e8b_4803,11601.662213318104
00e12e8b_4804,11601.65009801972
00e12e8b_4805,11601.644553565962
00e12e8b_4806,11601.631706266839
00e12e8b_4807,11601.62743249633
00e12e8b_4808,11601.62935113754
00e12e8b_4809,11601.627889005244
00e12e8b_4810,11601.630638000854
00e12e8b_4811,11601.63789225791
00e12e8b_4812,11601.648520830147
00e12e8b_4813,11601.649969440929
00e12e8b_4814,11601.658279064202
00e12e8b_4815,11601.653469653997
00e12e8b_4816,11601.656836671667
00e12e8b_4817,11601.658340658307
00e12e8b_4818,11601.665343172908
00e12e8b_4819,11601.664729862772
00e12e8b_4820,11601.655378590822
00e12e8b_4821,11601.626840537509
00e12e8b_4822,11601.601354230916
00e12e8b_4823,11601.583865338222
00e12e8b_4824,11601.584005171033
00e12e8b_4825,11601.60037998548
00e12e8b_4826,11601.639042285211
00e12e8b_4827,11601.681999588263
00e12e8b_4828,11601.738220449426
00e12e8b_4829,11601.792249701113
00e12e8b_4830,11601.847516007832
00e12e8b_4831,11601.917779591491
00e12e8b_4832,11601.975173088129
00e12e8b_4833,11602.015276603313
00e12e8b_4834,11602.026533544884
00e12e8b_4835,11602.020788779097
00e12e8b_4836,11601.980520220935
00e12e8b_4837,11601.951018726704
00e12e8b_4838,11601.902292606856
00e12e8b_4839,11601.871285845902
00e12e8b_4840,11601.857365404101
00e12e8b_4841,11601.83339091565
00e12e8b_4842,11601.82192770988
00e12e8b_4843,11601.816089728585
00e12e8b_4844,11601.830353712096
00e12e8b_4845,11601.858929951832
00e12e8b_4846,11601.897204213017
00e12e8b_4847,11601.919951933976
00e12e8b_4848,11601.918615001961
00e12e8b_4849,11601.921343714987
00e12e8b_4850,11601.919468753715
00e12e8b_4851,11601.942988980927
00e12e8b_4852,11601.950266884545
00e12e8b_4853,11601.99701752744
00e12e8b_4854,11602.014630367337
00e12e8b_4855,11602.055653068835
00e12e8b_4856,11602.08282724399
00e12e8b_4857,11602.097923704112
00e12e8b_4858,11602.112143116308
00e12e8b_4859,11602.130984353704
00e12e8b_4860,11602.16559567994
00e12e8b_4861,11602.20099199486
00e12e8b_4862,11602.23536128328
00e12e8b_4863,11602.227286912728
00e12e8b_4864,11602.217029757867
00e12e8b_4865,11602.204770966366
00e12e8b_4866,11602.180714149546
00e12e8b_4867,11602.165117141787
00e12e8b_4868,11602.131981965738
00e12e8b_4869,11602.108323043378
00e12e8b_4870,11602.081639169268
00e12e8b_4871,11602.04296631875
00e12e8b_4872,11602.002302229459
00e12e8b_4873,11601.969428634548
00e12e8b_4874,11601.925640003532
00e12e8b_4875,11601.908636360886
00e12e8b_4876,11601.91999502335
00e12e8b_4877,11601.929734757983
00e12e8b_4878,11601.952117696132
00e12e8b_4879,11601.957841236783
00e12e8b_4880,11601.966747715396
00e12e8b_4881,11601.977491796453
00e12e8b_4882,11601.982964171571
00e12e8b_4883,11602.000705227112
00e12e8b_4884,11601.988806871903
00e12e8b_4885,11601.994906592805
00e12e8b_4886,11601.980190719058
00e12e8b_4887,11601.979010180608
00e12e8b_4888,11601.980815477147
00e12e8b_4889,11601.980249646836
00e12e8b_4890,11601.965190474572
00e12e8b_4891,11601.953709202859
00e12e8b_4892,11601.948109693007
00e12e8b_4893,11601.923227637755
00e12e8b_4894,11601.91378120872
00e12e8b_4895,11601.901499693013
00e12e8b_4896,11601.88041556795
00e12e8b_4897,11601.869578052803
00e12e8b_4898,11601.867002939742
00e12e8b_4899,11601.864447676788
00e12e8b_4900,11601.854405130362
00e12e8b_4901,11601.857967319109
00e12e8b_4902,11601.849949053698
00e12e8b_4903,11601.869536947268
00e12e8b_4904,11601.883558387774
00e12e8b_4905,11601.896277454687
00e12e8b_4906,11601.911281072404
00e12e8b_4907,11601.920823308146
00e12e8b_4908,11601.935730136936
00e12e8b_4909,11601.945795406693
00e12e8b_4910,11601.954901060231
00e12e8b_4911,11601.957667846804
00e12e8b_4912,11601.968443554104
00e12e8b_4913,11601.977292929545
00e12e8b_4914,11601.978397087008
00e12e8b_4915,11601.977981026384
00e12e8b_4916,11601.976811268794
00e12e8b_4917,11601.970179890439
00e12e8b_4918,11601.958878614396
00e12e8b_4919,11601.957182663597
00e12e8b_4920,11601.974596020818
00e12e8b_4921,11601.98927947293
00e12e8b_4922,11602.026472618869
00e12e8b_4923,11602.06840537839
00e12e8b_4924,11602.108573932464
00e12e8b_4925,11602.1591449723
00e12e8b_4926,11602.2203349724
00e12e8b_4927,11602.274905333508
00e12e8b_4928,11602.268948883855
00e12e8b_4929,11602.290461722949
00e12e8b_4930,11602.30907020686
00e12e8b_4931,11602.33280390334
00e12e8b_4932,11602.352411080983
00e12e8b_4933,11602.378745126061
00e12e8b_4934,11602.390756974917
00e12e8b_4935,11602.413647458756
00e12e8b_4936,11602.433989030005
00e12e8b_4937,11602.459887838104
00e12e8b_4938,11602.490577878869
00e12e8b_4939,11602.510407012624
00e12e8b_4940,11602.515555661077
00e12e8b_4941,11602.514910575132
00e12e8b_4942,11602.50607565689
00e12e8b_4943,11602.456384802357
00e12e8b_4944,11602.38190009865
00e12e8b_4945,11602.366378526474
00e12e8b_4946,11602.333472811673
00e12e8b_4947,11602.305852543395
00e12e8b_4948,11602.288867264826
00e12e8b_4949,11602.277053931888
00e12e8b_4950,11602.278846599753
00e12e8b_4951,11602.297564177143
00e12e8b_4952,11602.321189973087
00e12e8b_4953,11602.338227189099
00e12e8b_4954,11602.358490424382
00e12e8b_4955,11602.384257855447
00e12e8b_4956,11602.409845369462
00e12e8b_4957,11602.434314621112
00e12e8b_4958,11602.46906916144
00e12e8b_4959,11602.499156357291
00e12e8b_4960,11602.516714385518
00e12e8b_4961,11602.527553882157
00e12e8b_4962,11602.540308544372
00e12e8b_4963,11602.539914990019
00e12e8b_4964,11602.547138534648
00e12e8b_4965,11602.556225490518
00e12e8b_4966,11602.574664384523
00e12e8b_4967,11602.595044032192
00e12e8b_4968,11602.612840776905
00e12e8b_4969,11602.61607496139
00e12e8b_4970,11602.641586401005
00e12e8b_4971,11602.660983035465
00e12e8b_4972,11602.687525779644
00e12e8b_4973,11602.710873589938
00e12e8b_4974,11602.73669489905
00e12e8b_4975,11602.750749906649
00e12e8b_4976,11602.757603747275
00e12e8b_4977,11602.75667533155
00e12e8b_4978,11602.745733655782
00e12e8b_4979,11602.715812557464
00e12e8b_4980,11602.680157830278
00e12e8b_4981,11602.634652831897
00e12e8b_4982,11602.584552601005
00e12e8b_4983,11602.5459012798
00e12e8b_4984,11602.496724300298
00e12e8b_4985,11602.441286048763
00e12e8b_4986,11602.399734288007
00e12e8b_4987,11602.358153027413
00e12e8b_4988,11602.319213863948
00e12e8b_4989,11602.290672728148
00e12e8b_4990,11602.298773363324
00e12e8b_4991,11602.335598212623
00e12e8b_4992,11602.372102482026
00e12e8b_4993,11602.392332647294
00e12e8b_4994,11602.403553771515
00e12e8b_4995,11602.391087583735
00e12e8b_4996,11602.360134973194
00e12e8b_4997,11602.30233477793
00e12e8b_4998,11602.25357738465
00e12e8b_4999,11602.196950124251
00e12e8b_5000,11602.126801980106
00e12e8b_5001,11602.057729399237
00e12e8b_5002,11602.006986450291
00e12e8b_5003,11601.956298288353
00e12e8b_5004,11601.89751399288
00e12e8b_5005,11601.86777893697
00e12e8b_5006,11601.87171340122
00e12e8b_5007,11601.890354357638
00e12e8b_5008,11601.886661851668
00e12e8b_5009,11601.878006493129
00e12e8b_5010,11601.866216716027
00e12e8b_5011,11601.838676914316
00e12e8b_5012,11601.8053626799
00e12e8b_5013,11601.759381744989
00e12e8b_5014,11601.751948779363
00e12e8b_5015,11601.722286970251
00e12e8b_5016,11601.706801301738
00e12e8b_5017,11601.710134497012
00e12e8b_5018,11601.731045121931
00e12e8b_5019,11601.751834405568
00e12e8b_5020,11601.767678307653
00e12e8b_5021,11601.798141299669
00e12e8b_5022,11601.838295567855
00e12e8b_5023,11601.877388038629
00e12e8b_5024,11601.908423678482
00e12e8b_5025,11601.948509846326
00e12e8b_5026,11601.986618859777
00e12e8b_5027,11602.034131071945
00e12e8b_5028,11602.067172086148
00e12e8b_5029,11602.061120305325
00e12e8b_5030,11602.072140438417
00e12e8b_5031,11602.052699825095
00e12e8b_5032,11602.039713479096
00e12e8b_5033,11602.02773952319
00e12e8b_5034,11601.98068195422
00e12e8b_5035,11601.923529948588
00e12e8b_5036,11601.846578718974
00e12e8b_5037,11601.774630001044
00e12e8b_5038,11601.70745028712
00e12e8b_5039,11601.646711975134
00e12e8b_5040,11601.58641881167
00e12e8b_5041,11601.540660266764
00e12e8b_5042,11601.48442841562
00e12e8b_5043,11601.439237119617
00e12e8b_5044,11601.377853444497
00e12e8b_5045,11601.304876437755
00e12e8b_5046,11601.25944333801
00e12e8b_5047,11601.21132031835
00e12e8b_5048,11601.168697234642
00e12e8b_5049,11601.130196887627
00e12e8b_5050,11601.06636832124
00e12e8b_5051,11601.01598374583
00e12e8b_5052,11600.966823489507
00e12e8b_5053,11600.940812599278
00e12e8b_5054,11600.909892081183
00e12e8b_5055,11600.884944913312
00e12e8b_5056,11600.861244271831
00e12e8b_5057,11600.850896911592
00e12e8b_5058,11600.833859836128
00e12e8b_5059,11600.828121583392
00e12e8b_5060,11600.824889235853
00e12e8b_5061,11600.8343631614
00e12e8b_5062,11600.845072117967
00e12e8b_5063,11600.867975875219
00e12e8b_5064,11600.892743053408
00e12e8b_5065,11600.908001612106
00e12e8b_5066,11600.915076101703
00e12e8b_5067,11600.922679286663
00e12e8b_5068,11600.912854937038
00e12e8b_5069,11600.903736377673
00e12e8b_5070,11600.883586344857
00e12e8b_5071,11600.864431827687
00e12e8b_5072,11600.847439281293
00e12e8b_5073,11600.822592568828
00e12e8b_5074,11600.775955449542
00e12e8b_5075,11600.759238465642
00e12e8b_5076,11600.747693053345
00e12e8b_5077,11600.750549205643
00e12e8b_5078,11600.730002434342
00e12e8b_5079,11600.72243632212
00e12e8b_5080,11600.69877789684
00e12e8b_5081,11600.661005886288
00e12e8b_5082,11600.624187080975
00e12e8b_5083,11600.59130017482
00e12e8b_5084,11600.545971603422
00e12e8b_5085,11600.510465966989
00e12e8b_5086,11600.46951646442
00e12e8b_5087,11600.425227929492
00e12e8b_5088,11600.383226205586
00e12e8b_5089,11600.310044773947
00e12e8b_5090,11600.287964383338
00e12e8b_5091,11600.295660693422
00e12e8b_5092,11600.313426457637
00e12e8b_5093,11600.317927279055
00e12e8b_5094,11600.298792010815
00e12e8b_5095,11600.313824274928
00e12e8b_5096,11600.31393904951
00e12e8b_5097,11600.304989615755
00e12e8b_5098,11600.257630868671
00e12e8b_5099,11600.257756425553
00e12e8b_5100,11600.224651622748
00e12e8b_5101,11600.165143062155
00e12e8b_5102,11600.116678795366
00e12e8b_5103,11600.056178560668
00e12e8b_5104,11599.972180458304
00e12e8b_5105,11599.920499467422
00e12e8b_5106,11599.89181614952
00e12e8b_5107,11599.879305723256
00e12e8b_5108,11599.873601694339
00e12e8b_5109,11599.82776536329
00e12e8b_5110,11599.842959674883
00e12e8b_5111,11599.847141013921
00e12e8b_5112,11599.853887977912
00e12e8b_5113,11599.845414005702
00e12e8b_5114,11599.852073115137
00e12e8b_5115,11599.855663124077
00e12e8b_5116,11599.842366142431
00e12e8b_5117,11599.789430628827
00e12e8b_5118,11599.75812277698
00e12e8b_5119,11599.733672693448
00e12e8b_5120,11599.680482926198
00e12e8b_5121,11599.675808111533
00e12e8b_5122,11599.606183847416
00e12e8b_5123,11599.580815065761
00e12e8b_5124,11599.551055093225
00e12e8b_5125,11599.485359472816
00e12e8b_5126,11599.476512478173
00e12e8b_5127,11599.45879655174
00e12e8b_5128,11599.451237537207
00e12e8b_5129,11599.44345292519
00e12e8b_5130,11599.44491863258
00e12e8b_5131,11599.447746581127
00e12e8b_5132,11599.45731584517
00e12e8b_5133,11599.4320545227
00e12e8b_5134,11599.438783167023
00e12e8b_5135,11599.460102936679
00e12e8b_5136,11599.470583973505
00e12e8b_5137,11599.463297338229
00e12e8b_5138,11599.418827484937
00e12e8b_5139,11599.405403018389
00e12e8b_5140,11599.374345013155
00e12e8b_5141,11599.33160936694
00e12e8b_5142,11599.326091334786
00e12e8b_5143,11599.32831058726
00e12e8b_5144,11599.327241132538
00e12e8b_5145,11599.315987387983
00e12e8b_5146,11599.318137165057
00e12e8b_5147,11599.333359847431
00e12e8b_5148,11599.321962231412
00e12e8b_5149,11599.346826580757
00e12e8b_5150,11599.377279782055
00e12e8b_5151,11599.418276330258
00e12e8b_5152,11599.45124455477
00e12e8b_5153,11599.4481945072
00e12e8b_5154,11599.453586462372
00e12e8b_5155,11599.46399781169
00e12e8b_5156,11599.451234864599
00e12e8b_5157,11599.45164102711
00e12e8b_5158,11599.449007855617
00e12e8b_5159,11599.443349574858
00e12e8b_5160,11599.438877325843
00e12e8b_5161,11599.389923390354
00e12e8b_5162,11599.360688512234
00e12e8b_5163,11599.336756790408
00e12e8b_5164,11599.327500634736
00e12e8b_5165,11599.31905949033
00e12e8b_5166,11599.317841719247
00e12e8b_5167,11599.320389700964
00e12e8b_5168,11599.326551866705
00e12e8b_5169,11599.336018800584
00e12e8b_5170,11599.343898710236
00e12e8b_5171,11599.357317056607
00e12e8b_5172,11599.35453894425
00e12e8b_5173,11599.354499321884
00e12e8b_5174,11599.351266891357
00e12e8b_5175,11599.331722799287
00e12e8b_5176,11599.307629815206
00e12e8b_5177,11599.280092677169
00e12e8b_5178,11599.244830278272
00e12e8b_5179,11599.21287853932
00e12e8b_5180,11599.17664379231
00e12e8b_5181,11599.13606845153
00e12e8b_5182,11599.114516912128
00e12e8b_5183,11599.082900524709
00e12e8b_5184,11599.053178739066
00e12e8b_5185,11599.020985572326
00e12e8b_5186,11598.987992998758
00e12e8b_5187,11598.943266807697
00e12e8b_5188,11598.897858466182
00e12e8b_5189,11598.854414133111
00e12e8b_5190,11598.809716649777
00e12e8b_5191,11598.769722459534
00e12e8b_5192,11598.746128405513
00e12e8b_5193,11598.746281277761
00e12e8b_5194,11598.712362697459
00e12e8b_5195,11598.683424177829
00e12e8b_5196,11598.680251441398
00e12e8b_5197,11598.651365324962
00e12e8b_5198,11598.655256384764
00e12e8b_5199,11598.620779341589
00e12e8b_5200,11598.599315129535
00e12e8b_5201,11598.58155280139
00e12e8b_5202,11598.568327377827
00e12e8b_5203,11598.523487502074
00e12e8b_5204,11598.513280809202
00e12e8b_5205,11598.480002239214
00e12e8b_5206,11598.48758483529
00e12e8b_5207,11598.49297905608
00e12e8b_5208,11598.500728546678
00e12e8b_5209,11598.457634338873
00e12e8b_5210,11598.423826346045
00e12e8b_5211,11598.40889332328
00e12e8b_5212,11598.392712782967
00e12e8b_5213,11598.353496745318
00e12e8b_5214,11598.340657422897
00e12e8b_5215,11598.308080758221
00e12e8b_5216,11598.292348940658
00e12e8b_5217,11598.287878941961
00e12e8b_5218,11598.284828155021
00e12e8b_5219,11598.255701434233
00e12e8b_5220,11598.256746504456
00e12e8b_5221,11598.235995883239
00e12e8b_5222,11598.250472168365
00e12e8b_5223,11598.22608744511
00e12e8b_5224,11598.195990498429
00e12e8b_5225,11598.147884554544
00e12e8b_5226,11598.153703796397
00e12e8b_5227,11598.143662822089
00e12e8b_5228,11598.130762078408
00e12e8b_5229,11598.12463137308
00e12e8b_5230,11598.126178516854
00e12e8b_5231,11598.133682311456
00e12e8b_5232,11598.132783060282
00e12e8b_5233,11598.140549816906
00e12e8b_5234,11598.13975463885
00e12e8b_5235,11598.130636532973
00e12e8b_5236,11598.12455038356
00e12e8b_5237,11598.118241765653
00e12e8b_5238,11598.114835059321
00e12e8b_5239,11598.107628269254
00e12e8b_5240,11598.105634105152
00e12e8b_5241,11598.098470258732
00e12e8b_5242,11598.087875262258
00e12e8b_5243,11598.077468495076
00e12e8b_5244,11598.054512474386
00e12e8b_5245,11598.036599635328
00e12e8b_5246,11598.011604959302
00e12e8b_5247,11597.978393367906
00e12e8b_5248,11597.94925299498
00e12e8b_5249,11597.918853860048
00e12e8b_5250,11597.89991362264
00e12e8b_5251,11597.884055692968
00e12e8b_5252,11597.881457214986
00e12e8b_5253,11597.877833098912
00e12e8b_5254,11597.885324319534
00e12e8b_5255,11597.897885242077
00e12e8b_5256,11597.917825276203
00e12e8b_5257,11597.934388319783
00e12e8b_5258,11597.949782176098
00e12e8b_5259,11597.95956805281
00e12e8b_5260,11597.96412841698
00e12e8b_5261,11597.977051407006
00e12e8b_5262,11597.964061505605
00e12e8b_5263,11597.958678311441
00e12e8b_5264,11597.957995454391
00e12e8b_5265,11597.956196901732
00e12e8b_5266,11597.9567027182
00e12e8b_5267,11597.96137351673
00e12e8b_5268,11597.969081782137
00e12e8b_5269,11597.961918305427
00e12e8b_5270,11597.968613388959
00e12e8b_5271,11597.964643842344
00e12e8b_5272,11597.963753457967
00e12e8b_5273,11597.960390795797
00e12e8b_5274,11597.958877594601
00e12e8b_5275,11597.960278503504
00e12e8b_5276,11597.96232505298
00e12e8b_5277,11597.974773647538
00e12e8b_5278,11597.98324219687
00e12e8b_5279,11597.992664140775
00e12e8b_5280,11598.005640466961
00e12e8b_5281,11598.02040683923
00e12e8b_5282,11598.031431198324
00e12e8b_5283,11598.045604598787
00e12e8b_5284,11598.056608409004
00e12e8b_5285,11598.059631688426
00e12e8b_5286,11598.074011644292
00e12e8b_5287,11598.066739834652
00e12e8b_5288,11598.064123947996
00e12e8b_5289,11598.061802987033
00e12e8b_5290,11598.055679195182
00e12e8b_5291,11598.05303156281
00e12e8b_5292,11598.050315468483
00e12e8b_5293,11598.050122443276
00e12e8b_5294,11598.047112129114
00e12e8b_5295,11598.047600105798
00e12e8b_5296,11598.057127488686
00e12e8b_5297,11598.054218267574
00e12e8b_5298,11598.050571476262
00e12e8b_5299,11598.054616154039
00e12e8b_5300,11598.053694014048
00e12e8b_5301,11598.054089462641
00e12e8b_5302,11598.063094046063
00e12e8b_5303,11598.058785418005
00e12e8b_5304,11598.06018708126
00e12e8b_5305,11598.065365243074
00e12e8b_5306,11598.065409269666
00e12e8b_5307,11598.068585978008
00e12e8b_5308,11598.066660247843
00e12e8b_5309,11598.065406452803
00e12e8b_5310,11598.0604188157
00e12e8b_5311,11598.06113681769
00e12e8b_5312,11598.05434173208
00e12e8b_5313,11598.046144483878
00e12e8b_5314,11598.053532354897
00e12e8b_5315,11598.024557728717
00e12e8b_5316,11598.006728422193
00e12e8b_5317,11597.996153952763
00e12e8b_5318,11597.992067126275
00e12e8b_5319,11597.991013021996
00e12e8b_5320,11597.998983821666
00e12e8b_5321,11598.002083424231
00e12e8b_5322,11598.004006179744
00e12e8b_5323,11598.0220087614
00e12e8b_5324,11598.03219219578
00e12e8b_5325,11598.049948812759
00e12e8b_5326,11598.050742022451
00e12e8b_5327,11598.056802414281
00e12e8b_5328,11598.06220794893
00e12e8b_5329,11598.064322213546
00e12e8b_5330,11598.053786704202
00e12e8b_5331,11598.013768273468
00e12e8b_5332,11598.006210022828
00e12e8b_5333,11597.989619690028
00e12e8b_5334,11597.981685310246
00e12e8b_5335,11597.970119336605
00e12e8b_5336,11597.958436662968
00e12e8b_5337,11597.958501999712
00e12e8b_5338,11597.9555171122
00e12e8b_5339,11597.956506999762
00e12e8b_5340,11597.933065309298
00e12e8b_5341,11597.914093326473
00e12e8b_5342,11597.88483181835
00e12e8b_5343,11597.86385957409
00e12e8b_5344,11597.842223380003
00e12e8b_5345,11597.806791526324
00e12e8b_5346,11597.768301967842
00e12e8b_5347,11597.73052273142
00e12e8b_5348,11597.701214961546
00e12e8b_5349,11597.678505892667
00e12e8b_5350,11597.665695960988
00e12e8b_5351,11597.645335260646
00e12e8b_5352,11597.638370878447
00e12e8b_5353,11597.595572206803
00e12e8b_5354,11597.56668819368
00e12e8b_5355,11597.562288981955
00e12e8b_5356,11597.5801100294
00e12e8b_5357,11597.633883535755
00e12e8b_5358,11597.69737150616
00e12e8b_5359,11597.77949316742
00e12e8b_5360,11597.86414050636
00e12e8b_5361,11597.944885142968
00e12e8b_5362,11598.026056490466
00e12e8b_5363,11598.108185766854
00e12e8b_5364,11598.183300494362
00e12e8b_5365,11598.24124676029
00e12e8b_5366,11598.274371036849
00e12e8b_5367,11598.282901388055
00e12e8b_5368,11598.269087400966
00e12e8b_5369,11598.224477219737
00e12e8b_5370,11598.225685244057
00e12e8b_5371,11598.226194966692
00e12e8b_5372,11598.233313901263
00e12e8b_5373,11598.241833131317
00e12e8b_5374,11598.24364632835
00e12e8b_5375,11598.251012690078
00e12e8b_5376,11598.258462550242
00e12e8b_5377,11598.26599205665
00e12e8b_5378,11598.271871457317
00e12e8b_5379,11598.266383844473
00e12e8b_5380,11598.260252760367
00e12e8b_5381,11598.2545743295
00e12e8b_5382,11598.252106067755
00e12e8b_5383,11598.26019039475
00e12e8b_5384,11598.268747611539
00e12e8b_5385,11598.28070507261
00e12e8b_5386,11598.293960719264
00e12e8b_5387,11598.300234133538
00e12e8b_5388,11598.310694997972
00e12e8b_5389,11598.319785880674
00e12e8b_5390,11598.323631313593
00e12e8b_5391,11598.330826399293
00e12e8b_5392,11598.339656656104
00e12e8b_5393,11598.342665833286
00e12e8b_5394,11598.341096893333
00e12e8b_5395,11598.327364408331
00e12e8b_5396,11598.329259025872
00e12e8b_5397,11598.328958599419
00e12e8b_5398,11598.334075882374
00e12e8b_5399,11598.332733980304
00e12e8b_5400,11598.33293033975
00e12e8b_5401,11598.336431584785
00e12e8b_5402,11598.334853390095
00e12e8b_5403,11598.332047579299
00e12e8b_5404,11598.32824699069
00e12e8b_5405,11598.338562438861
00e12e8b_5406,11598.332842823016
00e12e8b_5407,11598.321728376786
00e12e8b_5408,11598.299480472586
00e12e8b_5409,11598.280037821554
00e12e8b_5410,11598.247873904727
00e12e8b_5411,11598.200933377742
00e12e8b_5412,11598.147012973603
00e12e8b_5413,11598.086308559077
00e12e8b_5414,11598.035904650258
00e12e8b_5415,11597.977867292966
00e12e8b_5416,11597.927006413996
00e12e8b_5417,11597.887130433128
00e12e8b_5418,11597.80929457395
00e12e8b_5419,11597.767284086382
00e12e8b_5420,11597.760184621084
00e12e8b_5421,11597.789940371369
00e12e8b_5422,11597.820789537907
00e12e8b_5423,11597.875995210054
00e12e8b_5424,11597.957461645952
00e12e8b_5425,11598.052833308668
00e12e8b_5426,11598.133303870696
00e12e8b_5427,11598.21855708849
00e12e8b_5428,11598.304597424185
00e12e8b_5429,11598.383655239944
00e12e8b_5430,11598.447380117339
00e12e8b_5431,11598.489459533255
00e12e8b_5432,11598.51122297987
00e12e8b_5433,11598.506931344004
00e12e8b_5434,11598.469523934697
00e12e8b_5435,11598.469947892847
00e12e8b_5436,11598.473345017153
00e12e8b_5437,11598.465212993573
00e12e8b_5438,11598.446072007668
00e12e8b_5439,11598.44728160224
00e12e8b_5440,11598.459734182125
00e12e8b_5441,11598.474040968778
00e12e8b_5442,11598.505410089734
00e12e8b_5443,11598.540280652402
00e12e8b_5444,11598.568592384147
00e12e8b_5445,11598.580215282449
00e12e8b_5446,11598.593191495598
00e12e8b_5447,11598.628544839841
00e12e8b_5448,11598.641669638946
00e12e8b_5449,11598.633144808251
00e12e8b_5450,11598.613323678564
00e12e8b_5451,11598.575587882291
00e12e8b_5452,11598.519205249426
00e12e8b_5453,11598.449854881448
00e12e8b_5454,11598.379545987746
00e12e8b_5455,11598.32745342847
00e12e8b_5456,11598.282667320913
00e12e8b_5457,11598.249794375084
00e12e8b_5458,11598.227121970971
00e12e8b_5459,11598.167156482921
00e12e8b_5460,11598.13880334434
00e12e8b_5461,11598.14118066502
00e12e8b_5462,11598.180388444629
00e12e8b_5463,11598.243827165801
00e12e8b_5464,11598.298344297107
00e12e8b_5465,11598.359650827784
00e12e8b_5466,11598.427492095881
00e12e8b_5467,11598.495367017184
00e12e8b_5468,11598.559049021567
00e12e8b_5469,11598.62293267288
00e12e8b_5470,11598.672119816176
00e12e8b_5471,11598.70833527691
00e12e8b_5472,11598.730425638374
00e12e8b_5473,11598.733119307642
00e12e8b_5474,11598.691970595206
00e12e8b_5475,11598.625898707418
00e12e8b_5476,11598.62788913619
00e12e8b_5477,11598.640047053916
00e12e8b_5478,11598.666817404583
00e12e8b_5479,11598.732695550692
00e12e8b_5480,11598.812702385667
00e12e8b_5481,11598.904182402928
00e12e8b_5482,11599.028609212612
00e12e8b_5483,11599.136885882517
00e12e8b_5484,11599.220504747793
00e12e8b_5485,11599.280182319457
00e12e8b_5486,11599.3102261639
00e12e8b_5487,11599.296116063406
00e12e8b_5488,11599.245545873022
00e12e8b_5489,11599.16600323708
00e12e8b_5490,11599.05166711845
00e12e8b_5491,11598.948680847408
00e12e8b_5492,11598.868539401508
00e12e8b_5493,11598.791241009329
00e12e8b_5494,11598.720877979698
00e12e8b_5495,11598.685988594065
00e12e8b_5496,11598.660267908213
00e12e8b_5497,11598.66230564751
00e12e8b_5498,11598.686703498117
00e12e8b_5499,11598.688501230012
00e12e8b_5500,11598.696084971869
00e12e8b_5501,11598.705532518705
00e12e8b_5502,11598.709724127004
00e12e8b_5503,11598.700948002686
00e12e8b_5504,11598.698767299655
00e12e8b_5505,11598.69785053068
00e12e8b_5506,11598.699075609524
00e12e8b_5507,11598.699896456872
00e12e8b_5508,11598.701068223763
00e12e8b_5509,11598.700383644262
00e12e8b_5510,11598.68397369543
00e12e8b_5511,11598.680736529159
00e12e8b_5512,11598.674462248362
00e12e8b_5513,11598.668670217523
00e12e8b_5514,11598.659900917412
00e12e8b_5515,11598.655304856671
00e12e8b_5516,11598.654680816999
00e12e8b_5517,11598.653044944893
00e12e8b_5518,11598.652295242342
00e12e8b_5519,11598.651483038153
00e12e8b_5520,11598.653199924618
00e12e8b_5521,11598.654140984689
00e12e8b_5522,11598.653039546649
00e12e8b_5523,11598.648860957921
00e12e8b_5524,11598.650127441744
00e12e8b_5525,11598.653909011342
00e12e8b_5526,11598.658233126022
00e12e8b_5527,11598.665345035055
00e12e8b_5528,11598.669248287983
00e12e8b_5529,11598.675855252923
00e12e8b_5530,11598.68281408156
00e12e8b_5531,11598.691201286216
00e12e8b_5532,11598.704622782336
00e12e8b_5533,11598.712934055013
00e12e8b_5534,11598.714815973535
00e12e8b_5535,11598.710707758635
00e12e8b_5536,11598.703414750296
00e12e8b_5537,11598.690611175509
00e12e8b_5538,11598.670820556277
00e12e8b_5539,11598.654430036808
00e12e8b_5540,11598.643696027366
00e12e8b_5541,11598.630403555882
00e12e8b_5542,11598.620733402273
00e12e8b_5543,11598.61698731246
00e12e8b_5544,11598.617238514405
00e12e8b_5545,11598.623845803886
00e12e8b_5546,11598.631762643698
00e12e8b_5547,11598.644206860514
00e12e8b_5548,11598.653653411815
00e12e8b_5549,11598.651489585869
00e12e8b_5550,11598.643518602963
00e12e8b_5551,11598.638828248491
00e12e8b_5552,11598.630898344256
00e12e8b_5553,11598.619030507612
00e12e8b_5554,11598.606224895779
00e12e8b_5555,11598.595922606073
00e12e8b_5556,11598.588384743682
00e12e8b_5557,11598.57884982226
00e12e8b_5558,11598.579937322804
00e12e8b_5559,11598.583623551882
00e12e8b_5560,11598.590452522576
00e12e8b_5561,11598.598191230367
00e12e8b_5562,11598.603711972712
00e12e8b_5563,11598.609610935897
00e12e8b_5564,11598.60789298881
00e12e8b_5565,11598.59922435766
00e12e8b_5566,11598.595899692304
00e12e8b_5567,11598.602080442035
00e12e8b_5568,11598.607567409306
00e12e8b_5569,11598.616145371747
00e12e8b_5570,11598.626583793648
00e12e8b_5571,11598.639250170192
00e12e8b_5572,11598.65535939041
00e12e8b_5573,11598.663242887678
00e12e8b_5574,11598.677198671563
00e12e8b_5575,11598.69378206598
00e12e8b_5576,11598.705563581083
00e12e8b_5577,11598.71232854489
00e12e8b_5578,11598.713393950049
00e12e8b_5579,11598.707795921553
00e12e8b_5580,11598.69948407198
00e12e8b_5581,11598.683440984089
00e12e8b_5582,11598.674423881987
00e12e8b_5583,11598.671772063091
00e12e8b_5584,11598.670176299831
00e12e8b_5585,11598.672338010638
00e12e8b_5586,11598.672320952292
00e12e8b_5587,11598.679558259753
00e12e8b_5588,11598.688801910701
00e12e8b_5589,11598.694523503884
00e12e8b_5590,11598.708664671101
00e12e8b_5591,11598.719445874387
00e12e8b_5592,11598.71944789086
00e12e8b_5593,11598.711918265411
00e12e8b_5594,11598.702788596402
00e12e8b_5595,11598.685704954656
00e12e8b_5596,11598.681051165033
00e12e8b_5597,11598.681208393884
00e12e8b_5598,11598.687994753334
00e12e8b_5599,11598.708883421912
00e12e8b_5600,11598.734112279797
00e12e8b_5601,11598.758605350391
00e12e8b_5602,11598.786435278686
00e12e8b_5603,11598.820028761676
00e12e8b_5604,11598.85131920277
00e12e8b_5605,11598.878497276977
00e12e8b_5606,11598.899525971769
00e12e8b_5607,11598.914612333714
00e12e8b_5608,11598.917142986144
00e12e8b_5609,11598.919263526048
00e12e8b_5610,11598.916835499525
00e12e8b_5611,11598.909082804154
00e12e8b_5612,11598.911683970518
00e12e8b_5613,11598.9102677208
00e12e8b_5614,11598.912019002562
00e12e8b_5615,11598.919040775807
00e12e8b_5616,11598.922603426268
00e12e8b_5617,11598.9207567377
00e12e8b_5618,11598.920896972075
00e12e8b_5619,11598.919419198737
00e12e8b_5620,11598.923837640454
00e12e8b_5621,11598.92603150824
00e12e8b_5622,11598.926174222861
00e12e8b_5623,11598.920512242214
00e12e8b_5624,11598.922610705253
00e12e8b_5625,11598.93367011712
00e12e8b_5626,11598.936012236647
00e12e8b_5627,11598.911507102495
00e12e8b_5628,11598.91435031175
00e12e8b_5629,11598.94498333211
00e12e8b_5630,11598.999569798512
00e12e8b_5631,11599.05526232805
00e12e8b_5632,11599.135855093184
00e12e8b_5633,11599.221778924693
00e12e8b_5634,11599.302804206412
00e12e8b_5635,11599.386868241734
00e12e8b_5636,11599.466299587684
00e12e8b_5637,11599.527917291396
00e12e8b_5638,11599.5726011067
00e12e8b_5639,11599.596345152722
00e12e8b_5640,11599.622552459125
00e12e8b_5641,11599.62719557794
00e12e8b_5642,11599.605444589457
00e12e8b_5643,11599.570908738053
00e12e8b_5644,11599.56588735588
00e12e8b_5645,11599.5645226962
00e12e8b_5646,11599.5629600581
00e12e8b_5647,11599.565480688649
00e12e8b_5648,11599.596204754454
00e12e8b_5649,11599.621852542141
00e12e8b_5650,11599.636976006486
00e12e8b_5651,11599.672724562268
00e12e8b_5652,11599.703105315357
00e12e8b_5653,11599.737752537392
00e12e8b_5654,11599.748110621918
00e12e8b_5655,11599.78043354976
00e12e8b_5656,11599.802845070873
00e12e8b_5657,11599.824828369035
00e12e8b_5658,11599.83652411371
00e12e8b_5659,11599.870574820061
00e12e8b_5660,11599.88050872473
00e12e8b_5661,11599.88562936814
00e12e8b_5662,11599.907471940925
00e12e8b_5663,11599.924001447169
00e12e8b_5664,11599.942907498285
00e12e8b_5665,11599.958034724092
00e12e8b_5666,11599.96321776169
00e12e8b_5667,11599.978685742828
00e12e8b_5668,11599.989671821339
00e12e8b_5669,11600.008541986983
00e12e8b_5670,11600.013973000256
00e12e8b_5671,11600.04180816674
00e12e8b_5672,11600.044146023238
00e12e8b_5673,11600.053965551655
00e12e8b_5674,11600.062101598793
00e12e8b_5675,11600.082919675522
00e12e8b_5676,11600.077856193391
00e12e8b_5677,11600.082750245021
00e12e8b_5678,11600.09404899747
00e12e8b_5679,11600.090446255865
00e12e8b_5680,11600.088109215738
00e12e8b_5681,11600.082098069017
00e12e8b_5682,11600.072103304223
00e12e8b_5683,11600.064875443379
00e12e8b_5684,11600.067784422134
00e12e8b_5685,11600.074633140037
00e12e8b_5686,11600.072247905191
00e12e8b_5687,11600.076349696403
00e12e8b_5688,11600.076789843792
00e12e8b_5689,11600.086397332383
00e12e8b_5690,11600.086181947665
00e12e8b_5691,11600.07022078952
00e12e8b_5692,11600.060014951081
00e12e8b_5693,11600.06096085556
00e12e8b_5694,11600.064788862548
00e12e8b_5695,11600.070561389071
00e12e8b_5696,11600.076050105105
00e12e8b_5697,11600.08373708846
00e12e8b_5698,11600.087244884742
00e12e8b_5699,11600.083120675514
00e12e8b_5700,11600.075835480207
00e12e8b_5701,11600.073195692366
00e12e8b_5702,11600.067311960343
00e12e8b_5703,11600.062125098555
00e12e8b_5704,11600.063044993356
00e12e8b_5705,11600.068133027942
00e12e8b_5706,11600.062859691343
00e12e8b_5707,11600.063491122359
00e12e8b_5708,11600.091355093655
00e12e8b_5709,11600.128588845291
00e12e8b_5710,11600.167503136994
00e12e8b_5711,11600.206743383447
00e12e8b_5712,11600.240573468976
00e12e8b_5713,11600.2669304023
00e12e8b_5714,11600.282129653955
00e12e8b_5715,11600.284332282843
00e12e8b_5716,11600.281424932951
00e12e8b_5717,11600.277278010226
00e12e8b_5718,11600.257725093443
00e12e8b_5719,11600.236997764998
00e12e8b_5720,11600.22074764757
00e12e8b_5721,11600.203945018377
00e12e8b_5722,11600.196543438255
00e12e8b_5723,11600.188926638983
00e12e8b_5724,11600.1924268544
00e12e8b_5725,11600.20219222763
00e12e8b_5726,11600.220885671091
00e12e8b_5727,11600.236851305888
00e12e8b_5728,11600.251307411272
00e12e8b_5729,11600.267449384808
00e12e8b_5730,11600.277727114866
00e12e8b_5731,11600.292414635414
00e12e8b_5732,11600.311292395325
00e12e8b_5733,11600.294000160628
00e12e8b_5734,11600.30179365611
00e12e8b_5735,11600.330831270878
00e12e8b_5736,11600.37246014826
00e12e8b_5737,11600.422408970142
00e12e8b_5738,11600.484785999779
00e12e8b_5739,11600.558615707036
00e12e8b_5740,11600.64815536963
00e12e8b_5741,11600.737791429421
00e12e8b_5742,11600.809500064932
00e12e8b_5743,11600.882788962235
00e12e8b_5744,11600.950618145755
00e12e8b_5745,11601.003190747817
00e12e8b_5746,11601.040799526172
00e12e8b_5747,11601.06854418968
00e12e8b_5748,11601.075442826803
00e12e8b_5749,11601.054273615793
00e12e8b_5750,11601.059971311863
00e12e8b_5751,11601.059323207059
00e12e8b_5752,11601.052401588326
00e12e8b_5753,11601.03423395069
00e12e8b_5754,11601.009318214454
00e12e8b_5755,11600.99029843949
00e12e8b_5756,11600.96763969878
00e12e8b_5757,11600.943273371033
00e12e8b_5758,11600.920914810958
00e12e8b_5759,11600.920685923176
00e12e8b_5760,11600.923904364245
00e12e8b_5761,11600.929105644647
00e12e8b_5762,11600.940211847708
00e12e8b_5763,11600.94685719848
00e12e8b_5764,11600.95489303419
00e12e8b_5765,11600.95716446678
00e12e8b_5766,11600.952989873107
00e12e8b_5767,11600.95060275981
00e12e8b_5768,11600.94062896409
00e12e8b_5769,11600.923221030487
00e12e8b_5770,11600.90119373848
00e12e8b_5771,11600.887244586253
00e12e8b_5772,11600.874657670689
00e12e8b_5773,11600.868452589775
00e12e8b_5774,11600.866867704863
00e12e8b_5775,11600.868094578913
00e12e8b_5776,11600.873781176993
00e12e8b_5777,11600.873057407813
00e12e8b_5778,11600.849250775796
00e12e8b_5779,11600.839257268699
00e12e8b_5780,11600.846205641867
00e12e8b_5781,11600.866073566207
00e12e8b_5782,11600.89540089167
00e12e8b_5783,11600.93304223918
00e12e8b_5784,11600.973610147017
00e12e8b_5785,11601.025892859057
00e12e8b_5786,11601.075362137652
00e12e8b_5787,11601.119183301711
00e12e8b_5788,11601.155247532399
00e12e8b_5789,11601.18146375563
00e12e8b_5790,11601.208955807791
00e12e8b_5791,11601.2262020778
00e12e8b_5792,11601.231189986482
00e12e8b_5793,11601.22225410548
00e12e8b_5794,11601.194611623845
00e12e8b_5795,11601.191788688953
00e12e8b_5796,11601.189629752727
00e12e8b_5797,11601.192664118073
00e12e8b_5798,11601.199651263314
00e12e8b_5799,11601.205888999257
00e12e8b_5800,11601.223501959172
00e12e8b_5801,11601.246223009162
00e12e8b_5802,11601.265764248665
00e12e8b_5803,11601.290277304965
00e12e8b_5804,11601.318929239025
00e12e8b_5805,11601.359085775013
00e12e8b_5806,11601.399118869242
00e12e8b_5807,11601.436316289755
00e12e8b_5808,11601.4687473241
00e12e8b_5809,11601.49941476266
00e12e8b_5810,11601.527093953307
00e12e8b_5811,11601.548630080108
00e12e8b_5812,11601.559581788671
00e12e8b_5813,11601.574195845664
00e12e8b_5814,11601.5876619372
00e12e8b_5815,11601.59713857226
00e12e8b_5816,11601.617364052554
00e12e8b_5817,11601.632526654132
00e12e8b_5818,11601.655258960402
00e12e8b_5819,11601.67787603487
00e12e8b_5820,11601.704783500512
00e12e8b_5821,11601.725112063103
00e12e8b_5822,11601.729795930138
00e12e8b_5823,11601.736140604893
00e12e8b_5824,11601.738101518438
00e12e8b_5825,11601.73979768493
00e12e8b_5826,11601.736419451716
00e12e8b_5827,11601.723229359159
00e12e8b_5828,11601.713078145254
00e12e8b_5829,11601.713000402528
00e12e8b_5830,11601.713703384923
00e12e8b_5831,11601.702843321182
00e12e8b_5832,11601.711607376648
00e12e8b_5833,11601.738010415445
00e12e8b_5834,11601.775245534336
00e12e8b_5835,11601.813452098731
00e12e8b_5836,11601.85738171659
00e12e8b_5837,11601.897800601113
00e12e8b_5838,11601.938790760905
00e12e8b_5839,11601.978883624628
00e12e8b_5840,11602.014594901728
00e12e8b_5841,11602.04870966197
00e12e8b_5842,11602.071382059203
00e12e8b_5843,11602.087380893288
00e12e8b_5844,11602.09932624007
00e12e8b_5845,11602.101223008634
00e12e8b_5846,11602.096402171836
00e12e8b_5847,11602.081383231372
00e12e8b_5848,11602.085793108516
00e12e8b_5849,11602.092621532707
00e12e8b_5850,11602.09550941779
00e12e8b_5851,11602.097755251316
00e12e8b_5852,11602.102318123161
00e12e8b_5853,11602.102293007385
00e12e8b_5854,11602.104945343865
00e12e8b_5855,11602.113724607703
00e12e8b_5856,11602.126604058067
00e12e8b_5857,11602.15324564172
00e12e8b_5858,11602.174653696311
00e12e8b_5859,11602.196076536522
00e12e8b_5860,11602.215466701193
00e12e8b_5861,11602.235239737449
00e12e8b_5862,11602.251268224203
00e12e8b_5863,11602.259449033992
00e12e8b_5864,11602.266587918984
00e12e8b_5865,11602.27016957641
00e12e8b_5866,11602.271818289284
00e12e8b_5867,11602.265992035504
00e12e8b_5868,11602.257901922876
00e12e8b_5869,11602.246977382358
00e12e8b_5870,11602.247477889501
00e12e8b_5871,11602.253585198143
00e12e8b_5872,11602.257417217354
00e12e8b_5873,11602.267376306827
00e12e8b_5874,11602.268033442697
00e12e8b_5875,11602.26602548239
00e12e8b_5876,11602.254855546938
00e12e8b_5877,11602.256096924602
00e12e8b_5878,11602.253677787185
00e12e8b_5879,11602.245519084941
00e12e8b_5880,11602.252901081762
00e12e8b_5881,11602.264237284024
00e12e8b_5882,11602.298685621265
00e12e8b_5883,11602.325032540452
00e12e8b_5884,11602.374518901892
00e12e8b_5885,11602.439808134404
00e12e8b_5886,11602.54378262914
00e12e8b_5887,11602.629361977863
00e12e8b_5888,11602.727179259991
00e12e8b_5889,11602.82120649013
00e12e8b_5890,11602.899110671184
00e12e8b_5891,11602.960183161184
00e12e8b_5892,11603.001444106778
00e12e8b_5893,11603.038520714235
00e12e8b_5894,11603.03930032599
00e12e8b_5895,11603.029277263218
00e12e8b_5896,11603.02426231942
00e12e8b_5897,11603.01039836564
00e12e8b_5898,11602.998364339193
00e12e8b_5899,11602.972785062942
00e12e8b_5900,11602.975866066345
00e12e8b_5901,11602.985243706984
00e12e8b_5902,11603.012862473424
00e12e8b_5903,11603.017531650274
00e12e8b_5904,11603.048514332564
00e12e8b_5905,11603.066171638327
00e12e8b_5906,11603.078900348211
00e12e8b_5907,11603.088899033908
00e12e8b_5908,11603.088956141748
00e12e8b_5909,11603.098445690744
00e12e8b_5910,11603.09961615482
00e12e8b_5911,11603.119153719981
00e12e8b_5912,11603.139969335863
00e12e8b_5913,11603.15586412568
00e12e8b_5914,11603.177686855908
00e12e8b_5915,11603.206876607655
00e12e8b_5916,11603.245272076392
00e12e8b_5917,11603.276476266756
00e12e8b_5918,11603.322647788751
00e12e8b_5919,11603.38452935049
00e12e8b_5920,11603.45695917843
00e12e8b_5921,11603.538815772376
00e12e8b_5922,11603.650954126002
00e12e8b_5923,11603.74419983798
00e12e8b_5924,11603.818288993836
00e12e8b_5925,11603.902991234327
00e12e8b_5926,11604.005417281154
00e12e8b_5927,11604.066420578463
00e12e8b_5928,11604.119186003854
00e12e8b_5929,11604.161547944786
00e12e8b_5930,11604.189167077204
00e12e8b_5931,11604.206717297055
00e12e8b_5932,11604.205474058319
00e12e8b_5933,11604.201456111354
00e12e8b_5934,11604.209192936612
00e12e8b_5935,11604.22991024605
00e12e8b_5936,11604.248323800615
00e12e8b_5937,11604.285802942552
00e12e8b_5938,11604.33715676596
00e12e8b_5939,11604.359149053329
00e12e8b_5940,11604.395830088451
00e12e8b_5941,11604.462874317149
00e12e8b_5942,11604.527195605477
00e12e8b_5943,11604.552578296816
00e12e8b_5944,11604.613515973515
00e12e8b_5945,11604.670133909329
00e12e8b_5946,11604.720562256593
00e12e8b_5947,11604.748543360536
00e12e8b_5948,11604.764709687268
00e12e8b_5949,11604.79587215898
00e12e8b_5950,11604.800423559254
00e12e8b_5951,11604.802605477893
00e12e8b_5952,11604.798233475945
00e12e8b_5953,11604.794930762539
00e12e8b_5954,11604.794977867336
00e12e8b_5955,11604.820452345764
00e12e8b_5956,11604.846461714105
00e12e8b_5957,11604.837708855046
00e12e8b_5958,11604.796309894933
00e12e8b_5959,11604.73053777716
00e12e8b_5960,11604.666884860226
00e12e8b_5961,11604.604700975948
00e12e8b_5962,11604.556103419714
00e12e8b_5963,11604.522334893507
00e12e8b_5964,11604.528234849608
00e12e8b_5965,11604.56224590088
00e12e8b_5966,11604.604771208928
00e12e8b_5967,11604.684363339376
00e12e8b_5968,11604.772546362454
00e12e8b_5969,11604.874390784917
00e12e8b_5970,11604.9926458405
00e12e8b_5971,11605.12285913325
00e12e8b_5972,11605.209809004607
00e12e8b_5973,11605.278153557896
00e12e8b_5974,11605.301342185061
00e12e8b_5975,11605.302740096957
00e12e8b_5976,11605.297891952112
00e12e8b_5977,11605.280068187963
00e12e8b_5978,11605.246858654546
00e12e8b_5979,11605.228059013734
00e12e8b_5980,11605.20442295554
00e12e8b_5981,11605.20678539551
00e12e8b_5982,11605.213708862628
00e12e8b_5983,11605.240291499753
00e12e8b_5984,11605.28996681819
00e12e8b_5985,11605.35095773942
00e12e8b_5986,11605.382345504822
00e12e8b_5987,11605.408164235989
00e12e8b_5988,11605.409890060746
00e12e8b_5989,11605.428137645615
00e12e8b_5990,11605.389763601715
00e12e8b_5991,11605.346948996574
00e12e8b_5992,11605.281247555278
00e12e8b_5993,11605.201108066283
00e12e8b_5994,11605.127021747849
00e12e8b_5995,11605.075052483136
00e12e8b_5996,11605.02075599035
00e12e8b_5997,11605.002307688092
00e12e8b_5998,11604.975057268146
00e12e8b_5999,11604.954855422991
00e12e8b_6000,11604.957805521517
00e12e8b_6001,11604.928779335587
00e12e8b_6002,11604.910663744988
00e12e8b_6003,11604.918076839487
00e12e8b_6004,11604.939675147425
00e12e8b_6005,11604.996278542903
00e12e8b_6006,11605.051186140989
00e12e8b_6007,11605.134370373178
00e12e8b_6008,11605.240610940182
00e12e8b_6009,11605.362315363982
00e12e8b_6010,11605.486918227058
00e12e8b_6011,11605.598575992975
00e12e8b_6012,11605.696670872918
00e12e8b_6013,11605.766785206695
00e12e8b_6014,11605.794872376253
00e12e8b_6015,11605.790831819755
00e12e8b_6016,11605.784873272798
00e12e8b_6017,11605.768991361636
00e12e8b_6018,11605.775690477842
00e12e8b_6019,11605.780520385046
00e12e8b_6020,11605.798338187056
00e12e8b_6021,11605.824815490994
00e12e8b_6022,11605.833234321386
00e12e8b_6023,11605.84121030362
00e12e8b_6024,11605.832630185634
00e12e8b_6025,11605.826535733877
00e12e8b_6026,11605.805066762074
00e12e8b_6027,11605.77384497273
00e12e8b_6028,11605.750986361947
00e12e8b_6029,11605.708932273421
00e12e8b_6030,11605.665986244194
00e12e8b_6031,11605.630338431252
00e12e8b_6032,11605.608602543127
00e12e8b_6033,11605.599524390644
00e12e8b_6034,11605.595638540452
00e12e8b_6035,11605.620772314058
00e12e8b_6036,11605.639793701335
00e12e8b_6037,11605.637848724857
00e12e8b_6038,11605.611332170967
00e12e8b_6039,11605.581780316566
00e12e8b_6040,11605.54188325776
00e12e8b_6041,11605.491371217044
00e12e8b_6042,11605.432640518067
00e12e8b_6043,11605.371077244201
00e12e8b_6044,11605.311506169379
00e12e8b_6045,11605.250386793945
00e12e8b_6046,11605.222268513618
00e12e8b_6047,11605.223684423407
00e12e8b_6048,11605.209263775776
00e12e8b_6049,11605.220332731287
00e12e8b_6050,11605.255409067762
00e12e8b_6051,11605.32574082855
00e12e8b_6052,11605.371191251277
00e12e8b_6053,11605.3956037351
00e12e8b_6054,11605.410780172613
00e12e8b_6055,11605.404187854747
00e12e8b_6056,11605.387319516947
00e12e8b_6057,11605.343735603346
00e12e8b_6058,11605.299164298665
00e12e8b_6059,11605.24775270344
00e12e8b_6060,11605.187351235905
00e12e8b_6061,11605.14489856659
00e12e8b_6062,11605.092738412259
00e12e8b_6063,11605.049064647663
00e12e8b_6064,11604.99069195339
00e12e8b_6065,11604.99030069656
00e12e8b_6066,11605.021168703319
00e12e8b_6067,11605.06475231421
00e12e8b_6068,11605.104204362233
00e12e8b_6069,11605.141904595173
00e12e8b_6070,11605.179311575228
00e12e8b_6071,11605.214352172927
00e12e8b_6072,11605.24818492868
00e12e8b_6073,11605.275898165115
00e12e8b_6074,11605.30752239306
00e12e8b_6075,11605.322899449713
00e12e8b_6076,11605.313468822418
00e12e8b_6077,11605.280865910336
00e12e8b_6078,11605.225633112566
00e12e8b_6079,11605.18312097522
00e12e8b_6080,11605.114083156326
00e12e8b_6081,11605.080422129306
00e12e8b_6082,11605.038715221162
00e12e8b_6083,11604.991148966492
00e12e8b_6084,11604.96665318625
00e12e8b_6085,11604.936558886606
00e12e8b_6086,11604.909224251136
00e12e8b_6087,11604.896405762562
00e12e8b_6088,11604.872063286793
00e12e8b_6089,11604.836786702701
00e12e8b_6090,11604.805257048729
00e12e8b_6091,11604.757336848832
00e12e8b_6092,11604.7011308052
00e12e8b_6093,11604.639859127676
00e12e8b_6094,11604.585222640131
00e12e8b_6095,11604.530858248529
00e12e8b_6096,11604.47608904493
00e12e8b_6097,11604.44900162564
00e12e8b_6098,11604.415157841915
00e12e8b_6099,11604.39046631702
00e12e8b_6100,11604.380178259575
00e12e8b_6101,11604.36730413579
00e12e8b_6102,11604.360197359963
00e12e8b_6103,11604.356702334106
00e12e8b_6104,11604.342062914133
00e12e8b_6105,11604.337579742849
00e12e8b_6106,11604.3310448991
00e12e8b_6107,11604.312019756906
00e12e8b_6108,11604.285205270242
00e12e8b_6109,11604.24906413422
00e12e8b_6110,11604.21980076545
00e12e8b_6111,11604.201587018317
00e12e8b_6112,11604.189133405844
00e12e8b_6113,11604.172003181298
00e12e8b_6114,11604.131667126952
00e12e8b_6115,11604.056887181217
00e12e8b_6116,11603.971387559382
00e12e8b_6117,11603.87234523402
00e12e8b_6118,11603.771903966472
00e12e8b_6119,11603.663390200252
00e12e8b_6120,11603.554509284513
00e12e8b_6121,11603.445675623396
00e12e8b_6122,11603.319550087688
00e12e8b_6123,11603.202166492003
00e12e8b_6124,11603.104529249857
00e12e8b_6125,11603.025316902264
00e12e8b_6126,11602.975205060658
00e12e8b_6127,11602.959955730907
00e12e8b_6128,11602.970631815992
00e12e8b_6129,11602.98617481957
00e12e8b_6130,11603.010597541326
00e12e8b_6131,11603.033453185402
00e12e8b_6132,11603.06104754469
00e12e8b_6133,11603.082686369848
00e12e8b_6134,11603.101483371855
00e12e8b_6135,11603.108334658216
00e12e8b_6136,11603.107398369544
00e12e8b_6137,11603.100075943246
00e12e8b_6138,11603.085407197406
00e12e8b_6139,11603.073422600532
00e12e8b_6140,11603.062498539379
00e12e8b_6141,11603.047807746056
00e12e8b_6142,11603.038771273517
00e12e8b_6143,11603.039451658165
00e12e8b_6144,11603.046272778785
00e12e8b_6145,11603.059416494243
00e12e8b_6146,11603.078238111044
00e12e8b_6147,11603.091701217676
00e12e8b_6148,11603.093694310024
00e12e8b_6149,11603.098728769863
00e12e8b_6150,11603.103702228886
00e12e8b_6151,11603.107447639237
00e12e8b_6152,11603.115769715801
00e12e8b_6153,11603.12362703325
00e12e8b_6154,11603.130610900182
00e12e8b_6155,11603.133235129008
00e12e8b_6156,11603.131246051187
00e12e8b_6157,11603.131304494651
00e12e8b_6158,11603.138246223576
00e12e8b_6159,11603.132162054535
00e12e8b_6160,11603.126266059367
00e12e8b_6161,11603.148536146999
00e12e8b_6162,11603.161228349261
00e12e8b_6163,11603.17320363822
00e12e8b_6164,11603.183671823692
00e12e8b_6165,11603.202885036279
00e12e8b_6166,11603.226057568187
00e12e8b_6167,11603.251799344936
00e12e8b_6168,11603.266571319498
00e12e8b_6169,11603.249140332025
00e12e8b_6170,11603.205305278812
00e12e8b_6171,11603.146854285276
00e12e8b_6172,11603.078033380161
00e12e8b_6173,11602.997094375267
00e12e8b_6174,11602.91547357783
00e12e8b_6175,11602.833216469746
00e12e8b_6176,11602.768884107172
00e12e8b_6177,11602.73166542444
00e12e8b_6178,11602.676450732537
00e12e8b_6179,11602.636934042916
00e12e8b_6180,11602.615132064844
00e12e8b_6181,11602.614156947711
00e12e8b_6182,11602.621021519493
00e12e8b_6183,11602.603463529911
00e12e8b_6184,11602.53671820005
00e12e8b_6185,11602.459743692796
00e12e8b_6186,11602.376846633064
00e12e8b_6187,11602.29762117491
00e12e8b_6188,11602.219345886813
00e12e8b_6189,11602.144029809357
00e12e8b_6190,11602.094385233317
00e12e8b_6191,11602.058079051467
00e12e8b_6192,11602.030777331822
00e12e8b_6193,11602.02450683673
00e12e8b_6194,11602.032051035509
00e12e8b_6195,11602.059032601988
00e12e8b_6196,11602.095507618395
00e12e8b_6197,11602.135301834582
00e12e8b_6198,11602.163865667508
00e12e8b_6199,11602.166993553143
00e12e8b_6200,11602.156274151559
00e12e8b_6201,11602.17078583908
00e12e8b_6202,11602.178439305464
00e12e8b_6203,11602.187291076589
00e12e8b_6204,11602.179700401852
00e12e8b_6205,11602.155168850568
00e12e8b_6206,11602.12311028248
00e12e8b_6207,11602.05467653548
00e12e8b_6208,11602.018107345286
00e12e8b_6209,11601.976570555336
00e12e8b_6210,11601.927124406779
00e12e8b_6211,11601.87011756922
00e12e8b_6212,11601.815140449353
00e12e8b_6213,11601.760746780337
00e12e8b_6214,11601.708901029615
00e12e8b_6215,11601.661878122733
00e12e8b_6216,11601.60550817207
00e12e8b_6217,11601.595958279819
00e12e8b_6218,11601.582953876787
00e12e8b_6219,11601.572296464154
00e12e8b_6220,11601.550314774588
00e12e8b_6221,11601.525140639007
00e12e8b_6222,11601.485215469902
00e12e8b_6223,11601.480125842698
00e12e8b_6224,11601.506457160564
00e12e8b_6225,11601.504707521974
00e12e8b_6226,11601.482036523066
00e12e8b_6227,11601.492856444247
00e12e8b_6228,11601.49552319843
00e12e8b_6229,11601.487837722607
00e12e8b_6230,11601.45078222768
00e12e8b_6231,11601.44262876018
00e12e8b_6232,11601.429702053556
00e12e8b_6233,11601.43053279362
00e12e8b_6234,11601.449344478122
00e12e8b_6235,11601.465981530766
00e12e8b_6236,11601.466512753224
00e12e8b_6237,11601.48003857885
00e12e8b_6238,11601.480749975932
00e12e8b_6239,11601.478718521426
00e12e8b_6240,11601.472330159455
00e12e8b_6241,11601.438079190564
00e12e8b_6242,11601.4166679048
00e12e8b_6243,11601.414802946609
00e12e8b_6244,11601.361286080508
00e12e8b_6245,11601.332477945823
00e12e8b_6246,11601.279959291487
00e12e8b_6247,11601.293015225661
00e12e8b_6248,11601.267644216108
00e12e8b_6249,11601.295104726516
00e12e8b_6250,11601.326098196963
00e12e8b_6251,11601.345223928503
00e12e8b_6252,11601.331310015097
00e12e8b_6253,11601.34749210685
00e12e8b_6254,11601.309693208254
00e12e8b_6255,11601.262483717885
00e12e8b_6256,11601.263363252692
00e12e8b_6257,11601.2054211286
00e12e8b_6258,11601.196812122043
00e12e8b_6259,11601.143101037413
00e12e8b_6260,11601.089261477448
00e12e8b_6261,11601.08747085377
00e12e8b_6262,11601.044964061182
00e12e8b_6263,11601.055566430847
00e12e8b_6264,11601.026434981424
00e12e8b_6265,11601.042644527182
00e12e8b_6266,11601.030723546159
00e12e8b_6267,11601.02203654255
00e12e8b_6268,11601.01508273465
00e12e8b_6269,11601.032977254788
00e12e8b_6270,11601.030753217692
00e12e8b_6271,11601.009931203604
00e12e8b_6272,11600.984635566923
00e12e8b_6273,11600.931069411072
00e12e8b_6274,11600.917756546394
00e12e8b_6275,11600.84265813968
00e12e8b_6276,11600.795513897485
00e12e8b_6277,11600.737463024663
00e12e8b_6278,11600.67196736907
00e12e8b_6279,11600.618755988675
00e12e8b_6280,11600.544077594925
00e12e8b_6281,11600.49361741408
00e12e8b_6282,11600.435360783205
00e12e8b_6283,11600.37035231759
00e12e8b_6284,11600.325698978562
00e12e8b_6285,11600.26998645685
00e12e8b_6286,11600.17085195339
00e12e8b_6287,11600.044347908462
00e12e8b_6288,11599.929688694281
00e12e8b_6289,11599.828037853886
00e12e8b_6290,11599.718600539201
00e12e8b_6291,11599.589056743673
00e12e8b_6292,11599.507726094665
00e12e8b_6293,11599.416593403183
00e12e8b_6294,11599.3556447178
00e12e8b_6295,11599.300704691062
00e12e8b_6296,11599.258335681077
00e12e8b_6297,11599.206212470246
00e12e8b_6298,11599.163510936507
00e12e8b_6299,11599.131723973613
00e12e8b_6300,11599.095320698141
00e12e8b_6301,11599.07582677548
00e12e8b_6302,11599.020789209231
00e12e8b_6303,11598.98299898962
00e12e8b_6304,11598.93036664614
00e12e8b_6305,11598.871329225549
00e12e8b_6306,11598.79966743634
00e12e8b_6307,11598.753715332692
00e12e8b_6308,11598.701090210374
00e12e8b_6309,11598.64346569933
00e12e8b_6310,11598.581547466227
00e12e8b_6311,11598.540358755294
00e12e8b_6312,11598.488183313848
00e12e8b_6313,11598.434225919742
00e12e8b_6314,11598.427961992149
00e12e8b_6315,11598.401941528544
00e12e8b_6316,11598.382112322548
00e12e8b_6317,11598.356065955402
00e12e8b_6318,11598.314035767853
00e12e8b_6319,11598.258458958211
00e12e8b_6320,11598.186278641511
00e12e8b_6321,11598.1313205625
00e12e8b_6322,11598.080936920722
00e12e8b_6323,11598.038388121357
00e12e8b_6324,11597.998553958643
00e12e8b_6325,11597.960878524284
00e12e8b_6326,11597.925640295141
00e12e8b_6327,11597.899683791991
00e12e8b_6328,11597.865079266769
00e12e8b_6329,11597.839081564198
00e12e8b_6330,11597.827891181925
00e12e8b_6331,11597.788118202556
00e12e8b_6332,11597.752595966735
00e12e8b_6333,11597.708481982212
00e12e8b_6334,11597.668164923834
00e12e8b_6335,11597.614034115084
00e12e8b_6336,11597.575654816303
00e12e8b_6337,11597.5593126564
00e12e8b_6338,11597.541518098344
00e12e8b_6339,11597.531788518683
00e12e8b_6340,11597.545313539456
00e12e8b_6341,11597.550816423132
00e12e8b_6342,11597.5682971799
00e12e8b_6343,11597.569234264907
00e12e8b_6344,11597.576194080144
00e12e8b_6345,11597.591187902584
00e12e8b_6346,11597.607368916417
00e12e8b_6347,11597.62762030557
00e12e8b_6348,11597.646087051882
00e12e8b_6349,11597.663695526435
00e12e8b_6350,11597.668107893593
00e12e8b_6351,11597.675436017435
00e12e8b_6352,11597.672233156909
00e12e8b_6353,11597.66789816547
00e12e8b_6354,11597.657012472222
00e12e8b_6355,11597.64868099726
00e12e8b_6356,11597.651191791834
00e12e8b_6357,11597.655403770392
00e12e8b_6358,11597.651843964555
00e12e8b_6359,11597.639458609856
00e12e8b_6360,11597.640919449359
00e12e8b_6361,11597.644114116263
00e12e8b_6362,11597.644718515325
00e12e8b_6363,11597.640419310916
00e12e8b_6364,11597.629421086174
00e12e8b_6365,11597.612810159386
00e12e8b_6366,11597.593378818261
00e12e8b_6367,11597.569436052401
00e12e8b_6368,11597.53887474889
00e12e8b_6369,11597.510800744709
00e12e8b_6370,11597.480817389995
00e12e8b_6371,11597.458547428903
00e12e8b_6372,11597.442535185612
00e12e8b_6373,11597.420732969005
00e12e8b_6374,11597.402853464871
00e12e8b_6375,11597.389987956842
00e12e8b_6376,11597.386937750194
00e12e8b_6377,11597.387811985436
00e12e8b_6378,11597.392206924767
00e12e8b_6379,11597.399718830384
00e12e8b_6380,11597.409943964483
00e12e8b_6381,11597.422478589258
00e12e8b_6382,11597.43691896691
00e12e8b_6383,11597.452861359634
