id,tvt
000d7d20_1442,11747.37
000d7d20_1443,11747.37
000d7d20_1444,11747.37
000d7d20_1445,11747.36
000d7d20_1446,11747.36
000d7d20_1447,11747.36
000d7d20_1448,11747.36
000d7d20_1449,11747.36
000d7d20_1450,11747.36
000d7d20_1451,11747.36
000d7d20_1452,11747.36
000d7d20_1453,11747.36
000d7d20_1454,11747.35
000d7d20_1455,11747.35
000d7d20_1456,11747.35
000d7d20_1457,11747.35
000d7d20_1458,11747.35
000d7d20_1459,11747.34
000d7d20_1460,11747.34
000d7d20_1461,11747.34
000d7d20_1462,11747.34
000d7d20_1463,11747.34
000d7d20_1464,11747.34
000d7d20_1465,11747.35
000d7d20_1466,11747.35
000d7d20_1467,11747.36
000d7d20_1468,11747.37
000d7d20_1469,11747.38
000d7d20_1470,11747.4
000d7d20_1471,11747.41
000d7d20_1472,11747.42
000d7d20_1473,11747.44
000d7d20_1474,11747.45
000d7d20_1475,11747.45
000d7d20_1476,11747.46
000d7d20_1477,11747.47
000d7d20_1478,11747.47
000d7d20_1479,11747.47
000d7d20_1480,11747.48
000d7d20_1481,11747.48
000d7d20_1482,11747.49
000d7d20_1483,11747.5
000d7d20_1484,11747.51
000d7d20_1485,11747.52
000d7d20_1486,11747.54
000d7d20_1487,11747.55
000d7d20_1488,11747.57
000d7d20_1489,11747.58
000d7d20_1490,11747.59
000d7d20_1491,11747.6
000d7d20_1492,11747.61
000d7d20_1493,11747.62
000d7d20_1494,11747.62
000d7d20_1495,11747.63
000d7d20_1496,11747.63
000d7d20_1497,11747.64
000d7d20_1498,11747.65
000d7d20_1499,11747.65
000d7d20_1500,11747.66
000d7d20_1501,11747.66
000d7d20_1502,11747.67
000d7d20_1503,11747.68
000d7d20_1504,11747.69
000d7d20_1505,11747.7
000d7d20_1506,11747.7
000d7d20_1507,11747.71
000d7d20_1508,11747.72
000d7d20_1509,11747.73
000d7d20_1510,11747.73
000d7d20_1511,11747.74
000d7d20_1512,11747.74
000d7d20_1513,11747.74
000d7d20_1514,11747.74
000d7d20_1515,11747.75
000d7d20_1516,11747.76
000d7d20_1517,11747.78
000d7d20_1518,11747.8
000d7d20_1519,11747.82
000d7d20_1520,11747.85
000d7d20_1521,11747.88
000d7d20_1522,11747.91
000d7d20_1523,11747.95
000d7d20_1524,11747.98
000d7d20_1525,11748.0
000d7d20_1526,11748.02
000d7d20_1527,11748.02
000d7d20_1528,11748.02
000d7d20_1529,11748.02
000d7d20_1530,11748.01
000d7d20_1531,11748.01
000d7d20_1532,11748.0
000d7d20_1533,11748.01
000d7d20_1534,11748.0
000d7d20_1535,11748.0
000d7d20_1536,11748.0
000d7d20_1537,11747.98
000d7d20_1538,11747.97
000d7d20_1539,11747.95
000d7d20_1540,11747.92
000d7d20_1541,11747.89
000d7d20_1542,11747.85
000d7d20_1543,11747.81
000d7d20_1544,11747.77
000d7d20_1545,11747.73
000d7d20_1546,11747.71
000d7d20_1547,11747.69
000d7d20_1548,11747.7
000d7d20_1549,11747.72
000d7d20_1550,11747.74
000d7d20_1551,11747.77
000d7d20_1552,11747.8
000d7d20_1553,11747.81
000d7d20_1554,11747.83
000d7d20_1555,11747.86
000d7d20_1556,11747.88
000d7d20_1557,11747.9
000d7d20_1558,11747.93
000d7d20_1559,11747.95
000d7d20_1560,11747.99
000d7d20_1561,11748.02
000d7d20_1562,11748.05
000d7d20_1563,11748.09
000d7d20_1564,11748.13
000d7d20_1565,11748.17
000d7d20_1566,11748.2
000d7d20_1567,11748.23
000d7d20_1568,11748.24
000d7d20_1569,11748.26
000d7d20_1570,11748.28
000d7d20_1571,11748.3
000d7d20_1572,11748.31
000d7d20_1573,11748.32
000d7d20_1574,11748.34
000d7d20_1575,11748.34
000d7d20_1576,11748.36
000d7d20_1577,11748.37
000d7d20_1578,11748.37
000d7d20_1579,11748.39
000d7d20_1580,11748.39
000d7d20_1581,11748.4
000d7d20_1582,11748.41
000d7d20_1583,11748.41
000d7d20_1584,11748.41
000d7d20_1585,11748.42
000d7d20_1586,11748.41
000d7d20_1587,11748.41
000d7d20_1588,11748.42
000d7d20_1589,11748.43
000d7d20_1590,11748.43
000d7d20_1591,11748.45
000d7d20_1592,11748.46
000d7d20_1593,11748.47
000d7d20_1594,11748.49
000d7d20_1595,11748.5
000d7d20_1596,11748.51
000d7d20_1597,11748.52
000d7d20_1598,11748.52
000d7d20_1599,11748.51
000d7d20_1600,11748.52
000d7d20_1601,11748.53
000d7d20_1602,11748.54
000d7d20_1603,11748.56
000d7d20_1604,11748.58
000d7d20_1605,11748.61
000d7d20_1606,11748.64
000d7d20_1607,11748.67
000d7d20_1608,11748.69
000d7d20_1609,11748.72
000d7d20_1610,11748.75
000d7d20_1611,11748.75
000d7d20_1612,11748.76
000d7d20_1613,11748.77
000d7d20_1614,11748.75
000d7d20_1615,11748.75
000d7d20_1616,11748.75
000d7d20_1617,11748.73
000d7d20_1618,11748.72
000d7d20_1619,11748.7
000d7d20_1620,11748.69
000d7d20_1621,11748.7
000d7d20_1622,11748.68
000d7d20_1623,11748.69
000d7d20_1624,11748.68
000d7d20_1625,11748.67
000d7d20_1626,11748.67
000d7d20_1627,11748.65
000d7d20_1628,11748.65
000d7d20_1629,11748.64
000d7d20_1630,11748.64
000d7d20_1631,11748.62
000d7d20_1632,11748.6
000d7d20_1633,11748.58
000d7d20_1634,11748.56
000d7d20_1635,11748.54
000d7d20_1636,11748.53
000d7d20_1637,11748.52
000d7d20_1638,11748.51
000d7d20_1639,11748.49
000d7d20_1640,11748.45
000d7d20_1641,11748.4
000d7d20_1642,11748.36
000d7d20_1643,11748.31
000d7d20_1644,11748.28
000d7d20_1645,11748.25
000d7d20_1646,11748.22
000d7d20_1647,11748.19
000d7d20_1648,11748.16
000d7d20_1649,11748.16
000d7d20_1650,11748.15
000d7d20_1651,11748.16
000d7d20_1652,11748.17
000d7d20_1653,11748.18
000d7d20_1654,11748.18
000d7d20_1655,11748.17
000d7d20_1656,11748.18
000d7d20_1657,11748.18
000d7d20_1658,11748.18
000d7d20_1659,11748.18
000d7d20_1660,11748.19
000d7d20_1661,11748.18
000d7d20_1662,11748.18
000d7d20_1663,11748.19
000d7d20_1664,11748.19
000d7d20_1665,11748.19
000d7d20_1666,11748.18
000d7d20_1667,11748.17
000d7d20_1668,11748.16
000d7d20_1669,11748.14
000d7d20_1670,11748.13
000d7d20_1671,11748.11
000d7d20_1672,11748.11
000d7d20_1673,11748.09
000d7d20_1674,11748.09
000d7d20_1675,11748.08
000d7d20_1676,11748.08
000d7d20_1677,11748.07
000d7d20_1678,11748.09
000d7d20_1679,11748.09
000d7d20_1680,11748.1
000d7d20_1681,11748.1
000d7d20_1682,11748.1
000d7d20_1683,11748.08
000d7d20_1684,11748.07
000d7d20_1685,11748.05
000d7d20_1686,11748.04
000d7d20_1687,11748.03
000d7d20_1688,11748.02
000d7d20_1689,11748.02
000d7d20_1690,11748.03
000d7d20_1691,11748.05
000d7d20_1692,11748.07
000d7d20_1693,11748.09
000d7d20_1694,11748.13
000d7d20_1695,11748.17
000d7d20_1696,11748.2
000d7d20_1697,11748.22
000d7d20_1698,11748.24
000d7d20_1699,11748.25
000d7d20_1700,11748.25
000d7d20_1701,11748.24
000d7d20_1702,11748.25
000d7d20_1703,11748.25
000d7d20_1704,11748.23
000d7d20_1705,11748.22
000d7d20_1706,11748.2
000d7d20_1707,11748.18
000d7d20_1708,11748.15
000d7d20_1709,11748.13
000d7d20_1710,11748.1
000d7d20_1711,11748.08
000d7d20_1712,11748.07
000d7d20_1713,11748.05
000d7d20_1714,11748.04
000d7d20_1715,11748.03
000d7d20_1716,11748.02
000d7d20_1717,11748.02
000d7d20_1718,11748.02
000d7d20_1719,11748.02
000d7d20_1720,11748.01
000d7d20_1721,11748.0
000d7d20_1722,11747.99
000d7d20_1723,11747.98
000d7d20_1724,11747.97
000d7d20_1725,11747.97
000d7d20_1726,11747.96
000d7d20_1727,11747.95
000d7d20_1728,11747.94
000d7d20_1729,11747.93
000d7d20_1730,11747.92
000d7d20_1731,11747.91
000d7d20_1732,11747.91
000d7d20_1733,11747.91
000d7d20_1734,11747.91
000d7d20_1735,11747.91
000d7d20_1736,11747.93
000d7d20_1737,11747.94
000d7d20_1738,11747.96
000d7d20_1739,11747.98
000d7d20_1740,11748.0
000d7d20_1741,11748.02
000d7d20_1742,11748.03
000d7d20_1743,11748.03
000d7d20_1744,11748.03
000d7d20_1745,11748.02
000d7d20_1746,11748.01
000d7d20_1747,11747.99
000d7d20_1748,11747.97
000d7d20_1749,11747.96
000d7d20_1750,11747.95
000d7d20_1751,11747.93
000d7d20_1752,11747.92
000d7d20_1753,11747.92
000d7d20_1754,11747.92
000d7d20_1755,11747.93
000d7d20_1756,11747.94
000d7d20_1757,11747.96
000d7d20_1758,11747.98
000d7d20_1759,11748.0
000d7d20_1760,11748.01
000d7d20_1761,11748.01
000d7d20_1762,11748.01
000d7d20_1763,11748.0
000d7d20_1764,11748.0
000d7d20_1765,11747.99
000d7d20_1766,11747.99
000d7d20_1767,11747.98
000d7d20_1768,11747.98
000d7d20_1769,11747.98
000d7d20_1770,11747.99
000d7d20_1771,11748.0
000d7d20_1772,11748.0
000d7d20_1773,11748.01
000d7d20_1774,11748.03
000d7d20_1775,11748.06
000d7d20_1776,11748.09
000d7d20_1777,11748.11
000d7d20_1778,11748.14
000d7d20_1779,11748.16
000d7d20_1780,11748.18
000d7d20_1781,11748.2
000d7d20_1782,11748.22
000d7d20_1783,11748.23
000d7d20_1784,11748.24
000d7d20_1785,11748.24
000d7d20_1786,11748.24
000d7d20_1787,11748.23
000d7d20_1788,11748.2
000d7d20_1789,11748.2
000d7d20_1790,11748.2
000d7d20_1791,11748.2
000d7d20_1792,11748.23
000d7d20_1793,11748.26
000d7d20_1794,11748.26
000d7d20_1795,11748.22
000d7d20_1796,11748.15
000d7d20_1797,11748.06
000d7d20_1798,11747.96
000d7d20_1799,11747.86
000d7d20_1800,11747.76
000d7d20_1801,11747.66
000d7d20_1802,11747.57
000d7d20_1803,11747.49
000d7d20_1804,11747.42
000d7d20_1805,11747.36
000d7d20_1806,11747.32
000d7d20_1807,11747.32
000d7d20_1808,11747.36
000d7d20_1809,11747.37
000d7d20_1810,11747.35
000d7d20_1811,11747.34
000d7d20_1812,11747.32
000d7d20_1813,11747.29
000d7d20_1814,11747.27
000d7d20_1815,11747.25
000d7d20_1816,11747.24
000d7d20_1817,11747.22
000d7d20_1818,11747.2
000d7d20_1819,11747.2
000d7d20_1820,11747.2
000d7d20_1821,11747.19
000d7d20_1822,11747.2
000d7d20_1823,11747.21
000d7d20_1824,11747.21
000d7d20_1825,11747.21
000d7d20_1826,11747.23
000d7d20_1827,11747.26
000d7d20_1828,11747.27
000d7d20_1829,11747.28
000d7d20_1830,11747.29
000d7d20_1831,11747.28
000d7d20_1832,11747.28
000d7d20_1833,11747.27
000d7d20_1834,11747.25
000d7d20_1835,11747.26
000d7d20_1836,11747.25
000d7d20_1837,11747.24
000d7d20_1838,11747.22
000d7d20_1839,11747.2
000d7d20_1840,11747.18
000d7d20_1841,11747.17
000d7d20_1842,11747.17
000d7d20_1843,11747.17
000d7d20_1844,11747.17
000d7d20_1845,11747.18
000d7d20_1846,11747.17
000d7d20_1847,11747.17
000d7d20_1848,11747.17
000d7d20_1849,11747.16
000d7d20_1850,11747.17
000d7d20_1851,11747.17
000d7d20_1852,11747.18
000d7d20_1853,11747.19
000d7d20_1854,11747.2
000d7d20_1855,11747.21
000d7d20_1856,11747.22
000d7d20_1857,11747.24
000d7d20_1858,11747.25
000d7d20_1859,11747.25
000d7d20_1860,11747.25
000d7d20_1861,11747.25
000d7d20_1862,11747.24
000d7d20_1863,11747.24
000d7d20_1864,11747.24
000d7d20_1865,11747.25
000d7d20_1866,11747.26
000d7d20_1867,11747.28
000d7d20_1868,11747.3
000d7d20_1869,11747.32
000d7d20_1870,11747.34
000d7d20_1871,11747.37
000d7d20_1872,11747.38
000d7d20_1873,11747.4
000d7d20_1874,11747.4
000d7d20_1875,11747.4
000d7d20_1876,11747.4
000d7d20_1877,11747.4
000d7d20_1878,11747.39
000d7d20_1879,11747.39
000d7d20_1880,11747.39
000d7d20_1881,11747.39
000d7d20_1882,11747.4
000d7d20_1883,11747.39
000d7d20_1884,11747.39
000d7d20_1885,11747.38
000d7d20_1886,11747.37
000d7d20_1887,11747.37
000d7d20_1888,11747.36
000d7d20_1889,11747.36
000d7d20_1890,11747.35
000d7d20_1891,11747.34
000d7d20_1892,11747.33
000d7d20_1893,11747.31
000d7d20_1894,11747.3
000d7d20_1895,11747.29
000d7d20_1896,11747.28
000d7d20_1897,11747.28
000d7d20_1898,11747.27
000d7d20_1899,11747.25
000d7d20_1900,11747.23
000d7d20_1901,11747.22
000d7d20_1902,11747.23
000d7d20_1903,11747.24
000d7d20_1904,11747.25
000d7d20_1905,11747.29
000d7d20_1906,11747.32
000d7d20_1907,11747.36
000d7d20_1908,11747.4
000d7d20_1909,11747.42
000d7d20_1910,11747.47
000d7d20_1911,11747.51
000d7d20_1912,11747.56
000d7d20_1913,11747.64
000d7d20_1914,11747.69
000d7d20_1915,11747.73
000d7d20_1916,11747.77
000d7d20_1917,11747.8
000d7d20_1918,11747.81
000d7d20_1919,11747.8
000d7d20_1920,11747.79
000d7d20_1921,11747.75
000d7d20_1922,11747.72
000d7d20_1923,11747.68
000d7d20_1924,11747.62
000d7d20_1925,11747.58
000d7d20_1926,11747.53
000d7d20_1927,11747.45
000d7d20_1928,11747.39
000d7d20_1929,11747.37
000d7d20_1930,11747.33
000d7d20_1931,11747.33
000d7d20_1932,11747.34
000d7d20_1933,11747.38
000d7d20_1934,11747.43
000d7d20_1935,11747.49
000d7d20_1936,11747.56
000d7d20_1937,11747.65
000d7d20_1938,11747.75
000d7d20_1939,11747.83
000d7d20_1940,11747.9
000d7d20_1941,11747.97
000d7d20_1942,11747.99
000d7d20_1943,11748.0
000d7d20_1944,11748.03
000d7d20_1945,11748.05
000d7d20_1946,11748.1
000d7d20_1947,11748.19
000d7d20_1948,11748.29
000d7d20_1949,11748.41
000d7d20_1950,11748.52
000d7d20_1951,11748.65
000d7d20_1952,11748.78
000d7d20_1953,11748.94
000d7d20_1954,11749.12
000d7d20_1955,11749.23
000d7d20_1956,11749.27
000d7d20_1957,11749.26
000d7d20_1958,11749.2
000d7d20_1959,11749.1
000d7d20_1960,11748.95
000d7d20_1961,11748.79
000d7d20_1962,11748.64
000d7d20_1963,11748.49
000d7d20_1964,11748.33
000d7d20_1965,11748.2
000d7d20_1966,11748.08
000d7d20_1967,11748.02
000d7d20_1968,11748.0
000d7d20_1969,11748.02
000d7d20_1970,11748.06
000d7d20_1971,11748.05
000d7d20_1972,11748.03
000d7d20_1973,11748.01
000d7d20_1974,11748.0
000d7d20_1975,11747.98
000d7d20_1976,11747.97
000d7d20_1977,11747.97
000d7d20_1978,11747.97
000d7d20_1979,11747.97
000d7d20_1980,11747.97
000d7d20_1981,11747.96
000d7d20_1982,11747.95
000d7d20_1983,11747.94
000d7d20_1984,11747.93
000d7d20_1985,11747.92
000d7d20_1986,11747.91
000d7d20_1987,11747.9
000d7d20_1988,11747.88
000d7d20_1989,11747.87
000d7d20_1990,11747.86
000d7d20_1991,11747.85
000d7d20_1992,11747.85
000d7d20_1993,11747.85
000d7d20_1994,11747.84
000d7d20_1995,11747.85
000d7d20_1996,11747.86
000d7d20_1997,11747.85
000d7d20_1998,11747.83
000d7d20_1999,11747.81
000d7d20_2000,11747.78
000d7d20_2001,11747.74
000d7d20_2002,11747.69
000d7d20_2003,11747.64
000d7d20_2004,11747.61
000d7d20_2005,11747.57
000d7d20_2006,11747.55
000d7d20_2007,11747.53
000d7d20_2008,11747.54
000d7d20_2009,11747.56
000d7d20_2010,11747.56
000d7d20_2011,11747.55
000d7d20_2012,11747.6
000d7d20_2013,11747.67
000d7d20_2014,11747.76
000d7d20_2015,11747.87
000d7d20_2016,11748.0
000d7d20_2017,11748.14
000d7d20_2018,11748.3
000d7d20_2019,11748.47
000d7d20_2020,11748.61
000d7d20_2021,11748.73
000d7d20_2022,11748.84
000d7d20_2023,11748.89
000d7d20_2024,11748.91
000d7d20_2025,11748.86
000d7d20_2026,11748.74
000d7d20_2027,11748.6
000d7d20_2028,11748.5
000d7d20_2029,11748.38
000d7d20_2030,11748.26
000d7d20_2031,11748.16
000d7d20_2032,11748.1
000d7d20_2033,11748.06
000d7d20_2034,11748.07
000d7d20_2035,11748.08
000d7d20_2036,11748.11
000d7d20_2037,11748.16
000d7d20_2038,11748.23
000d7d20_2039,11748.28
000d7d20_2040,11748.35
000d7d20_2041,11748.39
000d7d20_2042,11748.43
000d7d20_2043,11748.45
000d7d20_2044,11748.47
000d7d20_2045,11748.48
000d7d20_2046,11748.46
000d7d20_2047,11748.46
000d7d20_2048,11748.45
000d7d20_2049,11748.43
000d7d20_2050,11748.42
000d7d20_2051,11748.4
000d7d20_2052,11748.38
000d7d20_2053,11748.37
000d7d20_2054,11748.38
000d7d20_2055,11748.4
000d7d20_2056,11748.43
000d7d20_2057,11748.46
000d7d20_2058,11748.5
000d7d20_2059,11748.54
000d7d20_2060,11748.59
000d7d20_2061,11748.64
000d7d20_2062,11748.68
000d7d20_2063,11748.72
000d7d20_2064,11748.74
000d7d20_2065,11748.77
000d7d20_2066,11748.78
000d7d20_2067,11748.78
000d7d20_2068,11748.76
000d7d20_2069,11748.76
000d7d20_2070,11748.77
000d7d20_2071,11748.79
000d7d20_2072,11748.81
000d7d20_2073,11748.82
000d7d20_2074,11748.84
000d7d20_2075,11748.85
000d7d20_2076,11748.87
000d7d20_2077,11748.88
000d7d20_2078,11748.9
000d7d20_2079,11748.92
000d7d20_2080,11748.95
000d7d20_2081,11748.97
000d7d20_2082,11748.98
000d7d20_2083,11748.97
000d7d20_2084,11748.95
000d7d20_2085,11748.96
000d7d20_2086,11748.96
000d7d20_2087,11748.96
000d7d20_2088,11748.94
000d7d20_2089,11748.92
000d7d20_2090,11748.9
000d7d20_2091,11748.87
000d7d20_2092,11748.84
000d7d20_2093,11748.81
000d7d20_2094,11748.79
000d7d20_2095,11748.79
000d7d20_2096,11748.79
000d7d20_2097,11748.79
000d7d20_2098,11748.82
000d7d20_2099,11748.84
000d7d20_2100,11748.85
000d7d20_2101,11748.88
000d7d20_2102,11748.9
000d7d20_2103,11748.9
000d7d20_2104,11748.88
000d7d20_2105,11748.84
000d7d20_2106,11748.79
000d7d20_2107,11748.73
000d7d20_2108,11748.67
000d7d20_2109,11748.6
000d7d20_2110,11748.54
000d7d20_2111,11748.48
000d7d20_2112,11748.43
000d7d20_2113,11748.4
000d7d20_2114,11748.38
000d7d20_2115,11748.34
000d7d20_2116,11748.33
000d7d20_2117,11748.33
000d7d20_2118,11748.33
000d7d20_2119,11748.32
000d7d20_2120,11748.33
000d7d20_2121,11748.35
000d7d20_2122,11748.36
000d7d20_2123,11748.37
000d7d20_2124,11748.38
000d7d20_2125,11748.39
000d7d20_2126,11748.41
000d7d20_2127,11748.43
000d7d20_2128,11748.42
000d7d20_2129,11748.41
000d7d20_2130,11748.4
000d7d20_2131,11748.4
000d7d20_2132,11748.42
000d7d20_2133,11748.45
000d7d20_2134,11748.48
000d7d20_2135,11748.51
000d7d20_2136,11748.54
000d7d20_2137,11748.54
000d7d20_2138,11748.54
000d7d20_2139,11748.53
000d7d20_2140,11748.51
000d7d20_2141,11748.47
000d7d20_2142,11748.41
000d7d20_2143,11748.35
000d7d20_2144,11748.27
000d7d20_2145,11748.22
000d7d20_2146,11748.18
000d7d20_2147,11748.16
000d7d20_2148,11748.14
000d7d20_2149,11748.12
000d7d20_2150,11748.11
000d7d20_2151,11748.09
000d7d20_2152,11748.07
000d7d20_2153,11748.07
000d7d20_2154,11748.07
000d7d20_2155,11748.07
000d7d20_2156,11748.05
000d7d20_2157,11748.04
000d7d20_2158,11748.04
000d7d20_2159,11748.05
000d7d20_2160,11748.05
000d7d20_2161,11748.06
000d7d20_2162,11748.06
000d7d20_2163,11748.06
000d7d20_2164,11748.06
000d7d20_2165,11748.07
000d7d20_2166,11748.08
000d7d20_2167,11748.07
000d7d20_2168,11748.07
000d7d20_2169,11748.06
000d7d20_2170,11748.06
000d7d20_2171,11748.07
000d7d20_2172,11748.07
000d7d20_2173,11748.09
000d7d20_2174,11748.11
000d7d20_2175,11748.13
000d7d20_2176,11748.15
000d7d20_2177,11748.17
000d7d20_2178,11748.18
000d7d20_2179,11748.18
000d7d20_2180,11748.18
000d7d20_2181,11748.19
000d7d20_2182,11748.18
000d7d20_2183,11748.17
000d7d20_2184,11748.16
000d7d20_2185,11748.16
000d7d20_2186,11748.16
000d7d20_2187,11748.18
000d7d20_2188,11748.2
000d7d20_2189,11748.22
000d7d20_2190,11748.24
000d7d20_2191,11748.27
000d7d20_2192,11748.29
000d7d20_2193,11748.32
000d7d20_2194,11748.32
000d7d20_2195,11748.32
000d7d20_2196,11748.3
000d7d20_2197,11748.29
000d7d20_2198,11748.28
000d7d20_2199,11748.27
000d7d20_2200,11748.26
000d7d20_2201,11748.22
000d7d20_2202,11748.22
000d7d20_2203,11748.23
000d7d20_2204,11748.27
000d7d20_2205,11748.32
000d7d20_2206,11748.39
000d7d20_2207,11748.48
000d7d20_2208,11748.56
000d7d20_2209,11748.65
000d7d20_2210,11748.73
000d7d20_2211,11748.8
000d7d20_2212,11748.87
000d7d20_2213,11748.92
000d7d20_2214,11748.95
000d7d20_2215,11748.96
000d7d20_2216,11748.95
000d7d20_2217,11748.91
000d7d20_2218,11748.91
000d7d20_2219,11748.9
000d7d20_2220,11748.9
000d7d20_2221,11748.89
000d7d20_2222,11748.89
000d7d20_2223,11748.89
000d7d20_2224,11748.88
000d7d20_2225,11748.88
000d7d20_2226,11748.88
000d7d20_2227,11748.88
000d7d20_2228,11748.87
000d7d20_2229,11748.86
000d7d20_2230,11748.85
000d7d20_2231,11748.84
000d7d20_2232,11748.82
000d7d20_2233,11748.82
000d7d20_2234,11748.83
000d7d20_2235,11748.86
000d7d20_2236,11748.89
000d7d20_2237,11748.93
000d7d20_2238,11748.97
000d7d20_2239,11749.03
000d7d20_2240,11749.08
000d7d20_2241,11749.12
000d7d20_2242,11749.13
000d7d20_2243,11749.13
000d7d20_2244,11749.12
000d7d20_2245,11749.1
000d7d20_2246,11749.08
000d7d20_2247,11749.06
000d7d20_2248,11749.05
000d7d20_2249,11749.06
000d7d20_2250,11749.07
000d7d20_2251,11749.08
000d7d20_2252,11749.08
000d7d20_2253,11749.08
000d7d20_2254,11749.08
000d7d20_2255,11749.08
000d7d20_2256,11749.06
000d7d20_2257,11749.03
000d7d20_2258,11748.98
000d7d20_2259,11748.95
000d7d20_2260,11748.92
000d7d20_2261,11748.9
000d7d20_2262,11748.9
000d7d20_2263,11748.91
000d7d20_2264,11748.92
000d7d20_2265,11748.92
000d7d20_2266,11748.92
000d7d20_2267,11748.92
000d7d20_2268,11748.92
000d7d20_2269,11748.92
000d7d20_2270,11748.92
000d7d20_2271,11748.92
000d7d20_2272,11748.92
000d7d20_2273,11748.92
000d7d20_2274,11748.92
000d7d20_2275,11748.92
000d7d20_2276,11748.92
000d7d20_2277,11748.93
000d7d20_2278,11748.92
000d7d20_2279,11748.92
000d7d20_2280,11748.9
000d7d20_2281,11748.91
000d7d20_2282,11748.9
000d7d20_2283,11748.89
000d7d20_2284,11748.87
000d7d20_2285,11748.85
000d7d20_2286,11748.83
000d7d20_2287,11748.8
000d7d20_2288,11748.77
000d7d20_2289,11748.71
000d7d20_2290,11748.66
000d7d20_2291,11748.65
000d7d20_2292,11748.66
000d7d20_2293,11748.69
000d7d20_2294,11748.74
000d7d20_2295,11748.82
000d7d20_2296,11748.9
000d7d20_2297,11748.99
000d7d20_2298,11749.09
000d7d20_2299,11749.17
000d7d20_2300,11749.25
000d7d20_2301,11749.31
000d7d20_2302,11749.34
000d7d20_2303,11749.36
000d7d20_2304,11749.34
000d7d20_2305,11749.3
000d7d20_2306,11749.27
000d7d20_2307,11749.26
000d7d20_2308,11749.23
000d7d20_2309,11749.2
000d7d20_2310,11749.19
000d7d20_2311,11749.2
000d7d20_2312,11749.18
000d7d20_2313,11749.16
000d7d20_2314,11749.13
000d7d20_2315,11749.09
000d7d20_2316,11749.05
000d7d20_2317,11748.99
000d7d20_2318,11748.95
000d7d20_2319,11748.9
000d7d20_2320,11748.85
000d7d20_2321,11748.81
000d7d20_2322,11748.79
000d7d20_2323,11748.76
000d7d20_2324,11748.74
000d7d20_2325,11748.74
000d7d20_2326,11748.78
000d7d20_2327,11748.81
000d7d20_2328,11748.85
000d7d20_2329,11748.91
000d7d20_2330,11748.93
000d7d20_2331,11748.99
000d7d20_2332,11749.02
000d7d20_2333,11749.07
000d7d20_2334,11749.08
000d7d20_2335,11749.1
000d7d20_2336,11749.15
000d7d20_2337,11749.2
000d7d20_2338,11749.24
000d7d20_2339,11749.24
000d7d20_2340,11749.25
000d7d20_2341,11749.25
000d7d20_2342,11749.24
000d7d20_2343,11749.21
000d7d20_2344,11749.19
000d7d20_2345,11749.13
000d7d20_2346,11749.04
000d7d20_2347,11748.98
000d7d20_2348,11748.89
000d7d20_2349,11748.81
000d7d20_2350,11748.71
000d7d20_2351,11748.66
000d7d20_2352,11748.63
000d7d20_2353,11748.59
000d7d20_2354,11748.54
000d7d20_2355,11748.51
000d7d20_2356,11748.48
000d7d20_2357,11748.45
000d7d20_2358,11748.42
000d7d20_2359,11748.37
000d7d20_2360,11748.33
000d7d20_2361,11748.3
000d7d20_2362,11748.27
000d7d20_2363,11748.23
000d7d20_2364,11748.17
000d7d20_2365,11748.1
000d7d20_2366,11748.03
000d7d20_2367,11747.95
000d7d20_2368,11747.88
000d7d20_2369,11747.8
000d7d20_2370,11747.75
000d7d20_2371,11747.72
000d7d20_2372,11747.69
000d7d20_2373,11747.65
000d7d20_2374,11747.64
000d7d20_2375,11747.63
000d7d20_2376,11747.63
000d7d20_2377,11747.64
000d7d20_2378,11747.63
000d7d20_2379,11747.59
000d7d20_2380,11747.57
000d7d20_2381,11747.56
000d7d20_2382,11747.53
000d7d20_2383,11747.51
000d7d20_2384,11747.5
000d7d20_2385,11747.51
000d7d20_2386,11747.53
000d7d20_2387,11747.55
000d7d20_2388,11747.56
000d7d20_2389,11747.54
000d7d20_2390,11747.53
000d7d20_2391,11747.51
000d7d20_2392,11747.49
000d7d20_2393,11747.47
000d7d20_2394,11747.44
000d7d20_2395,11747.4
000d7d20_2396,11747.42
000d7d20_2397,11747.45
000d7d20_2398,11747.48
000d7d20_2399,11747.55
000d7d20_2400,11747.65
000d7d20_2401,11747.77
000d7d20_2402,11747.89
000d7d20_2403,11747.98
000d7d20_2404,11748.06
000d7d20_2405,11748.11
000d7d20_2406,11748.19
000d7d20_2407,11748.25
000d7d20_2408,11748.29
000d7d20_2409,11748.33
000d7d20_2410,11748.36
000d7d20_2411,11748.37
000d7d20_2412,11748.41
000d7d20_2413,11748.46
000d7d20_2414,11748.52
000d7d20_2415,11748.58
000d7d20_2416,11748.62
000d7d20_2417,11748.64
000d7d20_2418,11748.65
000d7d20_2419,11748.62
000d7d20_2420,11748.59
000d7d20_2421,11748.55
000d7d20_2422,11748.52
000d7d20_2423,11748.47
000d7d20_2424,11748.42
000d7d20_2425,11748.37
000d7d20_2426,11748.34
000d7d20_2427,11748.29
000d7d20_2428,11748.27
000d7d20_2429,11748.24
000d7d20_2430,11748.2
000d7d20_2431,11748.17
000d7d20_2432,11748.13
000d7d20_2433,11748.08
000d7d20_2434,11748.03
000d7d20_2435,11748.0
000d7d20_2436,11747.96
000d7d20_2437,11747.91
000d7d20_2438,11747.86
000d7d20_2439,11747.8
000d7d20_2440,11747.74
000d7d20_2441,11747.68
000d7d20_2442,11747.6
000d7d20_2443,11747.53
000d7d20_2444,11747.42
000d7d20_2445,11747.32
000d7d20_2446,11747.22
000d7d20_2447,11747.14
000d7d20_2448,11747.06
000d7d20_2449,11746.99
000d7d20_2450,11746.94
000d7d20_2451,11746.9
000d7d20_2452,11746.86
000d7d20_2453,11746.83
000d7d20_2454,11746.81
000d7d20_2455,11746.78
000d7d20_2456,11746.74
000d7d20_2457,11746.7
000d7d20_2458,11746.64
000d7d20_2459,11746.59
000d7d20_2460,11746.54
000d7d20_2461,11746.49
000d7d20_2462,11746.44
000d7d20_2463,11746.4
000d7d20_2464,11746.37
000d7d20_2465,11746.35
000d7d20_2466,11746.32
000d7d20_2467,11746.31
000d7d20_2468,11746.28
000d7d20_2469,11746.26
000d7d20_2470,11746.26
000d7d20_2471,11746.25
000d7d20_2472,11746.26
000d7d20_2473,11746.25
000d7d20_2474,11746.26
000d7d20_2475,11746.25
000d7d20_2476,11746.26
000d7d20_2477,11746.26
000d7d20_2478,11746.27
000d7d20_2479,11746.28
000d7d20_2480,11746.28
000d7d20_2481,11746.28
000d7d20_2482,11746.27
000d7d20_2483,11746.27
000d7d20_2484,11746.23
000d7d20_2485,11746.23
000d7d20_2486,11746.22
000d7d20_2487,11746.2
000d7d20_2488,11746.2
000d7d20_2489,11746.18
000d7d20_2490,11746.16
000d7d20_2491,11746.13
000d7d20_2492,11746.12
000d7d20_2493,11746.09
000d7d20_2494,11746.06
000d7d20_2495,11746.03
000d7d20_2496,11745.99
000d7d20_2497,11745.94
000d7d20_2498,11745.9
000d7d20_2499,11745.87
000d7d20_2500,11745.81
000d7d20_2501,11745.74
000d7d20_2502,11745.67
000d7d20_2503,11745.62
000d7d20_2504,11745.57
000d7d20_2505,11745.53
000d7d20_2506,11745.49
000d7d20_2507,11745.47
000d7d20_2508,11745.45
000d7d20_2509,11745.42
000d7d20_2510,11745.4
000d7d20_2511,11745.37
000d7d20_2512,11745.35
000d7d20_2513,11745.33
000d7d20_2514,11745.32
000d7d20_2515,11745.31
000d7d20_2516,11745.29
000d7d20_2517,11745.27
000d7d20_2518,11745.25
000d7d20_2519,11745.24
000d7d20_2520,11745.24
000d7d20_2521,11745.22
000d7d20_2522,11745.22
000d7d20_2523,11745.22
000d7d20_2524,11745.23
000d7d20_2525,11745.22
000d7d20_2526,11745.22
000d7d20_2527,11745.22
000d7d20_2528,11745.23
000d7d20_2529,11745.24
000d7d20_2530,11745.25
000d7d20_2531,11745.25
000d7d20_2532,11745.26
000d7d20_2533,11745.25
000d7d20_2534,11745.24
000d7d20_2535,11745.22
000d7d20_2536,11745.21
000d7d20_2537,11745.2
000d7d20_2538,11745.19
000d7d20_2539,11745.19
000d7d20_2540,11745.2
000d7d20_2541,11745.21
000d7d20_2542,11745.23
000d7d20_2543,11745.25
000d7d20_2544,11745.25
000d7d20_2545,11745.26
000d7d20_2546,11745.24
000d7d20_2547,11745.21
000d7d20_2548,11745.16
000d7d20_2549,11745.11
000d7d20_2550,11745.04
000d7d20_2551,11744.98
000d7d20_2552,11744.93
000d7d20_2553,11744.89
000d7d20_2554,11744.83
000d7d20_2555,11744.8
000d7d20_2556,11744.78
000d7d20_2557,11744.78
000d7d20_2558,11744.82
000d7d20_2559,11744.86
000d7d20_2560,11744.92
000d7d20_2561,11744.98
000d7d20_2562,11745.04
000d7d20_2563,11745.11
000d7d20_2564,11745.18
000d7d20_2565,11745.26
000d7d20_2566,11745.33
000d7d20_2567,11745.4
000d7d20_2568,11745.43
000d7d20_2569,11745.46
000d7d20_2570,11745.45
000d7d20_2571,11745.45
000d7d20_2572,11745.43
000d7d20_2573,11745.42
000d7d20_2574,11745.41
000d7d20_2575,11745.4
000d7d20_2576,11745.39
000d7d20_2577,11745.37
000d7d20_2578,11745.36
000d7d20_2579,11745.37
000d7d20_2580,11745.38
000d7d20_2581,11745.4
000d7d20_2582,11745.42
000d7d20_2583,11745.44
000d7d20_2584,11745.45
000d7d20_2585,11745.47
000d7d20_2586,11745.48
000d7d20_2587,11745.48
000d7d20_2588,11745.47
000d7d20_2589,11745.46
000d7d20_2590,11745.45
000d7d20_2591,11745.43
000d7d20_2592,11745.41
000d7d20_2593,11745.39
000d7d20_2594,11745.38
000d7d20_2595,11745.37
000d7d20_2596,11745.37
000d7d20_2597,11745.36
000d7d20_2598,11745.36
000d7d20_2599,11745.36
000d7d20_2600,11745.36
000d7d20_2601,11745.37
000d7d20_2602,11745.39
000d7d20_2603,11745.39
000d7d20_2604,11745.41
000d7d20_2605,11745.42
000d7d20_2606,11745.43
000d7d20_2607,11745.43
000d7d20_2608,11745.43
000d7d20_2609,11745.44
000d7d20_2610,11745.44
000d7d20_2611,11745.44
000d7d20_2612,11745.43
000d7d20_2613,11745.43
000d7d20_2614,11745.42
000d7d20_2615,11745.42
000d7d20_2616,11745.42
000d7d20_2617,11745.42
000d7d20_2618,11745.44
000d7d20_2619,11745.44
000d7d20_2620,11745.45
000d7d20_2621,11745.47
000d7d20_2622,11745.48
000d7d20_2623,11745.49
000d7d20_2624,11745.5
000d7d20_2625,11745.5
000d7d20_2626,11745.5
000d7d20_2627,11745.5
000d7d20_2628,11745.49
000d7d20_2629,11745.49
000d7d20_2630,11745.48
000d7d20_2631,11745.48
000d7d20_2632,11745.47
000d7d20_2633,11745.47
000d7d20_2634,11745.47
000d7d20_2635,11745.46
000d7d20_2636,11745.46
000d7d20_2637,11745.47
000d7d20_2638,11745.47
000d7d20_2639,11745.46
000d7d20_2640,11745.46
000d7d20_2641,11745.46
000d7d20_2642,11745.46
000d7d20_2643,11745.46
000d7d20_2644,11745.46
000d7d20_2645,11745.46
000d7d20_2646,11745.46
000d7d20_2647,11745.45
000d7d20_2648,11745.44
000d7d20_2649,11745.43
000d7d20_2650,11745.43
000d7d20_2651,11745.42
000d7d20_2652,11745.41
000d7d20_2653,11745.4
000d7d20_2654,11745.4
000d7d20_2655,11745.4
000d7d20_2656,11745.4
000d7d20_2657,11745.4
000d7d20_2658,11745.4
000d7d20_2659,11745.4
000d7d20_2660,11745.38
000d7d20_2661,11745.38
000d7d20_2662,11745.37
000d7d20_2663,11745.36
000d7d20_2664,11745.36
000d7d20_2665,11745.37
000d7d20_2666,11745.36
000d7d20_2667,11745.35
000d7d20_2668,11745.33
000d7d20_2669,11745.3
000d7d20_2670,11745.29
000d7d20_2671,11745.27
000d7d20_2672,11745.25
000d7d20_2673,11745.22
000d7d20_2674,11745.2
000d7d20_2675,11745.18
000d7d20_2676,11745.16
000d7d20_2677,11745.15
000d7d20_2678,11745.16
000d7d20_2679,11745.2
000d7d20_2680,11745.23
000d7d20_2681,11745.27
000d7d20_2682,11745.29
000d7d20_2683,11745.31
000d7d20_2684,11745.33
000d7d20_2685,11745.35
000d7d20_2686,11745.37
000d7d20_2687,11745.39
000d7d20_2688,11745.4
000d7d20_2689,11745.4
000d7d20_2690,11745.39
000d7d20_2691,11745.36
000d7d20_2692,11745.31
000d7d20_2693,11745.28
000d7d20_2694,11745.24
000d7d20_2695,11745.21
000d7d20_2696,11745.2
000d7d20_2697,11745.19
000d7d20_2698,11745.18
000d7d20_2699,11745.18
000d7d20_2700,11745.2
000d7d20_2701,11745.22
000d7d20_2702,11745.26
000d7d20_2703,11745.3
000d7d20_2704,11745.32
000d7d20_2705,11745.32
000d7d20_2706,11745.31
000d7d20_2707,11745.32
000d7d20_2708,11745.32
000d7d20_2709,11745.33
000d7d20_2710,11745.35
000d7d20_2711,11745.39
000d7d20_2712,11745.45
000d7d20_2713,11745.5
000d7d20_2714,11745.55
000d7d20_2715,11745.58
000d7d20_2716,11745.62
000d7d20_2717,11745.64
000d7d20_2718,11745.64
000d7d20_2719,11745.63
000d7d20_2720,11745.61
000d7d20_2721,11745.58
000d7d20_2722,11745.58
000d7d20_2723,11745.56
000d7d20_2724,11745.56
000d7d20_2725,11745.59
000d7d20_2726,11745.65
000d7d20_2727,11745.7
000d7d20_2728,11745.76
000d7d20_2729,11745.82
000d7d20_2730,11745.88
000d7d20_2731,11745.93
000d7d20_2732,11746.0
000d7d20_2733,11746.04
000d7d20_2734,11746.07
000d7d20_2735,11746.11
000d7d20_2736,11746.14
000d7d20_2737,11746.15
000d7d20_2738,11746.17
000d7d20_2739,11746.16
000d7d20_2740,11746.18
000d7d20_2741,11746.18
000d7d20_2742,11746.19
000d7d20_2743,11746.18
000d7d20_2744,11746.16
000d7d20_2745,11746.15
000d7d20_2746,11746.15
000d7d20_2747,11746.16
000d7d20_2748,11746.18
000d7d20_2749,11746.2
000d7d20_2750,11746.24
000d7d20_2751,11746.27
000d7d20_2752,11746.32
000d7d20_2753,11746.35
000d7d20_2754,11746.4
000d7d20_2755,11746.44
000d7d20_2756,11746.48
000d7d20_2757,11746.52
000d7d20_2758,11746.54
000d7d20_2759,11746.55
000d7d20_2760,11746.54
000d7d20_2761,11746.55
000d7d20_2762,11746.55
000d7d20_2763,11746.55
000d7d20_2764,11746.55
000d7d20_2765,11746.51
000d7d20_2766,11746.48
000d7d20_2767,11746.47
000d7d20_2768,11746.48
000d7d20_2769,11746.49
000d7d20_2770,11746.5
000d7d20_2771,11746.52
000d7d20_2772,11746.55
000d7d20_2773,11746.59
000d7d20_2774,11746.6
000d7d20_2775,11746.61
000d7d20_2776,11746.6
000d7d20_2777,11746.59
000d7d20_2778,11746.57
000d7d20_2779,11746.54
000d7d20_2780,11746.51
000d7d20_2781,11746.45
000d7d20_2782,11746.43
000d7d20_2783,11746.43
000d7d20_2784,11746.41
000d7d20_2785,11746.39
000d7d20_2786,11746.38
000d7d20_2787,11746.37
000d7d20_2788,11746.36
000d7d20_2789,11746.33
000d7d20_2790,11746.28
000d7d20_2791,11746.24
000d7d20_2792,11746.19
000d7d20_2793,11746.15
000d7d20_2794,11746.12
000d7d20_2795,11746.09
000d7d20_2796,11746.07
000d7d20_2797,11746.04
000d7d20_2798,11746.03
000d7d20_2799,11746.03
000d7d20_2800,11746.04
000d7d20_2801,11746.04
000d7d20_2802,11746.04
000d7d20_2803,11746.05
000d7d20_2804,11746.06
000d7d20_2805,11746.05
000d7d20_2806,11746.04
000d7d20_2807,11746.04
000d7d20_2808,11746.04
000d7d20_2809,11746.03
000d7d20_2810,11746.03
000d7d20_2811,11746.02
000d7d20_2812,11746.01
000d7d20_2813,11745.99
000d7d20_2814,11745.99
000d7d20_2815,11745.98
000d7d20_2816,11745.97
000d7d20_2817,11745.96
000d7d20_2818,11745.95
000d7d20_2819,11745.95
000d7d20_2820,11745.95
000d7d20_2821,11745.95
000d7d20_2822,11745.95
000d7d20_2823,11745.96
000d7d20_2824,11745.97
000d7d20_2825,11745.97
000d7d20_2826,11745.97
000d7d20_2827,11745.96
000d7d20_2828,11745.95
000d7d20_2829,11745.94
000d7d20_2830,11745.93
000d7d20_2831,11745.92
000d7d20_2832,11745.91
000d7d20_2833,11745.9
000d7d20_2834,11745.88
000d7d20_2835,11745.88
000d7d20_2836,11745.87
000d7d20_2837,11745.89
000d7d20_2838,11745.89
000d7d20_2839,11745.9
000d7d20_2840,11745.92
000d7d20_2841,11745.93
000d7d20_2842,11745.95
000d7d20_2843,11745.95
000d7d20_2844,11745.95
000d7d20_2845,11745.95
000d7d20_2846,11745.94
000d7d20_2847,11745.95
000d7d20_2848,11745.95
000d7d20_2849,11745.94
000d7d20_2850,11745.92
000d7d20_2851,11745.91
000d7d20_2852,11745.9
000d7d20_2853,11745.89
000d7d20_2854,11745.86
000d7d20_2855,11745.82
000d7d20_2856,11745.81
000d7d20_2857,11745.79
000d7d20_2858,11745.77
000d7d20_2859,11745.76
000d7d20_2860,11745.75
000d7d20_2861,11745.74
000d7d20_2862,11745.75
000d7d20_2863,11745.76
000d7d20_2864,11745.78
000d7d20_2865,11745.78
000d7d20_2866,11745.79
000d7d20_2867,11745.78
000d7d20_2868,11745.78
000d7d20_2869,11745.76
000d7d20_2870,11745.72
000d7d20_2871,11745.69
000d7d20_2872,11745.67
000d7d20_2873,11745.66
000d7d20_2874,11745.64
000d7d20_2875,11745.63
000d7d20_2876,11745.61
000d7d20_2877,11745.58
000d7d20_2878,11745.57
000d7d20_2879,11745.56
000d7d20_2880,11745.55
000d7d20_2881,11745.53
000d7d20_2882,11745.51
000d7d20_2883,11745.48
000d7d20_2884,11745.45
000d7d20_2885,11745.42
000d7d20_2886,11745.39
000d7d20_2887,11745.35
000d7d20_2888,11745.32
000d7d20_2889,11745.3
000d7d20_2890,11745.29
000d7d20_2891,11745.25
000d7d20_2892,11745.22
000d7d20_2893,11745.21
000d7d20_2894,11745.22
000d7d20_2895,11745.25
000d7d20_2896,11745.29
000d7d20_2897,11745.33
000d7d20_2898,11745.37
000d7d20_2899,11745.4
000d7d20_2900,11745.43
000d7d20_2901,11745.45
000d7d20_2902,11745.46
000d7d20_2903,11745.46
000d7d20_2904,11745.45
000d7d20_2905,11745.43
000d7d20_2906,11745.4
000d7d20_2907,11745.35
000d7d20_2908,11745.33
000d7d20_2909,11745.31
000d7d20_2910,11745.28
000d7d20_2911,11745.26
000d7d20_2912,11745.24
000d7d20_2913,11745.23
000d7d20_2914,11745.21
000d7d20_2915,11745.18
000d7d20_2916,11745.14
000d7d20_2917,11745.11
000d7d20_2918,11745.08
000d7d20_2919,11745.06
000d7d20_2920,11745.03
000d7d20_2921,11745.01
000d7d20_2922,11745.0
000d7d20_2923,11744.98
000d7d20_2924,11744.96
000d7d20_2925,11744.96
000d7d20_2926,11744.95
000d7d20_2927,11744.96
000d7d20_2928,11744.96
000d7d20_2929,11744.96
000d7d20_2930,11744.95
000d7d20_2931,11744.93
000d7d20_2932,11744.92
000d7d20_2933,11744.9
000d7d20_2934,11744.88
000d7d20_2935,11744.85
000d7d20_2936,11744.83
000d7d20_2937,11744.82
000d7d20_2938,11744.79
000d7d20_2939,11744.77
000d7d20_2940,11744.73
000d7d20_2941,11744.72
000d7d20_2942,11744.73
000d7d20_2943,11744.76
000d7d20_2944,11744.78
000d7d20_2945,11744.82
000d7d20_2946,11744.86
000d7d20_2947,11744.91
000d7d20_2948,11744.95
000d7d20_2949,11745.0
000d7d20_2950,11745.05
000d7d20_2951,11745.09
000d7d20_2952,11745.13
000d7d20_2953,11745.15
000d7d20_2954,11745.14
000d7d20_2955,11745.11
000d7d20_2956,11745.07
000d7d20_2957,11745.05
000d7d20_2958,11745.01
000d7d20_2959,11744.98
000d7d20_2960,11744.94
000d7d20_2961,11744.9
000d7d20_2962,11744.86
000d7d20_2963,11744.83
000d7d20_2964,11744.8
000d7d20_2965,11744.79
000d7d20_2966,11744.76
000d7d20_2967,11744.74
000d7d20_2968,11744.72
000d7d20_2969,11744.69
000d7d20_2970,11744.66
000d7d20_2971,11744.63
000d7d20_2972,11744.6
000d7d20_2973,11744.58
000d7d20_2974,11744.56
000d7d20_2975,11744.53
000d7d20_2976,11744.51
000d7d20_2977,11744.51
000d7d20_2978,11744.51
000d7d20_2979,11744.52
000d7d20_2980,11744.53
000d7d20_2981,11744.54
000d7d20_2982,11744.54
000d7d20_2983,11744.53
000d7d20_2984,11744.52
000d7d20_2985,11744.51
000d7d20_2986,11744.49
000d7d20_2987,11744.48
000d7d20_2988,11744.46
000d7d20_2989,11744.45
000d7d20_2990,11744.43
000d7d20_2991,11744.42
000d7d20_2992,11744.42
000d7d20_2993,11744.43
000d7d20_2994,11744.42
000d7d20_2995,11744.43
000d7d20_2996,11744.43
000d7d20_2997,11744.43
000d7d20_2998,11744.42
000d7d20_2999,11744.41
000d7d20_3000,11744.4
000d7d20_3001,11744.39
000d7d20_3002,11744.38
000d7d20_3003,11744.38
000d7d20_3004,11744.38
000d7d20_3005,11744.38
000d7d20_3006,11744.39
000d7d20_3007,11744.39
000d7d20_3008,11744.4
000d7d20_3009,11744.4
000d7d20_3010,11744.42
000d7d20_3011,11744.43
000d7d20_3012,11744.46
000d7d20_3013,11744.48
000d7d20_3014,11744.5
000d7d20_3015,11744.52
000d7d20_3016,11744.53
000d7d20_3017,11744.55
000d7d20_3018,11744.57
000d7d20_3019,11744.57
000d7d20_3020,11744.58
000d7d20_3021,11744.61
000d7d20_3022,11744.63
000d7d20_3023,11744.65
000d7d20_3024,11744.68
000d7d20_3025,11744.69
000d7d20_3026,11744.72
000d7d20_3027,11744.75
000d7d20_3028,11744.8
000d7d20_3029,11744.84
000d7d20_3030,11744.88
000d7d20_3031,11744.91
000d7d20_3032,11744.95
000d7d20_3033,11744.98
000d7d20_3034,11744.99
000d7d20_3035,11745.0
000d7d20_3036,11745.02
000d7d20_3037,11745.06
000d7d20_3038,11745.08
000d7d20_3039,11745.11
000d7d20_3040,11745.12
000d7d20_3041,11745.1
000d7d20_3042,11745.08
000d7d20_3043,11745.06
000d7d20_3044,11745.03
000d7d20_3045,11744.98
000d7d20_3046,11744.92
000d7d20_3047,11744.86
000d7d20_3048,11744.8
000d7d20_3049,11744.75
000d7d20_3050,11744.7
000d7d20_3051,11744.65
000d7d20_3052,11744.64
000d7d20_3053,11744.64
000d7d20_3054,11744.65
000d7d20_3055,11744.68
000d7d20_3056,11744.69
000d7d20_3057,11744.68
000d7d20_3058,11744.66
000d7d20_3059,11744.64
000d7d20_3060,11744.61
000d7d20_3061,11744.58
000d7d20_3062,11744.55
000d7d20_3063,11744.51
000d7d20_3064,11744.49
000d7d20_3065,11744.47
000d7d20_3066,11744.45
000d7d20_3067,11744.45
000d7d20_3068,11744.47
000d7d20_3069,11744.5
000d7d20_3070,11744.52
000d7d20_3071,11744.53
000d7d20_3072,11744.54
000d7d20_3073,11744.52
000d7d20_3074,11744.49
000d7d20_3075,11744.47
000d7d20_3076,11744.47
000d7d20_3077,11744.49
000d7d20_3078,11744.51
000d7d20_3079,11744.51
000d7d20_3080,11744.52
000d7d20_3081,11744.55
000d7d20_3082,11744.61
000d7d20_3083,11744.67
000d7d20_3084,11744.74
000d7d20_3085,11744.81
000d7d20_3086,11744.87
000d7d20_3087,11744.91
000d7d20_3088,11744.94
000d7d20_3089,11744.94
000d7d20_3090,11744.96
000d7d20_3091,11745.0
000d7d20_3092,11745.03
000d7d20_3093,11745.06
000d7d20_3094,11745.05
000d7d20_3095,11745.04
000d7d20_3096,11745.04
000d7d20_3097,11745.06
000d7d20_3098,11745.08
000d7d20_3099,11745.09
000d7d20_3100,11745.1
000d7d20_3101,11745.11
000d7d20_3102,11745.1
000d7d20_3103,11745.09
000d7d20_3104,11745.09
000d7d20_3105,11745.08
000d7d20_3106,11745.08
000d7d20_3107,11745.08
000d7d20_3108,11745.08
000d7d20_3109,11745.09
000d7d20_3110,11745.08
000d7d20_3111,11745.1
000d7d20_3112,11745.13
000d7d20_3113,11745.18
000d7d20_3114,11745.22
000d7d20_3115,11745.28
000d7d20_3116,11745.33
000d7d20_3117,11745.38
000d7d20_3118,11745.42
000d7d20_3119,11745.47
000d7d20_3120,11745.52
000d7d20_3121,11745.55
000d7d20_3122,11745.58
000d7d20_3123,11745.61
000d7d20_3124,11745.62
000d7d20_3125,11745.62
000d7d20_3126,11745.6
000d7d20_3127,11745.61
000d7d20_3128,11745.61
000d7d20_3129,11745.62
000d7d20_3130,11745.63
000d7d20_3131,11745.64
000d7d20_3132,11745.64
000d7d20_3133,11745.64
000d7d20_3134,11745.64
000d7d20_3135,11745.65
000d7d20_3136,11745.66
000d7d20_3137,11745.67
000d7d20_3138,11745.66
000d7d20_3139,11745.67
000d7d20_3140,11745.67
000d7d20_3141,11745.66
000d7d20_3142,11745.67
000d7d20_3143,11745.68
000d7d20_3144,11745.68
000d7d20_3145,11745.67
000d7d20_3146,11745.65
000d7d20_3147,11745.62
000d7d20_3148,11745.58
000d7d20_3149,11745.55
000d7d20_3150,11745.5
000d7d20_3151,11745.48
000d7d20_3152,11745.46
000d7d20_3153,11745.44
000d7d20_3154,11745.41
000d7d20_3155,11745.39
000d7d20_3156,11745.37
000d7d20_3157,11745.36
000d7d20_3158,11745.36
000d7d20_3159,11745.35
000d7d20_3160,11745.32
000d7d20_3161,11745.28
000d7d20_3162,11745.25
000d7d20_3163,11745.22
000d7d20_3164,11745.2
000d7d20_3165,11745.18
000d7d20_3166,11745.16
000d7d20_3167,11745.16
000d7d20_3168,11745.16
000d7d20_3169,11745.15
000d7d20_3170,11745.14
000d7d20_3171,11745.13
000d7d20_3172,11745.12
000d7d20_3173,11745.11
000d7d20_3174,11745.09
000d7d20_3175,11745.08
000d7d20_3176,11745.07
000d7d20_3177,11745.05
000d7d20_3178,11745.04
000d7d20_3179,11745.02
000d7d20_3180,11745.02
000d7d20_3181,11745.01
000d7d20_3182,11744.99
000d7d20_3183,11745.0
000d7d20_3184,11745.01
000d7d20_3185,11745.03
000d7d20_3186,11745.06
000d7d20_3187,11745.09
000d7d20_3188,11745.12
000d7d20_3189,11745.15
000d7d20_3190,11745.19
000d7d20_3191,11745.23
000d7d20_3192,11745.28
000d7d20_3193,11745.32
000d7d20_3194,11745.33
000d7d20_3195,11745.35
000d7d20_3196,11745.32
000d7d20_3197,11745.29
000d7d20_3198,11745.27
000d7d20_3199,11745.26
000d7d20_3200,11745.26
000d7d20_3201,11745.25
000d7d20_3202,11745.26
000d7d20_3203,11745.25
000d7d20_3204,11745.24
000d7d20_3205,11745.24
000d7d20_3206,11745.25
000d7d20_3207,11745.26
000d7d20_3208,11745.29
000d7d20_3209,11745.29
000d7d20_3210,11745.29
000d7d20_3211,11745.29
000d7d20_3212,11745.26
000d7d20_3213,11745.26
000d7d20_3214,11745.26
000d7d20_3215,11745.26
000d7d20_3216,11745.26
000d7d20_3217,11745.26
000d7d20_3218,11745.25
000d7d20_3219,11745.24
000d7d20_3220,11745.22
000d7d20_3221,11745.21
000d7d20_3222,11745.2
000d7d20_3223,11745.19
000d7d20_3224,11745.17
000d7d20_3225,11745.16
000d7d20_3226,11745.14
000d7d20_3227,11745.13
000d7d20_3228,11745.12
000d7d20_3229,11745.11
000d7d20_3230,11745.09
000d7d20_3231,11745.07
000d7d20_3232,11745.05
000d7d20_3233,11745.0
000d7d20_3234,11744.96
000d7d20_3235,11744.91
000d7d20_3236,11744.86
000d7d20_3237,11744.8
000d7d20_3238,11744.75
000d7d20_3239,11744.73
000d7d20_3240,11744.71
000d7d20_3241,11744.7
000d7d20_3242,11744.7
000d7d20_3243,11744.72
000d7d20_3244,11744.74
000d7d20_3245,11744.76
000d7d20_3246,11744.76
000d7d20_3247,11744.76
000d7d20_3248,11744.76
000d7d20_3249,11744.75
000d7d20_3250,11744.73
000d7d20_3251,11744.7
000d7d20_3252,11744.68
000d7d20_3253,11744.65
000d7d20_3254,11744.64
000d7d20_3255,11744.64
000d7d20_3256,11744.64
000d7d20_3257,11744.65
000d7d20_3258,11744.66
000d7d20_3259,11744.67
000d7d20_3260,11744.68
000d7d20_3261,11744.68
000d7d20_3262,11744.69
000d7d20_3263,11744.71
000d7d20_3264,11744.72
000d7d20_3265,11744.72
000d7d20_3266,11744.73
000d7d20_3267,11744.74
000d7d20_3268,11744.73
000d7d20_3269,11744.73
000d7d20_3270,11744.72
000d7d20_3271,11744.72
000d7d20_3272,11744.71
000d7d20_3273,11744.71
000d7d20_3274,11744.72
000d7d20_3275,11744.72
000d7d20_3276,11744.73
000d7d20_3277,11744.73
000d7d20_3278,11744.74
000d7d20_3279,11744.74
000d7d20_3280,11744.74
000d7d20_3281,11744.74
000d7d20_3282,11744.73
000d7d20_3283,11744.71
000d7d20_3284,11744.72
000d7d20_3285,11744.75
000d7d20_3286,11744.79
000d7d20_3287,11744.84
000d7d20_3288,11744.91
000d7d20_3289,11744.99
000d7d20_3290,11745.07
000d7d20_3291,11745.14
000d7d20_3292,11745.22
000d7d20_3293,11745.29
000d7d20_3294,11745.36
000d7d20_3295,11745.41
000d7d20_3296,11745.45
000d7d20_3297,11745.46
000d7d20_3298,11745.47
000d7d20_3299,11745.48
000d7d20_3300,11745.51
000d7d20_3301,11745.53
000d7d20_3302,11745.55
000d7d20_3303,11745.57
000d7d20_3304,11745.6
000d7d20_3305,11745.61
000d7d20_3306,11745.62
000d7d20_3307,11745.64
000d7d20_3308,11745.65
000d7d20_3309,11745.66
000d7d20_3310,11745.66
000d7d20_3311,11745.66
000d7d20_3312,11745.65
000d7d20_3313,11745.64
000d7d20_3314,11745.63
000d7d20_3315,11745.62
000d7d20_3316,11745.61
000d7d20_3317,11745.61
000d7d20_3318,11745.6
000d7d20_3319,11745.61
000d7d20_3320,11745.61
000d7d20_3321,11745.6
000d7d20_3322,11745.61
000d7d20_3323,11745.6
000d7d20_3324,11745.59
000d7d20_3325,11745.59
000d7d20_3326,11745.59
000d7d20_3327,11745.6
000d7d20_3328,11745.59
000d7d20_3329,11745.59
000d7d20_3330,11745.59
000d7d20_3331,11745.59
000d7d20_3332,11745.6
000d7d20_3333,11745.61
000d7d20_3334,11745.62
000d7d20_3335,11745.64
000d7d20_3336,11745.65
000d7d20_3337,11745.65
000d7d20_3338,11745.66
000d7d20_3339,11745.66
000d7d20_3340,11745.66
000d7d20_3341,11745.66
000d7d20_3342,11745.66
000d7d20_3343,11745.65
000d7d20_3344,11745.64
000d7d20_3345,11745.63
000d7d20_3346,11745.63
000d7d20_3347,11745.63
000d7d20_3348,11745.63
000d7d20_3349,11745.63
000d7d20_3350,11745.63
000d7d20_3351,11745.63
000d7d20_3352,11745.63
000d7d20_3353,11745.65
000d7d20_3354,11745.66
000d7d20_3355,11745.65
000d7d20_3356,11745.64
000d7d20_3357,11745.62
000d7d20_3358,11745.59
000d7d20_3359,11745.56
000d7d20_3360,11745.52
000d7d20_3361,11745.49
000d7d20_3362,11745.46
000d7d20_3363,11745.44
000d7d20_3364,11745.43
000d7d20_3365,11745.43
000d7d20_3366,11745.44
000d7d20_3367,11745.46
000d7d20_3368,11745.48
000d7d20_3369,11745.52
000d7d20_3370,11745.54
000d7d20_3371,11745.53
000d7d20_3372,11745.53
000d7d20_3373,11745.54
000d7d20_3374,11745.55
000d7d20_3375,11745.57
000d7d20_3376,11745.59
000d7d20_3377,11745.63
000d7d20_3378,11745.68
000d7d20_3379,11745.72
000d7d20_3380,11745.78
000d7d20_3381,11745.82
000d7d20_3382,11745.86
000d7d20_3383,11745.88
000d7d20_3384,11745.9
000d7d20_3385,11745.91
000d7d20_3386,11745.9
000d7d20_3387,11745.88
000d7d20_3388,11745.87
000d7d20_3389,11745.87
000d7d20_3390,11745.87
000d7d20_3391,11745.88
000d7d20_3392,11745.89
000d7d20_3393,11745.89
000d7d20_3394,11745.88
000d7d20_3395,11745.87
000d7d20_3396,11745.87
000d7d20_3397,11745.86
000d7d20_3398,11745.84
000d7d20_3399,11745.83
000d7d20_3400,11745.82
000d7d20_3401,11745.8
000d7d20_3402,11745.79
000d7d20_3403,11745.78
000d7d20_3404,11745.76
000d7d20_3405,11745.75
000d7d20_3406,11745.75
000d7d20_3407,11745.74
000d7d20_3408,11745.72
000d7d20_3409,11745.68
000d7d20_3410,11745.63
000d7d20_3411,11745.6
000d7d20_3412,11745.57
000d7d20_3413,11745.54
000d7d20_3414,11745.52
000d7d20_3415,11745.5
000d7d20_3416,11745.49
000d7d20_3417,11745.48
000d7d20_3418,11745.47
000d7d20_3419,11745.47
000d7d20_3420,11745.47
000d7d20_3421,11745.47
000d7d20_3422,11745.48
000d7d20_3423,11745.47
000d7d20_3424,11745.47
000d7d20_3425,11745.46
000d7d20_3426,11745.44
000d7d20_3427,11745.45
000d7d20_3428,11745.45
000d7d20_3429,11745.45
000d7d20_3430,11745.44
000d7d20_3431,11745.44
000d7d20_3432,11745.45
000d7d20_3433,11745.45
000d7d20_3434,11745.46
000d7d20_3435,11745.47
000d7d20_3436,11745.46
000d7d20_3437,11745.47
000d7d20_3438,11745.48
000d7d20_3439,11745.48
000d7d20_3440,11745.49
000d7d20_3441,11745.5
000d7d20_3442,11745.5
000d7d20_3443,11745.5
000d7d20_3444,11745.5
000d7d20_3445,11745.5
000d7d20_3446,11745.5
000d7d20_3447,11745.5
000d7d20_3448,11745.5
000d7d20_3449,11745.51
000d7d20_3450,11745.51
000d7d20_3451,11745.51
000d7d20_3452,11745.51
000d7d20_3453,11745.5
000d7d20_3454,11745.5
000d7d20_3455,11745.5
000d7d20_3456,11745.5
000d7d20_3457,11745.5
000d7d20_3458,11745.5
000d7d20_3459,11745.48
000d7d20_3460,11745.47
000d7d20_3461,11745.47
000d7d20_3462,11745.47
000d7d20_3463,11745.49
000d7d20_3464,11745.51
000d7d20_3465,11745.55
000d7d20_3466,11745.58
000d7d20_3467,11745.62
000d7d20_3468,11745.66
000d7d20_3469,11745.69
000d7d20_3470,11745.72
000d7d20_3471,11745.74
000d7d20_3472,11745.77
000d7d20_3473,11745.78
000d7d20_3474,11745.78
000d7d20_3475,11745.77
000d7d20_3476,11745.77
000d7d20_3477,11745.77
000d7d20_3478,11745.76
000d7d20_3479,11745.76
000d7d20_3480,11745.76
000d7d20_3481,11745.76
000d7d20_3482,11745.76
000d7d20_3483,11745.76
000d7d20_3484,11745.76
000d7d20_3485,11745.77
000d7d20_3486,11745.76
000d7d20_3487,11745.76
000d7d20_3488,11745.76
000d7d20_3489,11745.76
000d7d20_3490,11745.75
000d7d20_3491,11745.75
000d7d20_3492,11745.74
000d7d20_3493,11745.72
000d7d20_3494,11745.7
000d7d20_3495,11745.66
000d7d20_3496,11745.63
000d7d20_3497,11745.6
000d7d20_3498,11745.55
000d7d20_3499,11745.51
000d7d20_3500,11745.48
000d7d20_3501,11745.47
000d7d20_3502,11745.44
000d7d20_3503,11745.42
000d7d20_3504,11745.41
000d7d20_3505,11745.41
000d7d20_3506,11745.4
000d7d20_3507,11745.41
000d7d20_3508,11745.41
000d7d20_3509,11745.41
000d7d20_3510,11745.4
000d7d20_3511,11745.4
000d7d20_3512,11745.4
000d7d20_3513,11745.39
000d7d20_3514,11745.37
000d7d20_3515,11745.36
000d7d20_3516,11745.35
000d7d20_3517,11745.34
000d7d20_3518,11745.34
000d7d20_3519,11745.33
000d7d20_3520,11745.32
000d7d20_3521,11745.32
000d7d20_3522,11745.32
000d7d20_3523,11745.33
000d7d20_3524,11745.33
000d7d20_3525,11745.35
000d7d20_3526,11745.36
000d7d20_3527,11745.37
000d7d20_3528,11745.39
000d7d20_3529,11745.39
000d7d20_3530,11745.38
000d7d20_3531,11745.38
000d7d20_3532,11745.37
000d7d20_3533,11745.36
000d7d20_3534,11745.36
000d7d20_3535,11745.35
000d7d20_3536,11745.35
000d7d20_3537,11745.35
000d7d20_3538,11745.35
000d7d20_3539,11745.37
000d7d20_3540,11745.38
000d7d20_3541,11745.4
000d7d20_3542,11745.41
000d7d20_3543,11745.42
000d7d20_3544,11745.43
000d7d20_3545,11745.43
000d7d20_3546,11745.44
000d7d20_3547,11745.43
000d7d20_3548,11745.43
000d7d20_3549,11745.43
000d7d20_3550,11745.43
000d7d20_3551,11745.43
000d7d20_3552,11745.44
000d7d20_3553,11745.45
000d7d20_3554,11745.46
000d7d20_3555,11745.47
000d7d20_3556,11745.48
000d7d20_3557,11745.49
000d7d20_3558,11745.5
000d7d20_3559,11745.51
000d7d20_3560,11745.52
000d7d20_3561,11745.52
000d7d20_3562,11745.52
000d7d20_3563,11745.52
000d7d20_3564,11745.52
000d7d20_3565,11745.52
000d7d20_3566,11745.53
000d7d20_3567,11745.55
000d7d20_3568,11745.57
000d7d20_3569,11745.59
000d7d20_3570,11745.6
000d7d20_3571,11745.64
000d7d20_3572,11745.67
000d7d20_3573,11745.7
000d7d20_3574,11745.72
000d7d20_3575,11745.72
000d7d20_3576,11745.72
000d7d20_3577,11745.71
000d7d20_3578,11745.72
000d7d20_3579,11745.71
000d7d20_3580,11745.7
000d7d20_3581,11745.7
000d7d20_3582,11745.69
000d7d20_3583,11745.67
000d7d20_3584,11745.66
000d7d20_3585,11745.65
000d7d20_3586,11745.64
000d7d20_3587,11745.64
000d7d20_3588,11745.62
000d7d20_3589,11745.61
000d7d20_3590,11745.59
000d7d20_3591,11745.58
000d7d20_3592,11745.56
000d7d20_3593,11745.57
000d7d20_3594,11745.6
000d7d20_3595,11745.62
000d7d20_3596,11745.64
000d7d20_3597,11745.64
000d7d20_3598,11745.62
000d7d20_3599,11745.6
000d7d20_3600,11745.59
000d7d20_3601,11745.57
000d7d20_3602,11745.54
000d7d20_3603,11745.51
000d7d20_3604,11745.45
000d7d20_3605,11745.41
000d7d20_3606,11745.36
000d7d20_3607,11745.31
000d7d20_3608,11745.28
000d7d20_3609,11745.26
000d7d20_3610,11745.23
000d7d20_3611,11745.2
000d7d20_3612,11745.17
000d7d20_3613,11745.14
000d7d20_3614,11745.1
000d7d20_3615,11745.08
000d7d20_3616,11745.05
000d7d20_3617,11745.03
000d7d20_3618,11745.0
000d7d20_3619,11744.95
000d7d20_3620,11744.87
000d7d20_3621,11744.78
000d7d20_3622,11744.7
000d7d20_3623,11744.62
000d7d20_3624,11744.57
000d7d20_3625,11744.52
000d7d20_3626,11744.48
000d7d20_3627,11744.45
000d7d20_3628,11744.43
000d7d20_3629,11744.42
000d7d20_3630,11744.42
000d7d20_3631,11744.42
000d7d20_3632,11744.42
000d7d20_3633,11744.43
000d7d20_3634,11744.43
000d7d20_3635,11744.4
000d7d20_3636,11744.32
000d7d20_3637,11744.26
000d7d20_3638,11744.24
000d7d20_3639,11744.24
000d7d20_3640,11744.25
000d7d20_3641,11744.28
000d7d20_3642,11744.34
000d7d20_3643,11744.42
000d7d20_3644,11744.5
000d7d20_3645,11744.58
000d7d20_3646,11744.64
000d7d20_3647,11744.72
000d7d20_3648,11744.76
000d7d20_3649,11744.81
000d7d20_3650,11744.83
000d7d20_3651,11744.81
000d7d20_3652,11744.76
000d7d20_3653,11744.75
000d7d20_3654,11744.74
000d7d20_3655,11744.71
000d7d20_3656,11744.67
000d7d20_3657,11744.64
000d7d20_3658,11744.61
000d7d20_3659,11744.6
000d7d20_3660,11744.58
000d7d20_3661,11744.56
000d7d20_3662,11744.56
000d7d20_3663,11744.56
000d7d20_3664,11744.54
000d7d20_3665,11744.51
000d7d20_3666,11744.47
000d7d20_3667,11744.45
000d7d20_3668,11744.41
000d7d20_3669,11744.36
000d7d20_3670,11744.3
000d7d20_3671,11744.23
000d7d20_3672,11744.15
000d7d20_3673,11744.1
000d7d20_3674,11744.04
000d7d20_3675,11744.03
000d7d20_3676,11744.04
000d7d20_3677,11744.06
000d7d20_3678,11744.06
000d7d20_3679,11744.08
000d7d20_3680,11744.09
000d7d20_3681,11744.12
000d7d20_3682,11744.16
000d7d20_3683,11744.19
000d7d20_3684,11744.21
000d7d20_3685,11744.23
000d7d20_3686,11744.26
000d7d20_3687,11744.28
000d7d20_3688,11744.31
000d7d20_3689,11744.35
000d7d20_3690,11744.38
000d7d20_3691,11744.4
000d7d20_3692,11744.42
000d7d20_3693,11744.43
000d7d20_3694,11744.42
000d7d20_3695,11744.42
000d7d20_3696,11744.42
000d7d20_3697,11744.4
000d7d20_3698,11744.35
000d7d20_3699,11744.29
000d7d20_3700,11744.23
000d7d20_3701,11744.16
000d7d20_3702,11744.09
000d7d20_3703,11744.02
000d7d20_3704,11743.96
000d7d20_3705,11743.91
000d7d20_3706,11743.86
000d7d20_3707,11743.83
000d7d20_3708,11743.82
000d7d20_3709,11743.8
000d7d20_3710,11743.81
000d7d20_3711,11743.82
000d7d20_3712,11743.85
000d7d20_3713,11743.85
000d7d20_3714,11743.88
000d7d20_3715,11743.93
000d7d20_3716,11743.99
000d7d20_3717,11744.06
000d7d20_3718,11744.14
000d7d20_3719,11744.2
000d7d20_3720,11744.28
000d7d20_3721,11744.35
000d7d20_3722,11744.44
000d7d20_3723,11744.51
000d7d20_3724,11744.58
000d7d20_3725,11744.64
000d7d20_3726,11744.73
000d7d20_3727,11744.77
000d7d20_3728,11744.8
000d7d20_3729,11744.81
000d7d20_3730,11744.83
000d7d20_3731,11744.85
000d7d20_3732,11744.86
000d7d20_3733,11744.84
000d7d20_3734,11744.79
000d7d20_3735,11744.73
000d7d20_3736,11744.69
000d7d20_3737,11744.66
000d7d20_3738,11744.66
000d7d20_3739,11744.66
000d7d20_3740,11744.68
000d7d20_3741,11744.72
000d7d20_3742,11744.73
000d7d20_3743,11744.7
000d7d20_3744,11744.64
000d7d20_3745,11744.56
000d7d20_3746,11744.46
000d7d20_3747,11744.37
000d7d20_3748,11744.28
000d7d20_3749,11744.13
000d7d20_3750,11743.95
000d7d20_3751,11743.76
000d7d20_3752,11743.54
000d7d20_3753,11743.32
000d7d20_3754,11743.11
000d7d20_3755,11742.91
000d7d20_3756,11742.72
000d7d20_3757,11742.55
000d7d20_3758,11742.39
000d7d20_3759,11742.25
000d7d20_3760,11742.14
000d7d20_3761,11742.07
000d7d20_3762,11742.04
000d7d20_3763,11742.07
000d7d20_3764,11742.12
000d7d20_3765,11742.13
000d7d20_3766,11742.16
000d7d20_3767,11742.16
000d7d20_3768,11742.17
000d7d20_3769,11742.16
000d7d20_3770,11742.16
000d7d20_3771,11742.14
000d7d20_3772,11742.12
000d7d20_3773,11742.09
000d7d20_3774,11742.1
000d7d20_3775,11742.09
000d7d20_3776,11742.09
000d7d20_3777,11742.08
000d7d20_3778,11742.06
000d7d20_3779,11742.03
000d7d20_3780,11741.99
000d7d20_3781,11741.97
000d7d20_3782,11741.93
000d7d20_3783,11741.9
000d7d20_3784,11741.88
000d7d20_3785,11741.81
000d7d20_3786,11741.74
000d7d20_3787,11741.64
000d7d20_3788,11741.53
000d7d20_3789,11741.41
000d7d20_3790,11741.29
000d7d20_3791,11741.16
000d7d20_3792,11741.04
000d7d20_3793,11740.89
000d7d20_3794,11740.76
000d7d20_3795,11740.64
000d7d20_3796,11740.53
000d7d20_3797,11740.47
000d7d20_3798,11740.43
000d7d20_3799,11740.43
000d7d20_3800,11740.42
000d7d20_3801,11740.39
000d7d20_3802,11740.4
000d7d20_3803,11740.4
000d7d20_3804,11740.41
000d7d20_3805,11740.41
000d7d20_3806,11740.41
000d7d20_3807,11740.4
000d7d20_3808,11740.38
000d7d20_3809,11740.36
000d7d20_3810,11740.37
000d7d20_3811,11740.35
000d7d20_3812,11740.26
000d7d20_3813,11740.26
000d7d20_3814,11740.28
000d7d20_3815,11740.32
000d7d20_3816,11740.37
000d7d20_3817,11740.41
000d7d20_3818,11740.44
000d7d20_3819,11740.44
000d7d20_3820,11740.44
000d7d20_3821,11740.42
000d7d20_3822,11740.38
000d7d20_3823,11740.31
000d7d20_3824,11740.24
000d7d20_3825,11740.15
000d7d20_3826,11740.04
000d7d20_3827,11739.88
000d7d20_3828,11739.72
000d7d20_3829,11739.67
000d7d20_3830,11739.57
000d7d20_3831,11739.45
000d7d20_3832,11739.32
000d7d20_3833,11739.19
000d7d20_3834,11739.06
000d7d20_3835,11738.93
000d7d20_3836,11738.84
000d7d20_3837,11738.77
000d7d20_3838,11738.7
000d7d20_3839,11738.67
000d7d20_3840,11738.67
000d7d20_3841,11738.64
000d7d20_3842,11738.6
000d7d20_3843,11738.59
000d7d20_3844,11738.59
000d7d20_3845,11738.57
000d7d20_3846,11738.49
000d7d20_3847,11738.43
000d7d20_3848,11738.38
000d7d20_3849,11738.33
000d7d20_3850,11738.25
000d7d20_3851,11738.18
000d7d20_3852,11738.12
000d7d20_3853,11738.09
000d7d20_3854,11738.07
000d7d20_3855,11738.07
000d7d20_3856,11738.07
000d7d20_3857,11738.08
000d7d20_3858,11738.08
000d7d20_3859,11738.08
000d7d20_3860,11738.07
000d7d20_3861,11738.06
000d7d20_3862,11738.03
000d7d20_3863,11737.98
000d7d20_3864,11737.93
000d7d20_3865,11737.87
000d7d20_3866,11737.78
000d7d20_3867,11737.73
000d7d20_3868,11737.67
000d7d20_3869,11737.62
000d7d20_3870,11737.58
000d7d20_3871,11737.56
000d7d20_3872,11737.57
000d7d20_3873,11737.58
000d7d20_3874,11737.6
000d7d20_3875,11737.6
000d7d20_3876,11737.59
000d7d20_3877,11737.57
000d7d20_3878,11737.55
000d7d20_3879,11737.5
000d7d20_3880,11737.44
000d7d20_3881,11737.4
000d7d20_3882,11737.34
000d7d20_3883,11737.29
000d7d20_3884,11737.22
000d7d20_3885,11737.17
000d7d20_3886,11737.14
000d7d20_3887,11737.13
000d7d20_3888,11737.1
000d7d20_3889,11737.07
000d7d20_3890,11737.03
000d7d20_3891,11736.94
000d7d20_3892,11736.85
000d7d20_3893,11736.75
000d7d20_3894,11736.68
000d7d20_3895,11736.6
000d7d20_3896,11736.5
000d7d20_3897,11736.4
000d7d20_3898,11736.29
000d7d20_3899,11736.2
000d7d20_3900,11736.13
000d7d20_3901,11736.12
000d7d20_3902,11736.15
000d7d20_3903,11736.21
000d7d20_3904,11736.26
000d7d20_3905,11736.31
000d7d20_3906,11736.35
000d7d20_3907,11736.38
000d7d20_3908,11736.4
000d7d20_3909,11736.44
000d7d20_3910,11736.47
000d7d20_3911,11736.47
000d7d20_3912,11736.43
000d7d20_3913,11736.38
000d7d20_3914,11736.32
000d7d20_3915,11736.26
000d7d20_3916,11736.23
000d7d20_3917,11736.24
000d7d20_3918,11736.25
000d7d20_3919,11736.27
000d7d20_3920,11736.28
000d7d20_3921,11736.28
000d7d20_3922,11736.29
000d7d20_3923,11736.28
000d7d20_3924,11736.28
000d7d20_3925,11736.27
000d7d20_3926,11736.27
000d7d20_3927,11736.27
000d7d20_3928,11736.28
000d7d20_3929,11736.26
000d7d20_3930,11736.24
000d7d20_3931,11736.22
000d7d20_3932,11736.21
000d7d20_3933,11736.2
000d7d20_3934,11736.17
000d7d20_3935,11736.12
000d7d20_3936,11736.06
000d7d20_3937,11736.0
000d7d20_3938,11735.94
000d7d20_3939,11735.89
000d7d20_3940,11735.83
000d7d20_3941,11735.79
000d7d20_3942,11735.77
000d7d20_3943,11735.74
000d7d20_3944,11735.71
000d7d20_3945,11735.68
000d7d20_3946,11735.66
000d7d20_3947,11735.66
000d7d20_3948,11735.66
000d7d20_3949,11735.67
000d7d20_3950,11735.66
000d7d20_3951,11735.64
000d7d20_3952,11735.61
000d7d20_3953,11735.57
000d7d20_3954,11735.52
000d7d20_3955,11735.48
000d7d20_3956,11735.43
000d7d20_3957,11735.38
000d7d20_3958,11735.34
000d7d20_3959,11735.31
000d7d20_3960,11735.27
000d7d20_3961,11735.25
000d7d20_3962,11735.22
000d7d20_3963,11735.22
000d7d20_3964,11735.22
000d7d20_3965,11735.23
000d7d20_3966,11735.21
000d7d20_3967,11735.19
000d7d20_3968,11735.16
000d7d20_3969,11735.13
000d7d20_3970,11735.12
000d7d20_3971,11735.09
000d7d20_3972,11735.07
000d7d20_3973,11735.04
000d7d20_3974,11735.02
000d7d20_3975,11734.99
000d7d20_3976,11734.97
000d7d20_3977,11734.96
000d7d20_3978,11734.95
000d7d20_3979,11734.95
000d7d20_3980,11734.95
000d7d20_3981,11734.95
000d7d20_3982,11734.95
000d7d20_3983,11734.95
000d7d20_3984,11734.93
000d7d20_3985,11734.92
000d7d20_3986,11734.93
000d7d20_3987,11734.94
000d7d20_3988,11734.96
000d7d20_3989,11734.95
000d7d20_3990,11735.01
000d7d20_3991,11735.1
000d7d20_3992,11735.22
000d7d20_3993,11735.34
000d7d20_3994,11735.45
000d7d20_3995,11735.56
000d7d20_3996,11735.64
000d7d20_3997,11735.71
000d7d20_3998,11735.76
000d7d20_3999,11735.78
000d7d20_4000,11735.77
000d7d20_4001,11735.77
000d7d20_4002,11735.76
000d7d20_4003,11735.72
000d7d20_4004,11735.69
000d7d20_4005,11735.65
000d7d20_4006,11735.66
000d7d20_4007,11735.68
000d7d20_4008,11735.7
000d7d20_4009,11735.75
000d7d20_4010,11735.78
000d7d20_4011,11735.8
000d7d20_4012,11735.81
000d7d20_4013,11735.8
000d7d20_4014,11735.79
000d7d20_4015,11735.78
000d7d20_4016,11735.75
000d7d20_4017,11735.72
000d7d20_4018,11735.68
000d7d20_4019,11735.63
000d7d20_4020,11735.6
000d7d20_4021,11735.56
000d7d20_4022,11735.54
000d7d20_4023,11735.52
000d7d20_4024,11735.53
000d7d20_4025,11735.54
000d7d20_4026,11735.55
000d7d20_4027,11735.55
000d7d20_4028,11735.54
000d7d20_4029,11735.52
000d7d20_4030,11735.52
000d7d20_4031,11735.52
000d7d20_4032,11735.5
000d7d20_4033,11735.5
000d7d20_4034,11735.49
000d7d20_4035,11735.48
000d7d20_4036,11735.48
000d7d20_4037,11735.48
000d7d20_4038,11735.48
000d7d20_4039,11735.48
000d7d20_4040,11735.47
000d7d20_4041,11735.47
000d7d20_4042,11735.47
000d7d20_4043,11735.47
000d7d20_4044,11735.46
000d7d20_4045,11735.45
000d7d20_4046,11735.44
000d7d20_4047,11735.44
000d7d20_4048,11735.43
000d7d20_4049,11735.42
000d7d20_4050,11735.4
000d7d20_4051,11735.39
000d7d20_4052,11735.37
000d7d20_4053,11735.36
000d7d20_4054,11735.35
000d7d20_4055,11735.33
000d7d20_4056,11735.32
000d7d20_4057,11735.31
000d7d20_4058,11735.3
000d7d20_4059,11735.29
000d7d20_4060,11735.28
000d7d20_4061,11735.27
000d7d20_4062,11735.27
000d7d20_4063,11735.27
000d7d20_4064,11735.27
000d7d20_4065,11735.26
000d7d20_4066,11735.25
000d7d20_4067,11735.24
000d7d20_4068,11735.22
000d7d20_4069,11735.19
000d7d20_4070,11735.17
000d7d20_4071,11735.16
000d7d20_4072,11735.16
000d7d20_4073,11735.17
000d7d20_4074,11735.18
000d7d20_4075,11735.22
000d7d20_4076,11735.24
000d7d20_4077,11735.28
000d7d20_4078,11735.32
000d7d20_4079,11735.36
000d7d20_4080,11735.38
000d7d20_4081,11735.4
000d7d20_4082,11735.4
000d7d20_4083,11735.39
000d7d20_4084,11735.38
000d7d20_4085,11735.35
000d7d20_4086,11735.35
000d7d20_4087,11735.34
000d7d20_4088,11735.34
000d7d20_4089,11735.34
000d7d20_4090,11735.34
000d7d20_4091,11735.34
000d7d20_4092,11735.34
000d7d20_4093,11735.34
000d7d20_4094,11735.34
000d7d20_4095,11735.34
000d7d20_4096,11735.35
000d7d20_4097,11735.34
000d7d20_4098,11735.36
000d7d20_4099,11735.37
000d7d20_4100,11735.36
000d7d20_4101,11735.37
000d7d20_4102,11735.37
000d7d20_4103,11735.36
000d7d20_4104,11735.37
000d7d20_4105,11735.38
000d7d20_4106,11735.39
000d7d20_4107,11735.41
000d7d20_4108,11735.44
000d7d20_4109,11735.47
000d7d20_4110,11735.5
000d7d20_4111,11735.54
000d7d20_4112,11735.58
000d7d20_4113,11735.62
000d7d20_4114,11735.66
000d7d20_4115,11735.69
000d7d20_4116,11735.7
000d7d20_4117,11735.71
000d7d20_4118,11735.7
000d7d20_4119,11735.68
000d7d20_4120,11735.66
000d7d20_4121,11735.63
000d7d20_4122,11735.61
000d7d20_4123,11735.58
000d7d20_4124,11735.56
000d7d20_4125,11735.53
000d7d20_4126,11735.5
000d7d20_4127,11735.48
000d7d20_4128,11735.46
000d7d20_4129,11735.44
000d7d20_4130,11735.43
000d7d20_4131,11735.42
000d7d20_4132,11735.4
000d7d20_4133,11735.37
000d7d20_4134,11735.34
000d7d20_4135,11735.32
000d7d20_4136,11735.29
000d7d20_4137,11735.27
000d7d20_4138,11735.25
000d7d20_4139,11735.23
000d7d20_4140,11735.21
000d7d20_4141,11735.2
000d7d20_4142,11735.18
000d7d20_4143,11735.19
000d7d20_4144,11735.18
000d7d20_4145,11735.18
000d7d20_4146,11735.18
000d7d20_4147,11735.19
000d7d20_4148,11735.22
000d7d20_4149,11735.25
000d7d20_4150,11735.29
000d7d20_4151,11735.33
000d7d20_4152,11735.36
000d7d20_4153,11735.39
000d7d20_4154,11735.41
000d7d20_4155,11735.42
000d7d20_4156,11735.43
000d7d20_4157,11735.44
000d7d20_4158,11735.44
000d7d20_4159,11735.45
000d7d20_4160,11735.45
000d7d20_4161,11735.46
000d7d20_4162,11735.48
000d7d20_4163,11735.49
000d7d20_4164,11735.49
000d7d20_4165,11735.5
000d7d20_4166,11735.52
000d7d20_4167,11735.52
000d7d20_4168,11735.51
000d7d20_4169,11735.5
000d7d20_4170,11735.48
000d7d20_4171,11735.44
000d7d20_4172,11735.39
000d7d20_4173,11735.33
000d7d20_4174,11735.26
000d7d20_4175,11735.19
000d7d20_4176,11735.12
000d7d20_4177,11735.06
000d7d20_4178,11734.98
000d7d20_4179,11734.9
000d7d20_4180,11734.84
000d7d20_4181,11734.8
000d7d20_4182,11734.78
000d7d20_4183,11734.75
000d7d20_4184,11734.73
000d7d20_4185,11734.73
000d7d20_4186,11734.73
000d7d20_4187,11734.73
000d7d20_4188,11734.73
000d7d20_4189,11734.74
000d7d20_4190,11734.74
000d7d20_4191,11734.74
000d7d20_4192,11734.74
000d7d20_4193,11734.74
000d7d20_4194,11734.74
000d7d20_4195,11734.74
000d7d20_4196,11734.74
000d7d20_4197,11734.74
000d7d20_4198,11734.76
000d7d20_4199,11734.78
000d7d20_4200,11734.81
000d7d20_4201,11734.84
000d7d20_4202,11734.87
000d7d20_4203,11734.9
000d7d20_4204,11734.92
000d7d20_4205,11734.94
000d7d20_4206,11734.95
000d7d20_4207,11734.95
000d7d20_4208,11734.94
000d7d20_4209,11734.93
000d7d20_4210,11734.91
000d7d20_4211,11734.9
000d7d20_4212,11734.88
000d7d20_4213,11734.88
000d7d20_4214,11734.87
000d7d20_4215,11734.87
000d7d20_4216,11734.86
000d7d20_4217,11734.85
000d7d20_4218,11734.84
000d7d20_4219,11734.82
000d7d20_4220,11734.81
000d7d20_4221,11734.8
000d7d20_4222,11734.79
000d7d20_4223,11734.78
000d7d20_4224,11734.77
000d7d20_4225,11734.77
000d7d20_4226,11734.77
000d7d20_4227,11734.77
000d7d20_4228,11734.77
000d7d20_4229,11734.78
000d7d20_4230,11734.79
000d7d20_4231,11734.78
000d7d20_4232,11734.78
000d7d20_4233,11734.77
000d7d20_4234,11734.76
000d7d20_4235,11734.74
000d7d20_4236,11734.73
000d7d20_4237,11734.72
000d7d20_4238,11734.7
000d7d20_4239,11734.69
000d7d20_4240,11734.67
000d7d20_4241,11734.65
000d7d20_4242,11734.65
000d7d20_4243,11734.65
000d7d20_4244,11734.67
000d7d20_4245,11734.71
000d7d20_4246,11734.74
000d7d20_4247,11734.77
000d7d20_4248,11734.81
000d7d20_4249,11734.84
000d7d20_4250,11734.88
000d7d20_4251,11734.92
000d7d20_4252,11734.95
000d7d20_4253,11734.96
000d7d20_4254,11734.97
000d7d20_4255,11734.96
000d7d20_4256,11734.93
000d7d20_4257,11734.92
000d7d20_4258,11734.89
000d7d20_4259,11734.89
000d7d20_4260,11734.88
000d7d20_4261,11734.87
000d7d20_4262,11734.86
000d7d20_4263,11734.86
000d7d20_4264,11734.86
000d7d20_4265,11734.86
000d7d20_4266,11734.86
000d7d20_4267,11734.85
000d7d20_4268,11734.86
000d7d20_4269,11734.84
000d7d20_4270,11734.83
000d7d20_4271,11734.85
000d7d20_4272,11734.87
000d7d20_4273,11734.89
000d7d20_4274,11734.9
000d7d20_4275,11734.93
000d7d20_4276,11734.93
000d7d20_4277,11734.93
000d7d20_4278,11734.93
000d7d20_4279,11734.94
000d7d20_4280,11734.94
000d7d20_4281,11734.93
000d7d20_4282,11734.94
000d7d20_4283,11734.94
000d7d20_4284,11734.94
000d7d20_4285,11734.92
000d7d20_4286,11734.94
000d7d20_4287,11734.98
000d7d20_4288,11735.01
000d7d20_4289,11735.05
000d7d20_4290,11735.09
000d7d20_4291,11735.12
000d7d20_4292,11735.14
000d7d20_4293,11735.16
000d7d20_4294,11735.17
000d7d20_4295,11735.17
000d7d20_4296,11735.18
000d7d20_4297,11735.18
000d7d20_4298,11735.19
000d7d20_4299,11735.17
000d7d20_4300,11735.15
000d7d20_4301,11735.13
000d7d20_4302,11735.14
000d7d20_4303,11735.14
000d7d20_4304,11735.15
000d7d20_4305,11735.17
000d7d20_4306,11735.17
000d7d20_4307,11735.17
000d7d20_4308,11735.16
000d7d20_4309,11735.14
000d7d20_4310,11735.12
000d7d20_4311,11735.1
000d7d20_4312,11735.08
000d7d20_4313,11735.06
000d7d20_4314,11735.04
000d7d20_4315,11735.03
000d7d20_4316,11735.02
000d7d20_4317,11735.02
000d7d20_4318,11735.01
000d7d20_4319,11735.01
000d7d20_4320,11735.02
000d7d20_4321,11735.02
000d7d20_4322,11735.03
000d7d20_4323,11735.03
000d7d20_4324,11735.03
000d7d20_4325,11735.04
000d7d20_4326,11735.02
000d7d20_4327,11735.03
000d7d20_4328,11735.05
000d7d20_4329,11735.08
000d7d20_4330,11735.13
000d7d20_4331,11735.18
000d7d20_4332,11735.24
000d7d20_4333,11735.29
000d7d20_4334,11735.35
000d7d20_4335,11735.41
000d7d20_4336,11735.46
000d7d20_4337,11735.5
000d7d20_4338,11735.52
000d7d20_4339,11735.53
000d7d20_4340,11735.54
000d7d20_4341,11735.54
000d7d20_4342,11735.52
000d7d20_4343,11735.52
000d7d20_4344,11735.51
000d7d20_4345,11735.5
000d7d20_4346,11735.5
000d7d20_4347,11735.49
000d7d20_4348,11735.49
000d7d20_4349,11735.49
000d7d20_4350,11735.5
000d7d20_4351,11735.51
000d7d20_4352,11735.53
000d7d20_4353,11735.53
000d7d20_4354,11735.53
000d7d20_4355,11735.55
000d7d20_4356,11735.57
000d7d20_4357,11735.58
000d7d20_4358,11735.58
000d7d20_4359,11735.58
000d7d20_4360,11735.59
000d7d20_4361,11735.59
000d7d20_4362,11735.59
000d7d20_4363,11735.59
000d7d20_4364,11735.6
000d7d20_4365,11735.59
000d7d20_4366,11735.6
000d7d20_4367,11735.6
000d7d20_4368,11735.61
000d7d20_4369,11735.6
000d7d20_4370,11735.6
000d7d20_4371,11735.61
000d7d20_4372,11735.62
000d7d20_4373,11735.64
000d7d20_4374,11735.66
000d7d20_4375,11735.67
000d7d20_4376,11735.71
000d7d20_4377,11735.75
000d7d20_4378,11735.8
000d7d20_4379,11735.85
000d7d20_4380,11735.9
000d7d20_4381,11735.96
000d7d20_4382,11736.0
000d7d20_4383,11736.05
000d7d20_4384,11736.08
000d7d20_4385,11736.12
000d7d20_4386,11736.16
000d7d20_4387,11736.2
000d7d20_4388,11736.22
000d7d20_4389,11736.23
000d7d20_4390,11736.22
000d7d20_4391,11736.21
000d7d20_4392,11736.23
000d7d20_4393,11736.22
000d7d20_4394,11736.2
000d7d20_4395,11736.17
000d7d20_4396,11736.14
000d7d20_4397,11736.12
000d7d20_4398,11736.08
000d7d20_4399,11736.05
000d7d20_4400,11736.02
000d7d20_4401,11736.02
000d7d20_4402,11736.0
000d7d20_4403,11735.98
000d7d20_4404,11735.96
000d7d20_4405,11735.97
000d7d20_4406,11735.97
000d7d20_4407,11735.98
000d7d20_4408,11735.98
000d7d20_4409,11735.99
000d7d20_4410,11736.0
000d7d20_4411,11736.0
000d7d20_4412,11736.01
000d7d20_4413,11736.02
000d7d20_4414,11736.02
000d7d20_4415,11736.04
000d7d20_4416,11736.06
000d7d20_4417,11736.06
000d7d20_4418,11736.06
000d7d20_4419,11736.07
000d7d20_4420,11736.07
000d7d20_4421,11736.07
000d7d20_4422,11736.05
000d7d20_4423,11736.04
000d7d20_4424,11736.01
000d7d20_4425,11736.0
000d7d20_4426,11735.96
000d7d20_4427,11735.93
000d7d20_4428,11735.86
000d7d20_4429,11735.83
000d7d20_4430,11735.84
000d7d20_4431,11735.89
000d7d20_4432,11735.97
000d7d20_4433,11736.07
000d7d20_4434,11736.19
000d7d20_4435,11736.3
000d7d20_4436,11736.41
000d7d20_4437,11736.51
000d7d20_4438,11736.62
000d7d20_4439,11736.69
000d7d20_4440,11736.74
000d7d20_4441,11736.78
000d7d20_4442,11736.8
000d7d20_4443,11736.8
000d7d20_4444,11736.76
000d7d20_4445,11736.78
000d7d20_4446,11736.82
000d7d20_4447,11736.86
000d7d20_4448,11736.9
000d7d20_4449,11736.94
000d7d20_4450,11736.97
000d7d20_4451,11736.97
000d7d20_4452,11736.98
000d7d20_4453,11736.99
000d7d20_4454,11736.99
000d7d20_4455,11736.98
000d7d20_4456,11736.98
000d7d20_4457,11736.97
000d7d20_4458,11736.93
000d7d20_4459,11736.92
000d7d20_4460,11736.91
000d7d20_4461,11736.93
000d7d20_4462,11736.97
000d7d20_4463,11737.0
000d7d20_4464,11737.05
000d7d20_4465,11737.11
000d7d20_4466,11737.16
000d7d20_4467,11737.21
000d7d20_4468,11737.27
000d7d20_4469,11737.33
000d7d20_4470,11737.38
000d7d20_4471,11737.41
000d7d20_4472,11737.42
000d7d20_4473,11737.41
000d7d20_4474,11737.38
000d7d20_4475,11737.38
000d7d20_4476,11737.39
000d7d20_4477,11737.4
000d7d20_4478,11737.41
000d7d20_4479,11737.41
000d7d20_4480,11737.43
000d7d20_4481,11737.45
000d7d20_4482,11737.45
000d7d20_4483,11737.47
000d7d20_4484,11737.47
000d7d20_4485,11737.49
000d7d20_4486,11737.5
000d7d20_4487,11737.49
000d7d20_4488,11737.46
000d7d20_4489,11737.43
000d7d20_4490,11737.39
000d7d20_4491,11737.34
000d7d20_4492,11737.29
000d7d20_4493,11737.24
000d7d20_4494,11737.18
000d7d20_4495,11737.13
000d7d20_4496,11737.1
000d7d20_4497,11737.06
000d7d20_4498,11737.03
000d7d20_4499,11737.0
000d7d20_4500,11737.0
000d7d20_4501,11737.02
000d7d20_4502,11737.04
000d7d20_4503,11737.05
000d7d20_4504,11737.06
000d7d20_4505,11737.06
000d7d20_4506,11737.08
000d7d20_4507,11737.1
000d7d20_4508,11737.12
000d7d20_4509,11737.12
000d7d20_4510,11737.11
000d7d20_4511,11737.13
000d7d20_4512,11737.15
000d7d20_4513,11737.17
000d7d20_4514,11737.2
000d7d20_4515,11737.23
000d7d20_4516,11737.28
000d7d20_4517,11737.32
000d7d20_4518,11737.36
000d7d20_4519,11737.39
000d7d20_4520,11737.4
000d7d20_4521,11737.42
000d7d20_4522,11737.44
000d7d20_4523,11737.46
000d7d20_4524,11737.44
000d7d20_4525,11737.42
000d7d20_4526,11737.4
000d7d20_4527,11737.4
000d7d20_4528,11737.39
000d7d20_4529,11737.39
000d7d20_4530,11737.39
000d7d20_4531,11737.4
000d7d20_4532,11737.42
000d7d20_4533,11737.41
000d7d20_4534,11737.42
000d7d20_4535,11737.43
000d7d20_4536,11737.43
000d7d20_4537,11737.44
000d7d20_4538,11737.46
000d7d20_4539,11737.48
000d7d20_4540,11737.46
000d7d20_4541,11737.47
000d7d20_4542,11737.49
000d7d20_4543,11737.51
000d7d20_4544,11737.54
000d7d20_4545,11737.57
000d7d20_4546,11737.61
000d7d20_4547,11737.65
000d7d20_4548,11737.67
000d7d20_4549,11737.7
000d7d20_4550,11737.73
000d7d20_4551,11737.77
000d7d20_4552,11737.79
000d7d20_4553,11737.81
000d7d20_4554,11737.82
000d7d20_4555,11737.82
000d7d20_4556,11737.8
000d7d20_4557,11737.81
000d7d20_4558,11737.81
000d7d20_4559,11737.81
000d7d20_4560,11737.81
000d7d20_4561,11737.78
000d7d20_4562,11737.77
000d7d20_4563,11737.78
000d7d20_4564,11737.79
000d7d20_4565,11737.82
000d7d20_4566,11737.86
000d7d20_4567,11737.9
000d7d20_4568,11737.94
000d7d20_4569,11737.98
000d7d20_4570,11738.02
000d7d20_4571,11738.05
000d7d20_4572,11738.08
000d7d20_4573,11738.1
000d7d20_4574,11738.12
000d7d20_4575,11738.12
000d7d20_4576,11738.1
000d7d20_4577,11738.06
000d7d20_4578,11738.05
000d7d20_4579,11738.04
000d7d20_4580,11738.04
000d7d20_4581,11738.02
000d7d20_4582,11738.0
000d7d20_4583,11737.96
000d7d20_4584,11737.92
000d7d20_4585,11737.87
000d7d20_4586,11737.83
000d7d20_4587,11737.79
000d7d20_4588,11737.77
000d7d20_4589,11737.75
000d7d20_4590,11737.73
000d7d20_4591,11737.71
000d7d20_4592,11737.68
000d7d20_4593,11737.66
000d7d20_4594,11737.65
000d7d20_4595,11737.63
000d7d20_4596,11737.62
000d7d20_4597,11737.59
000d7d20_4598,11737.55
000d7d20_4599,11737.51
000d7d20_4600,11737.49
000d7d20_4601,11737.46
000d7d20_4602,11737.45
000d7d20_4603,11737.44
000d7d20_4604,11737.45
000d7d20_4605,11737.46
000d7d20_4606,11737.47
000d7d20_4607,11737.48
000d7d20_4608,11737.48
000d7d20_4609,11737.5
000d7d20_4610,11737.51
000d7d20_4611,11737.52
000d7d20_4612,11737.54
000d7d20_4613,11737.56
000d7d20_4614,11737.56
000d7d20_4615,11737.56
000d7d20_4616,11737.56
000d7d20_4617,11737.55
000d7d20_4618,11737.55
000d7d20_4619,11737.55
000d7d20_4620,11737.55
000d7d20_4621,11737.55
000d7d20_4622,11737.56
000d7d20_4623,11737.56
000d7d20_4624,11737.57
000d7d20_4625,11737.58
000d7d20_4626,11737.59
000d7d20_4627,11737.61
000d7d20_4628,11737.62
000d7d20_4629,11737.63
000d7d20_4630,11737.63
000d7d20_4631,11737.63
000d7d20_4632,11737.63
000d7d20_4633,11737.63
000d7d20_4634,11737.63
000d7d20_4635,11737.64
000d7d20_4636,11737.63
000d7d20_4637,11737.63
000d7d20_4638,11737.63
000d7d20_4639,11737.65
000d7d20_4640,11737.66
000d7d20_4641,11737.68
000d7d20_4642,11737.7
000d7d20_4643,11737.7
000d7d20_4644,11737.72
000d7d20_4645,11737.75
000d7d20_4646,11737.78
000d7d20_4647,11737.82
000d7d20_4648,11737.86
000d7d20_4649,11737.89
000d7d20_4650,11737.91
000d7d20_4651,11737.92
000d7d20_4652,11737.93
000d7d20_4653,11737.94
000d7d20_4654,11737.95
000d7d20_4655,11737.96
000d7d20_4656,11737.95
000d7d20_4657,11737.95
000d7d20_4658,11737.92
000d7d20_4659,11737.88
000d7d20_4660,11737.86
000d7d20_4661,11737.83
000d7d20_4662,11737.79
000d7d20_4663,11737.76
000d7d20_4664,11737.72
000d7d20_4665,11737.68
000d7d20_4666,11737.64
000d7d20_4667,11737.61
000d7d20_4668,11737.58
000d7d20_4669,11737.56
000d7d20_4670,11737.55
000d7d20_4671,11737.54
000d7d20_4672,11737.54
000d7d20_4673,11737.55
000d7d20_4674,11737.53
000d7d20_4675,11737.52
000d7d20_4676,11737.51
000d7d20_4677,11737.51
000d7d20_4678,11737.53
000d7d20_4679,11737.54
000d7d20_4680,11737.56
000d7d20_4681,11737.58
000d7d20_4682,11737.61
000d7d20_4683,11737.63
000d7d20_4684,11737.65
000d7d20_4685,11737.67
000d7d20_4686,11737.69
000d7d20_4687,11737.7
000d7d20_4688,11737.7
000d7d20_4689,11737.7
000d7d20_4690,11737.67
000d7d20_4691,11737.64
000d7d20_4692,11737.63
000d7d20_4693,11737.61
000d7d20_4694,11737.59
000d7d20_4695,11737.56
000d7d20_4696,11737.56
000d7d20_4697,11737.58
000d7d20_4698,11737.6
000d7d20_4699,11737.63
000d7d20_4700,11737.65
000d7d20_4701,11737.67
000d7d20_4702,11737.68
000d7d20_4703,11737.66
000d7d20_4704,11737.66
000d7d20_4705,11737.64
000d7d20_4706,11737.62
000d7d20_4707,11737.59
000d7d20_4708,11737.56
000d7d20_4709,11737.52
000d7d20_4710,11737.49
000d7d20_4711,11737.45
000d7d20_4712,11737.45
000d7d20_4713,11737.45
000d7d20_4714,11737.45
000d7d20_4715,11737.45
000d7d20_4716,11737.45
000d7d20_4717,11737.45
000d7d20_4718,11737.45
000d7d20_4719,11737.46
000d7d20_4720,11737.47
000d7d20_4721,11737.48
000d7d20_4722,11737.48
000d7d20_4723,11737.48
000d7d20_4724,11737.48
000d7d20_4725,11737.49
000d7d20_4726,11737.49
000d7d20_4727,11737.5
000d7d20_4728,11737.51
000d7d20_4729,11737.51
000d7d20_4730,11737.51
000d7d20_4731,11737.52
000d7d20_4732,11737.51
000d7d20_4733,11737.5
000d7d20_4734,11737.48
000d7d20_4735,11737.47
000d7d20_4736,11737.46
000d7d20_4737,11737.45
000d7d20_4738,11737.44
000d7d20_4739,11737.42
000d7d20_4740,11737.43
000d7d20_4741,11737.44
000d7d20_4742,11737.43
000d7d20_4743,11737.41
000d7d20_4744,11737.41
000d7d20_4745,11737.39
000d7d20_4746,11737.38
000d7d20_4747,11737.37
000d7d20_4748,11737.34
000d7d20_4749,11737.31
000d7d20_4750,11737.29
000d7d20_4751,11737.29
000d7d20_4752,11737.29
000d7d20_4753,11737.3
000d7d20_4754,11737.3
000d7d20_4755,11737.29
000d7d20_4756,11737.29
000d7d20_4757,11737.25
000d7d20_4758,11737.2
000d7d20_4759,11737.16
000d7d20_4760,11737.16
000d7d20_4761,11737.13
000d7d20_4762,11737.11
000d7d20_4763,11737.09
000d7d20_4764,11737.08
000d7d20_4765,11737.06
000d7d20_4766,11737.07
000d7d20_4767,11737.08
000d7d20_4768,11737.09
000d7d20_4769,11737.11
000d7d20_4770,11737.1
000d7d20_4771,11737.09
000d7d20_4772,11737.07
000d7d20_4773,11737.07
000d7d20_4774,11737.06
000d7d20_4775,11737.07
000d7d20_4776,11737.09
000d7d20_4777,11737.09
000d7d20_4778,11737.09
000d7d20_4779,11737.09
000d7d20_4780,11737.09
000d7d20_4781,11737.09
000d7d20_4782,11737.1
000d7d20_4783,11737.1
000d7d20_4784,11737.1
000d7d20_4785,11737.08
000d7d20_4786,11737.05
000d7d20_4787,11737.03
000d7d20_4788,11737.02
000d7d20_4789,11737.02
000d7d20_4790,11737.03
000d7d20_4791,11737.03
000d7d20_4792,11737.03
000d7d20_4793,11737.03
000d7d20_4794,11737.04
000d7d20_4795,11737.04
000d7d20_4796,11737.05
000d7d20_4797,11737.06
000d7d20_4798,11737.08
000d7d20_4799,11737.1
000d7d20_4800,11737.11
000d7d20_4801,11737.11
000d7d20_4802,11737.13
000d7d20_4803,11737.16
000d7d20_4804,11737.19
000d7d20_4805,11737.23
000d7d20_4806,11737.27
000d7d20_4807,11737.29
000d7d20_4808,11737.31
000d7d20_4809,11737.33
000d7d20_4810,11737.35
000d7d20_4811,11737.36
000d7d20_4812,11737.38
000d7d20_4813,11737.4
000d7d20_4814,11737.42
000d7d20_4815,11737.43
000d7d20_4816,11737.45
000d7d20_4817,11737.47
000d7d20_4818,11737.47
000d7d20_4819,11737.48
000d7d20_4820,11737.5
000d7d20_4821,11737.53
000d7d20_4822,11737.57
000d7d20_4823,11737.6
000d7d20_4824,11737.63
000d7d20_4825,11737.68
000d7d20_4826,11737.72
000d7d20_4827,11737.74
000d7d20_4828,11737.75
000d7d20_4829,11737.75
000d7d20_4830,11737.73
000d7d20_4831,11737.71
000d7d20_4832,11737.7
000d7d20_4833,11737.67
000d7d20_4834,11737.62
000d7d20_4835,11737.59
000d7d20_4836,11737.59
000d7d20_4837,11737.58
000d7d20_4838,11737.57
000d7d20_4839,11737.53
000d7d20_4840,11737.5
000d7d20_4841,11737.47
000d7d20_4842,11737.42
000d7d20_4843,11737.37
000d7d20_4844,11737.3
000d7d20_4845,11737.25
000d7d20_4846,11737.21
000d7d20_4847,11737.18
000d7d20_4848,11737.14
000d7d20_4849,11737.12
000d7d20_4850,11737.1
000d7d20_4851,11737.08
000d7d20_4852,11737.08
000d7d20_4853,11737.05
000d7d20_4854,11737.01
000d7d20_4855,11736.96
000d7d20_4856,11736.93
000d7d20_4857,11736.89
000d7d20_4858,11736.85
000d7d20_4859,11736.83
000d7d20_4860,11736.81
000d7d20_4861,11736.82
000d7d20_4862,11736.82
000d7d20_4863,11736.82
000d7d20_4864,11736.84
000d7d20_4865,11736.85
000d7d20_4866,11736.86
000d7d20_4867,11736.87
000d7d20_4868,11736.88
000d7d20_4869,11736.88
000d7d20_4870,11736.88
000d7d20_4871,11736.89
000d7d20_4872,11736.88
000d7d20_4873,11736.87
000d7d20_4874,11736.86
000d7d20_4875,11736.86
000d7d20_4876,11736.85
000d7d20_4877,11736.83
000d7d20_4878,11736.8
000d7d20_4879,11736.79
000d7d20_4880,11736.78
000d7d20_4881,11736.76
000d7d20_4882,11736.75
000d7d20_4883,11736.74
000d7d20_4884,11736.72
000d7d20_4885,11736.72
000d7d20_4886,11736.72
000d7d20_4887,11736.71
000d7d20_4888,11736.69
000d7d20_4889,11736.65
000d7d20_4890,11736.63
000d7d20_4891,11736.62
000d7d20_4892,11736.61
000d7d20_4893,11736.6
000d7d20_4894,11736.6
000d7d20_4895,11736.62
000d7d20_4896,11736.65
000d7d20_4897,11736.68
000d7d20_4898,11736.71
000d7d20_4899,11736.73
000d7d20_4900,11736.76
000d7d20_4901,11736.78
000d7d20_4902,11736.79
000d7d20_4903,11736.78
000d7d20_4904,11736.77
000d7d20_4905,11736.75
000d7d20_4906,11736.73
000d7d20_4907,11736.72
000d7d20_4908,11736.72
000d7d20_4909,11736.74
000d7d20_4910,11736.76
000d7d20_4911,11736.79
000d7d20_4912,11736.83
000d7d20_4913,11736.86
000d7d20_4914,11736.91
000d7d20_4915,11736.95
000d7d20_4916,11736.98
000d7d20_4917,11737.01
000d7d20_4918,11737.03
000d7d20_4919,11737.04
000d7d20_4920,11737.04
000d7d20_4921,11737.02
000d7d20_4922,11736.99
000d7d20_4923,11736.96
000d7d20_4924,11736.93
000d7d20_4925,11736.9
000d7d20_4926,11736.86
000d7d20_4927,11736.82
000d7d20_4928,11736.79
000d7d20_4929,11736.77
000d7d20_4930,11736.75
000d7d20_4931,11736.72
000d7d20_4932,11736.7
000d7d20_4933,11736.68
000d7d20_4934,11736.67
000d7d20_4935,11736.66
000d7d20_4936,11736.65
000d7d20_4937,11736.64
000d7d20_4938,11736.61
000d7d20_4939,11736.58
000d7d20_4940,11736.56
000d7d20_4941,11736.53
000d7d20_4942,11736.5
000d7d20_4943,11736.47
000d7d20_4944,11736.45
000d7d20_4945,11736.44
000d7d20_4946,11736.45
000d7d20_4947,11736.45
000d7d20_4948,11736.47
000d7d20_4949,11736.49
000d7d20_4950,11736.53
000d7d20_4951,11736.56
000d7d20_4952,11736.59
000d7d20_4953,11736.62
000d7d20_4954,11736.64
000d7d20_4955,11736.66
000d7d20_4956,11736.68
000d7d20_4957,11736.71
000d7d20_4958,11736.74
000d7d20_4959,11736.78
000d7d20_4960,11736.82
000d7d20_4961,11736.85
000d7d20_4962,11736.89
000d7d20_4963,11736.91
000d7d20_4964,11736.94
000d7d20_4965,11736.96
000d7d20_4966,11736.98
000d7d20_4967,11736.99
000d7d20_4968,11737.01
000d7d20_4969,11737.02
000d7d20_4970,11737.02
000d7d20_4971,11737.02
000d7d20_4972,11737.03
000d7d20_4973,11737.05
000d7d20_4974,11737.08
000d7d20_4975,11737.12
000d7d20_4976,11737.14
000d7d20_4977,11737.15
000d7d20_4978,11737.16
000d7d20_4979,11737.19
000d7d20_4980,11737.25
000d7d20_4981,11737.29
000d7d20_4982,11737.35
000d7d20_4983,11737.4
000d7d20_4984,11737.45
000d7d20_4985,11737.49
000d7d20_4986,11737.53
000d7d20_4987,11737.56
000d7d20_4988,11737.59
000d7d20_4989,11737.62
000d7d20_4990,11737.64
000d7d20_4991,11737.65
000d7d20_4992,11737.64
000d7d20_4993,11737.62
000d7d20_4994,11737.62
000d7d20_4995,11737.63
000d7d20_4996,11737.66
000d7d20_4997,11737.67
000d7d20_4998,11737.7
000d7d20_4999,11737.72
000d7d20_5000,11737.77
000d7d20_5001,11737.82
000d7d20_5002,11737.86
000d7d20_5003,11737.91
000d7d20_5004,11737.92
000d7d20_5005,11737.94
000d7d20_5006,11737.98
000d7d20_5007,11738.01
000d7d20_5008,11738.04
000d7d20_5009,11738.06
000d7d20_5010,11738.08
000d7d20_5011,11738.11
000d7d20_5012,11738.15
000d7d20_5013,11738.19
000d7d20_5014,11738.22
000d7d20_5015,11738.25
000d7d20_5016,11738.29
000d7d20_5017,11738.31
000d7d20_5018,11738.32
000d7d20_5019,11738.33
000d7d20_5020,11738.3
000d7d20_5021,11738.31
000d7d20_5022,11738.32
000d7d20_5023,11738.32
000d7d20_5024,11738.31
000d7d20_5025,11738.29
000d7d20_5026,11738.28
000d7d20_5027,11738.28
000d7d20_5028,11738.27
000d7d20_5029,11738.26
000d7d20_5030,11738.25
000d7d20_5031,11738.25
000d7d20_5032,11738.26
000d7d20_5033,11738.29
000d7d20_5034,11738.32
000d7d20_5035,11738.37
000d7d20_5036,11738.4
000d7d20_5037,11738.44
000d7d20_5038,11738.47
000d7d20_5039,11738.5
000d7d20_5040,11738.51
000d7d20_5041,11738.52
000d7d20_5042,11738.52
000d7d20_5043,11738.53
000d7d20_5044,11738.53
000d7d20_5045,11738.52
000d7d20_5046,11738.52
000d7d20_5047,11738.53
000d7d20_5048,11738.57
000d7d20_5049,11738.58
000d7d20_5050,11738.6
000d7d20_5051,11738.61
000d7d20_5052,11738.61
000d7d20_5053,11738.62
000d7d20_5054,11738.6
000d7d20_5055,11738.58
000d7d20_5056,11738.54
000d7d20_5057,11738.51
000d7d20_5058,11738.47
000d7d20_5059,11738.45
000d7d20_5060,11738.43
000d7d20_5061,11738.4
000d7d20_5062,11738.38
000d7d20_5063,11738.37
000d7d20_5064,11738.37
000d7d20_5065,11738.35
000d7d20_5066,11738.33
000d7d20_5067,11738.32
000d7d20_5068,11738.31
000d7d20_5069,11738.31
000d7d20_5070,11738.3
000d7d20_5071,11738.28
000d7d20_5072,11738.28
000d7d20_5073,11738.26
000d7d20_5074,11738.25
000d7d20_5075,11738.24
000d7d20_5076,11738.24
000d7d20_5077,11738.24
000d7d20_5078,11738.22
000d7d20_5079,11738.21
000d7d20_5080,11738.21
000d7d20_5081,11738.22
000d7d20_5082,11738.25
000d7d20_5083,11738.29
000d7d20_5084,11738.31
000d7d20_5085,11738.35
000d7d20_5086,11738.39
000d7d20_5087,11738.41
000d7d20_5088,11738.44
000d7d20_5089,11738.46
000d7d20_5090,11738.49
000d7d20_5091,11738.52
000d7d20_5092,11738.55
000d7d20_5093,11738.58
000d7d20_5094,11738.62
000d7d20_5095,11738.68
000d7d20_5096,11738.75
000d7d20_5097,11738.81
000d7d20_5098,11738.86
000d7d20_5099,11738.89
000d7d20_5100,11738.88
000d7d20_5101,11738.88
000d7d20_5102,11738.86
000d7d20_5103,11738.84
000d7d20_5104,11738.81
000d7d20_5105,11738.78
000d7d20_5106,11738.76
000d7d20_5107,11738.75
000d7d20_5108,11738.76
000d7d20_5109,11738.78
000d7d20_5110,11738.82
000d7d20_5111,11738.84
000d7d20_5112,11738.86
000d7d20_5113,11738.86
000d7d20_5114,11738.86
000d7d20_5115,11738.86
000d7d20_5116,11738.87
000d7d20_5117,11738.88
000d7d20_5118,11738.89
000d7d20_5119,11738.9
000d7d20_5120,11738.94
000d7d20_5121,11738.96
000d7d20_5122,11738.98
000d7d20_5123,11739.0
000d7d20_5124,11739.01
000d7d20_5125,11739.0
000d7d20_5126,11738.98
000d7d20_5127,11738.94
000d7d20_5128,11738.9
000d7d20_5129,11738.85
000d7d20_5130,11738.82
000d7d20_5131,11738.8
000d7d20_5132,11738.78
000d7d20_5133,11738.79
000d7d20_5134,11738.79
000d7d20_5135,11738.78
000d7d20_5136,11738.78
000d7d20_5137,11738.75
000d7d20_5138,11738.71
000d7d20_5139,11738.68
000d7d20_5140,11738.64
000d7d20_5141,11738.59
000d7d20_5142,11738.56
000d7d20_5143,11738.52
000d7d20_5144,11738.48
000d7d20_5145,11738.46
000d7d20_5146,11738.45
000d7d20_5147,11738.44
000d7d20_5148,11738.45
000d7d20_5149,11738.47
000d7d20_5150,11738.46
000d7d20_5151,11738.45
000d7d20_5152,11738.44
000d7d20_5153,11738.44
000d7d20_5154,11738.43
000d7d20_5155,11738.43
000d7d20_5156,11738.42
000d7d20_5157,11738.41
000d7d20_5158,11738.4
000d7d20_5159,11738.38
000d7d20_5160,11738.38
000d7d20_5161,11738.37
000d7d20_5162,11738.38
000d7d20_5163,11738.38
000d7d20_5164,11738.37
000d7d20_5165,11738.37
000d7d20_5166,11738.36
000d7d20_5167,11738.36
000d7d20_5168,11738.35
000d7d20_5169,11738.35
000d7d20_5170,11738.34
000d7d20_5171,11738.33
000d7d20_5172,11738.33
000d7d20_5173,11738.33
000d7d20_5174,11738.34
000d7d20_5175,11738.35
000d7d20_5176,11738.36
000d7d20_5177,11738.37
000d7d20_5178,11738.4
000d7d20_5179,11738.41
000d7d20_5180,11738.41
000d7d20_5181,11738.4
000d7d20_5182,11738.4
000d7d20_5183,11738.4
000d7d20_5184,11738.39
000d7d20_5185,11738.4
000d7d20_5186,11738.41
000d7d20_5187,11738.41
000d7d20_5188,11738.42
000d7d20_5189,11738.42
000d7d20_5190,11738.43
000d7d20_5191,11738.44
000d7d20_5192,11738.44
000d7d20_5193,11738.45
000d7d20_5194,11738.46
000d7d20_5195,11738.46
000d7d20_5196,11738.45
000d7d20_5197,11738.45
000d7d20_5198,11738.46
000d7d20_5199,11738.46
000d7d20_5200,11738.46
000d7d20_5201,11738.47
000d7d20_5202,11738.48
000d7d20_5203,11738.48
000d7d20_5204,11738.47
000d7d20_5205,11738.46
000d7d20_5206,11738.47
000d7d20_5207,11738.47
000d7d20_5208,11738.46
000d7d20_5209,11738.45
000d7d20_5210,11738.43
000d7d20_5211,11738.42
000d7d20_5212,11738.41
000d7d20_5213,11738.4
000d7d20_5214,11738.39
000d7d20_5215,11738.38
000d7d20_5216,11738.38
000d7d20_5217,11738.38
000d7d20_5218,11738.38
000d7d20_5219,11738.38
000d7d20_5220,11738.39
000d7d20_5221,11738.39
000d7d20_5222,11738.4
000d7d20_5223,11738.39
000d7d20_5224,11738.38
000d7d20_5225,11738.36
000d7d20_5226,11738.34
000d7d20_5227,11738.33
000d7d20_5228,11738.31
000d7d20_5229,11738.29
000d7d20_5230,11738.27
000d7d20_5231,11738.25
000d7d20_5232,11738.24
000d7d20_5233,11738.23
000d7d20_5234,11738.21
000d7d20_5235,11738.2
000d7d20_5236,11738.19
000d7d20_5237,11738.19
000d7d20_5238,11738.19
000d7d20_5239,11738.18
000d7d20_5240,11738.19
000d7d20_5241,11738.19
000d7d20_5242,11738.2
000d7d20_5243,11738.21
000d7d20_5244,11738.22
000d7d20_5245,11738.22
000d7d20_5246,11738.22
000d7d20_5247,11738.23
000d7d20_5248,11738.23
000d7d20_5249,11738.22
000d7d20_5250,11738.21
000d7d20_5251,11738.21
000d7d20_5252,11738.2
000d7d20_5253,11738.2
000d7d20_5254,11738.19
000d7d20_5255,11738.19
000d7d20_5256,11738.18
000d7d20_5257,11738.19
000d7d20_5258,11738.19
000d7d20_5259,11738.2
000d7d20_5260,11738.21
000d7d20_5261,11738.22
000d7d20_5262,11738.23
000d7d20_5263,11738.23
000d7d20_5264,11738.22
000d7d20_5265,11738.22
000d7d20_5266,11738.22
000d7d20_5267,11738.23
000d7d20_5268,11738.24
000d7d20_5269,11738.26
000d7d20_5270,11738.28
000d7d20_5271,11738.3
000d7d20_5272,11738.32
000d7d20_5273,11738.35
000d7d20_5274,11738.36
000d7d20_5275,11738.38
000d7d20_5276,11738.39
000d7d20_5277,11738.39
00bbac68_1545,12223.54
00bbac68_1546,12223.54
00bbac68_1547,12223.54
00bbac68_1548,12223.54
00bbac68_1549,12223.55
00bbac68_1550,12223.55
00bbac68_1551,12223.55
00bbac68_1552,12223.56
00bbac68_1553,12223.56
00bbac68_1554,12223.56
00bbac68_1555,12223.57
00bbac68_1556,12223.58
00bbac68_1557,12223.58
00bbac68_1558,12223.59
00bbac68_1559,12223.59
00bbac68_1560,12223.6
00bbac68_1561,12223.61
00bbac68_1562,12223.61
00bbac68_1563,12223.62
00bbac68_1564,12223.62
00bbac68_1565,12223.62
00bbac68_1566,12223.63
00bbac68_1567,12223.63
00bbac68_1568,12223.63
00bbac68_1569,12223.64
00bbac68_1570,12223.64
00bbac68_1571,12223.65
00bbac68_1572,12223.65
00bbac68_1573,12223.65
00bbac68_1574,12223.66
00bbac68_1575,12223.66
00bbac68_1576,12223.67
00bbac68_1577,12223.68
00bbac68_1578,12223.68
00bbac68_1579,12223.69
00bbac68_1580,12223.7
00bbac68_1581,12223.71
00bbac68_1582,12223.72
00bbac68_1583,12223.73
00bbac68_1584,12223.73
00bbac68_1585,12223.73
00bbac68_1586,12223.73
00bbac68_1587,12223.72
00bbac68_1588,12223.72
00bbac68_1589,12223.71
00bbac68_1590,12223.71
00bbac68_1591,12223.7
00bbac68_1592,12223.71
00bbac68_1593,12223.72
00bbac68_1594,12223.73
00bbac68_1595,12223.75
00bbac68_1596,12223.77
00bbac68_1597,12223.8
00bbac68_1598,12223.84
00bbac68_1599,12223.87
00bbac68_1600,12223.91
00bbac68_1601,12223.94
00bbac68_1602,12223.98
00bbac68_1603,12224.01
00bbac68_1604,12224.04
00bbac68_1605,12224.06
00bbac68_1606,12224.08
00bbac68_1607,12224.09
00bbac68_1608,12224.1
00bbac68_1609,12224.12
00bbac68_1610,12224.13
00bbac68_1611,12224.14
00bbac68_1612,12224.15
00bbac68_1613,12224.16
00bbac68_1614,12224.17
00bbac68_1615,12224.18
00bbac68_1616,12224.18
00bbac68_1617,12224.18
00bbac68_1618,12224.19
00bbac68_1619,12224.19
00bbac68_1620,12224.19
00bbac68_1621,12224.2
00bbac68_1622,12224.2
00bbac68_1623,12224.22
00bbac68_1624,12224.25
00bbac68_1625,12224.29
00bbac68_1626,12224.35
00bbac68_1627,12224.41
00bbac68_1628,12224.46
00bbac68_1629,12224.52
00bbac68_1630,12224.58
00bbac68_1631,12224.63
00bbac68_1632,12224.67
00bbac68_1633,12224.7
00bbac68_1634,12224.71
00bbac68_1635,12224.71
00bbac68_1636,12224.69
00bbac68_1637,12224.69
00bbac68_1638,12224.67
00bbac68_1639,12224.65
00bbac68_1640,12224.64
00bbac68_1641,12224.65
00bbac68_1642,12224.68
00bbac68_1643,12224.72
00bbac68_1644,12224.76
00bbac68_1645,12224.8
00bbac68_1646,12224.83
00bbac68_1647,12224.88
00bbac68_1648,12224.93
00bbac68_1649,12224.97
00bbac68_1650,12225.01
00bbac68_1651,12225.05
00bbac68_1652,12225.09
00bbac68_1653,12225.11
00bbac68_1654,12225.12
00bbac68_1655,12225.13
00bbac68_1656,12225.16
00bbac68_1657,12225.2
00bbac68_1658,12225.23
00bbac68_1659,12225.27
00bbac68_1660,12225.29
00bbac68_1661,12225.31
00bbac68_1662,12225.33
00bbac68_1663,12225.36
00bbac68_1664,12225.39
00bbac68_1665,12225.41
00bbac68_1666,12225.44
00bbac68_1667,12225.47
00bbac68_1668,12225.5
00bbac68_1669,12225.51
00bbac68_1670,12225.53
00bbac68_1671,12225.56
00bbac68_1672,12225.59
00bbac68_1673,12225.63
00bbac68_1674,12225.66
00bbac68_1675,12225.69
00bbac68_1676,12225.72
00bbac68_1677,12225.73
00bbac68_1678,12225.73
00bbac68_1679,12225.72
00bbac68_1680,12225.72
00bbac68_1681,12225.71
00bbac68_1682,12225.71
00bbac68_1683,12225.7
00bbac68_1684,12225.7
00bbac68_1685,12225.7
00bbac68_1686,12225.71
00bbac68_1687,12225.72
00bbac68_1688,12225.74
00bbac68_1689,12225.77
00bbac68_1690,12225.8
00bbac68_1691,12225.83
00bbac68_1692,12225.87
00bbac68_1693,12225.9
00bbac68_1694,12225.93
00bbac68_1695,12225.94
00bbac68_1696,12225.96
00bbac68_1697,12225.99
00bbac68_1698,12226.03
00bbac68_1699,12226.07
00bbac68_1700,12226.12
00bbac68_1701,12226.16
00bbac68_1702,12226.22
00bbac68_1703,12226.28
00bbac68_1704,12226.36
00bbac68_1705,12226.47
00bbac68_1706,12226.58
00bbac68_1707,12226.69
00bbac68_1708,12226.78
00bbac68_1709,12226.86
00bbac68_1710,12226.92
00bbac68_1711,12226.96
00bbac68_1712,12227.0
00bbac68_1713,12227.03
00bbac68_1714,12227.05
00bbac68_1715,12227.05
00bbac68_1716,12227.05
00bbac68_1717,12227.04
00bbac68_1718,12227.04
00bbac68_1719,12227.04
00bbac68_1720,12227.05
00bbac68_1721,12227.07
00bbac68_1722,12227.07
00bbac68_1723,12227.07
00bbac68_1724,12227.08
00bbac68_1725,12227.08
00bbac68_1726,12227.09
00bbac68_1727,12227.1
00bbac68_1728,12227.12
00bbac68_1729,12227.14
00bbac68_1730,12227.16
00bbac68_1731,12227.19
00bbac68_1732,12227.23
00bbac68_1733,12227.29
00bbac68_1734,12227.35
00bbac68_1735,12227.37
00bbac68_1736,12227.37
00bbac68_1737,12227.35
00bbac68_1738,12227.32
00bbac68_1739,12227.28
00bbac68_1740,12227.24
00bbac68_1741,12227.18
00bbac68_1742,12227.12
00bbac68_1743,12227.06
00bbac68_1744,12227.01
00bbac68_1745,12226.98
00bbac68_1746,12226.98
00bbac68_1747,12227.01
00bbac68_1748,12227.07
00bbac68_1749,12227.15
00bbac68_1750,12227.21
00bbac68_1751,12227.24
00bbac68_1752,12227.26
00bbac68_1753,12227.3
00bbac68_1754,12227.33
00bbac68_1755,12227.36
00bbac68_1756,12227.37
00bbac68_1757,12227.38
00bbac68_1758,12227.38
00bbac68_1759,12227.38
00bbac68_1760,12227.38
00bbac68_1761,12227.4
00bbac68_1762,12227.4
00bbac68_1763,12227.4
00bbac68_1764,12227.41
00bbac68_1765,12227.42
00bbac68_1766,12227.43
00bbac68_1767,12227.42
00bbac68_1768,12227.43
00bbac68_1769,12227.44
00bbac68_1770,12227.46
00bbac68_1771,12227.48
00bbac68_1772,12227.5
00bbac68_1773,12227.52
00bbac68_1774,12227.55
00bbac68_1775,12227.57
00bbac68_1776,12227.58
00bbac68_1777,12227.6
00bbac68_1778,12227.61
00bbac68_1779,12227.62
00bbac68_1780,12227.64
00bbac68_1781,12227.65
00bbac68_1782,12227.67
00bbac68_1783,12227.69
00bbac68_1784,12227.72
00bbac68_1785,12227.75
00bbac68_1786,12227.78
00bbac68_1787,12227.8
00bbac68_1788,12227.82
00bbac68_1789,12227.84
00bbac68_1790,12227.84
00bbac68_1791,12227.84
00bbac68_1792,12227.84
00bbac68_1793,12227.83
00bbac68_1794,12227.83
00bbac68_1795,12227.82
00bbac68_1796,12227.81
00bbac68_1797,12227.8
00bbac68_1798,12227.81
00bbac68_1799,12227.81
00bbac68_1800,12227.83
00bbac68_1801,12227.84
00bbac68_1802,12227.86
00bbac68_1803,12227.87
00bbac68_1804,12227.88
00bbac68_1805,12227.88
00bbac68_1806,12227.87
00bbac68_1807,12227.86
00bbac68_1808,12227.84
00bbac68_1809,12227.83
00bbac68_1810,12227.82
00bbac68_1811,12227.79
00bbac68_1812,12227.77
00bbac68_1813,12227.76
00bbac68_1814,12227.77
00bbac68_1815,12227.78
00bbac68_1816,12227.8
00bbac68_1817,12227.82
00bbac68_1818,12227.85
00bbac68_1819,12227.89
00bbac68_1820,12227.91
00bbac68_1821,12227.93
00bbac68_1822,12227.95
00bbac68_1823,12227.97
00bbac68_1824,12227.98
00bbac68_1825,12227.98
00bbac68_1826,12227.97
00bbac68_1827,12227.96
00bbac68_1828,12227.95
00bbac68_1829,12227.95
00bbac68_1830,12227.95
00bbac68_1831,12227.95
00bbac68_1832,12227.96
00bbac68_1833,12227.96
00bbac68_1834,12227.97
00bbac68_1835,12227.97
00bbac68_1836,12227.97
00bbac68_1837,12227.98
00bbac68_1838,12227.99
00bbac68_1839,12228.0
00bbac68_1840,12227.99
00bbac68_1841,12227.98
00bbac68_1842,12227.97
00bbac68_1843,12227.95
00bbac68_1844,12227.94
00bbac68_1845,12227.93
00bbac68_1846,12227.92
00bbac68_1847,12227.91
00bbac68_1848,12227.9
00bbac68_1849,12227.89
00bbac68_1850,12227.89
00bbac68_1851,12227.9
00bbac68_1852,12227.92
00bbac68_1853,12227.94
00bbac68_1854,12227.96
00bbac68_1855,12227.98
00bbac68_1856,12227.99
00bbac68_1857,12228.0
00bbac68_1858,12228.0
00bbac68_1859,12228.01
00bbac68_1860,12228.01
00bbac68_1861,12228.01
00bbac68_1862,12228.0
00bbac68_1863,12228.0
00bbac68_1864,12228.01
00bbac68_1865,12228.01
00bbac68_1866,12228.02
00bbac68_1867,12228.02
00bbac68_1868,12228.03
00bbac68_1869,12228.03
00bbac68_1870,12228.04
00bbac68_1871,12228.04
00bbac68_1872,12228.05
00bbac68_1873,12228.04
00bbac68_1874,12228.03
00bbac68_1875,12228.03
00bbac68_1876,12228.02
00bbac68_1877,12228.02
00bbac68_1878,12228.03
00bbac68_1879,12228.05
00bbac68_1880,12228.08
00bbac68_1881,12228.1
00bbac68_1882,12228.14
00bbac68_1883,12228.17
00bbac68_1884,12228.2
00bbac68_1885,12228.23
00bbac68_1886,12228.28
00bbac68_1887,12228.31
00bbac68_1888,12228.33
00bbac68_1889,12228.33
00bbac68_1890,12228.32
00bbac68_1891,12228.32
00bbac68_1892,12228.31
00bbac68_1893,12228.3
00bbac68_1894,12228.29
00bbac68_1895,12228.29
00bbac68_1896,12228.29
00bbac68_1897,12228.3
00bbac68_1898,12228.31
00bbac68_1899,12228.31
00bbac68_1900,12228.31
00bbac68_1901,12228.33
00bbac68_1902,12228.34
00bbac68_1903,12228.35
00bbac68_1904,12228.36
00bbac68_1905,12228.35
00bbac68_1906,12228.31
00bbac68_1907,12228.3
00bbac68_1908,12228.27
00bbac68_1909,12228.24
00bbac68_1910,12228.2
00bbac68_1911,12228.18
00bbac68_1912,12228.15
00bbac68_1913,12228.13
00bbac68_1914,12228.1
00bbac68_1915,12228.07
00bbac68_1916,12228.04
00bbac68_1917,12228.01
00bbac68_1918,12227.99
00bbac68_1919,12227.98
00bbac68_1920,12227.96
00bbac68_1921,12227.92
00bbac68_1922,12227.89
00bbac68_1923,12227.88
00bbac68_1924,12227.86
00bbac68_1925,12227.84
00bbac68_1926,12227.83
00bbac68_1927,12227.83
00bbac68_1928,12227.82
00bbac68_1929,12227.82
00bbac68_1930,12227.83
00bbac68_1931,12227.85
00bbac68_1932,12227.88
00bbac68_1933,12227.92
00bbac68_1934,12227.96
00bbac68_1935,12228.01
00bbac68_1936,12228.06
00bbac68_1937,12228.11
00bbac68_1938,12228.15
00bbac68_1939,12228.19
00bbac68_1940,12228.21
00bbac68_1941,12228.24
00bbac68_1942,12228.25
00bbac68_1943,12228.24
00bbac68_1944,12228.23
00bbac68_1945,12228.23
00bbac68_1946,12228.22
00bbac68_1947,12228.2
00bbac68_1948,12228.21
00bbac68_1949,12228.22
00bbac68_1950,12228.23
00bbac68_1951,12228.27
00bbac68_1952,12228.31
00bbac68_1953,12228.34
00bbac68_1954,12228.38
00bbac68_1955,12228.42
00bbac68_1956,12228.46
00bbac68_1957,12228.5
00bbac68_1958,12228.52
00bbac68_1959,12228.55
00bbac68_1960,12228.55
00bbac68_1961,12228.53
00bbac68_1962,12228.49
00bbac68_1963,12228.46
00bbac68_1964,12228.47
00bbac68_1965,12228.47
00bbac68_1966,12228.49
00bbac68_1967,12228.52
00bbac68_1968,12228.54
00bbac68_1969,12228.57
00bbac68_1970,12228.61
00bbac68_1971,12228.65
00bbac68_1972,12228.68
00bbac68_1973,12228.71
00bbac68_1974,12228.72
00bbac68_1975,12228.74
00bbac68_1976,12228.75
00bbac68_1977,12228.74
00bbac68_1978,12228.72
00bbac68_1979,12228.73
00bbac68_1980,12228.74
00bbac68_1981,12228.75
00bbac68_1982,12228.75
00bbac68_1983,12228.76
00bbac68_1984,12228.77
00bbac68_1985,12228.77
00bbac68_1986,12228.77
00bbac68_1987,12228.78
00bbac68_1988,12228.77
00bbac68_1989,12228.77
00bbac68_1990,12228.76
00bbac68_1991,12228.76
00bbac68_1992,12228.76
00bbac68_1993,12228.76
00bbac68_1994,12228.77
00bbac68_1995,12228.79
00bbac68_1996,12228.81
00bbac68_1997,12228.83
00bbac68_1998,12228.86
00bbac68_1999,12228.89
00bbac68_2000,12228.92
00bbac68_2001,12228.96
00bbac68_2002,12228.99
00bbac68_2003,12229.01
00bbac68_2004,12229.02
00bbac68_2005,12229.02
00bbac68_2006,12229.01
00bbac68_2007,12229.0
00bbac68_2008,12228.99
00bbac68_2009,12228.98
00bbac68_2010,12229.0
00bbac68_2011,12229.01
00bbac68_2012,12229.01
00bbac68_2013,12229.01
00bbac68_2014,12229.01
00bbac68_2015,12228.99
00bbac68_2016,12228.95
00bbac68_2017,12228.9
00bbac68_2018,12228.84
00bbac68_2019,12228.77
00bbac68_2020,12228.73
00bbac68_2021,12228.69
00bbac68_2022,12228.67
00bbac68_2023,12228.67
00bbac68_2024,12228.68
00bbac68_2025,12228.7
00bbac68_2026,12228.75
00bbac68_2027,12228.78
00bbac68_2028,12228.81
00bbac68_2029,12228.85
00bbac68_2030,12228.87
00bbac68_2031,12228.88
00bbac68_2032,12228.86
00bbac68_2033,12228.85
00bbac68_2034,12228.84
00bbac68_2035,12228.83
00bbac68_2036,12228.84
00bbac68_2037,12228.83
00bbac68_2038,12228.84
00bbac68_2039,12228.84
00bbac68_2040,12228.84
00bbac68_2041,12228.84
00bbac68_2042,12228.85
00bbac68_2043,12228.85
00bbac68_2044,12228.85
00bbac68_2045,12228.86
00bbac68_2046,12228.86
00bbac68_2047,12228.87
00bbac68_2048,12228.88
00bbac68_2049,12228.88
00bbac68_2050,12228.87
00bbac68_2051,12228.87
00bbac68_2052,12228.87
00bbac68_2053,12228.87
00bbac68_2054,12228.88
00bbac68_2055,12228.87
00bbac68_2056,12228.87
00bbac68_2057,12228.86
00bbac68_2058,12228.86
00bbac68_2059,12228.85
00bbac68_2060,12228.85
00bbac68_2061,12228.85
00bbac68_2062,12228.84
00bbac68_2063,12228.83
00bbac68_2064,12228.81
00bbac68_2065,12228.79
00bbac68_2066,12228.77
00bbac68_2067,12228.76
00bbac68_2068,12228.76
00bbac68_2069,12228.74
00bbac68_2070,12228.72
00bbac68_2071,12228.7
00bbac68_2072,12228.68
00bbac68_2073,12228.67
00bbac68_2074,12228.67
00bbac68_2075,12228.66
00bbac68_2076,12228.66
00bbac68_2077,12228.65
00bbac68_2078,12228.64
00bbac68_2079,12228.64
00bbac68_2080,12228.62
00bbac68_2081,12228.62
00bbac68_2082,12228.62
00bbac68_2083,12228.61
00bbac68_2084,12228.61
00bbac68_2085,12228.57
00bbac68_2086,12228.56
00bbac68_2087,12228.56
00bbac68_2088,12228.57
00bbac68_2089,12228.6
00bbac68_2090,12228.63
00bbac68_2091,12228.67
00bbac68_2092,12228.71
00bbac68_2093,12228.75
00bbac68_2094,12228.8
00bbac68_2095,12228.84
00bbac68_2096,12228.87
00bbac68_2097,12228.9
00bbac68_2098,12228.91
00bbac68_2099,12228.92
00bbac68_2100,12228.91
00bbac68_2101,12228.89
00bbac68_2102,12228.89
00bbac68_2103,12228.89
00bbac68_2104,12228.89
00bbac68_2105,12228.89
00bbac68_2106,12228.89
00bbac68_2107,12228.9
00bbac68_2108,12228.9
00bbac68_2109,12228.9
00bbac68_2110,12228.9
00bbac68_2111,12228.9
00bbac68_2112,12228.9
00bbac68_2113,12228.91
00bbac68_2114,12228.91
00bbac68_2115,12228.92
00bbac68_2116,12228.92
00bbac68_2117,12228.92
00bbac68_2118,12228.92
00bbac68_2119,12228.92
00bbac68_2120,12228.93
00bbac68_2121,12228.92
00bbac68_2122,12228.92
00bbac68_2123,12228.92
00bbac68_2124,12228.91
00bbac68_2125,12228.91
00bbac68_2126,12228.91
00bbac68_2127,12228.91
00bbac68_2128,12228.9
00bbac68_2129,12228.9
00bbac68_2130,12228.91
00bbac68_2131,12228.91
00bbac68_2132,12228.91
00bbac68_2133,12228.91
00bbac68_2134,12228.91
00bbac68_2135,12228.92
00bbac68_2136,12228.92
00bbac68_2137,12228.92
00bbac68_2138,12228.92
00bbac68_2139,12228.92
00bbac68_2140,12228.93
00bbac68_2141,12228.94
00bbac68_2142,12228.95
00bbac68_2143,12228.96
00bbac68_2144,12228.97
00bbac68_2145,12228.98
00bbac68_2146,12228.99
00bbac68_2147,12228.99
00bbac68_2148,12229.0
00bbac68_2149,12229.0
00bbac68_2150,12229.01
00bbac68_2151,12229.01
00bbac68_2152,12229.02
00bbac68_2153,12229.02
00bbac68_2154,12229.02
00bbac68_2155,12229.03
00bbac68_2156,12229.04
00bbac68_2157,12229.05
00bbac68_2158,12229.04
00bbac68_2159,12229.04
00bbac68_2160,12229.05
00bbac68_2161,12229.07
00bbac68_2162,12229.09
00bbac68_2163,12229.12
00bbac68_2164,12229.14
00bbac68_2165,12229.17
00bbac68_2166,12229.2
00bbac68_2167,12229.23
00bbac68_2168,12229.26
00bbac68_2169,12229.29
00bbac68_2170,12229.3
00bbac68_2171,12229.29
00bbac68_2172,12229.28
00bbac68_2173,12229.26
00bbac68_2174,12229.22
00bbac68_2175,12229.19
00bbac68_2176,12229.17
00bbac68_2177,12229.14
00bbac68_2178,12229.11
00bbac68_2179,12229.09
00bbac68_2180,12229.07
00bbac68_2181,12229.05
00bbac68_2182,12229.04
00bbac68_2183,12229.05
00bbac68_2184,12229.04
00bbac68_2185,12229.04
00bbac68_2186,12229.04
00bbac68_2187,12229.04
00bbac68_2188,12229.07
00bbac68_2189,12229.08
00bbac68_2190,12229.1
00bbac68_2191,12229.14
00bbac68_2192,12229.17
00bbac68_2193,12229.19
00bbac68_2194,12229.22
00bbac68_2195,12229.26
00bbac68_2196,12229.29
00bbac68_2197,12229.32
00bbac68_2198,12229.33
00bbac68_2199,12229.35
00bbac68_2200,12229.36
00bbac68_2201,12229.34
00bbac68_2202,12229.34
00bbac68_2203,12229.34
00bbac68_2204,12229.33
00bbac68_2205,12229.31
00bbac68_2206,12229.31
00bbac68_2207,12229.31
00bbac68_2208,12229.32
00bbac68_2209,12229.32
00bbac68_2210,12229.32
00bbac68_2211,12229.3
00bbac68_2212,12229.29
00bbac68_2213,12229.27
00bbac68_2214,12229.25
00bbac68_2215,12229.24
00bbac68_2216,12229.21
00bbac68_2217,12229.19
00bbac68_2218,12229.18
00bbac68_2219,12229.18
00bbac68_2220,12229.2
00bbac68_2221,12229.22
00bbac68_2222,12229.26
00bbac68_2223,12229.33
00bbac68_2224,12229.37
00bbac68_2225,12229.39
00bbac68_2226,12229.39
00bbac68_2227,12229.39
00bbac68_2228,12229.37
00bbac68_2229,12229.34
00bbac68_2230,12229.3
00bbac68_2231,12229.25
00bbac68_2232,12229.22
00bbac68_2233,12229.19
00bbac68_2234,12229.15
00bbac68_2235,12229.12
00bbac68_2236,12229.1
00bbac68_2237,12229.1
00bbac68_2238,12229.13
00bbac68_2239,12229.17
00bbac68_2240,12229.19
00bbac68_2241,12229.22
00bbac68_2242,12229.26
00bbac68_2243,12229.3
00bbac68_2244,12229.33
00bbac68_2245,12229.35
00bbac68_2246,12229.38
00bbac68_2247,12229.42
00bbac68_2248,12229.44
00bbac68_2249,12229.43
00bbac68_2250,12229.4
00bbac68_2251,12229.36
00bbac68_2252,12229.3
00bbac68_2253,12229.27
00bbac68_2254,12229.22
00bbac68_2255,12229.2
00bbac68_2256,12229.21
00bbac68_2257,12229.21
00bbac68_2258,12229.23
00bbac68_2259,12229.32
00bbac68_2260,12229.46
00bbac68_2261,12229.66
00bbac68_2262,12229.9
00bbac68_2263,12230.17
00bbac68_2264,12230.42
00bbac68_2265,12230.67
00bbac68_2266,12230.89
00bbac68_2267,12231.07
00bbac68_2268,12231.18
00bbac68_2269,12231.28
00bbac68_2270,12231.33
00bbac68_2271,12231.36
00bbac68_2272,12231.36
00bbac68_2273,12231.31
00bbac68_2274,12231.27
00bbac68_2275,12231.24
00bbac68_2276,12231.23
00bbac68_2277,12231.25
00bbac68_2278,12231.29
00bbac68_2279,12231.31
00bbac68_2280,12231.33
00bbac68_2281,12231.33
00bbac68_2282,12231.33
00bbac68_2283,12231.35
00bbac68_2284,12231.35
00bbac68_2285,12231.36
00bbac68_2286,12231.37
00bbac68_2287,12231.36
00bbac68_2288,12231.34
00bbac68_2289,12231.3
00bbac68_2290,12231.25
00bbac68_2291,12231.21
00bbac68_2292,12231.18
00bbac68_2293,12231.16
00bbac68_2294,12231.14
00bbac68_2295,12231.09
00bbac68_2296,12231.04
00bbac68_2297,12231.0
00bbac68_2298,12231.01
00bbac68_2299,12231.01
00bbac68_2300,12231.0
00bbac68_2301,12230.99
00bbac68_2302,12230.98
00bbac68_2303,12230.95
00bbac68_2304,12230.9
00bbac68_2305,12230.86
00bbac68_2306,12230.87
00bbac68_2307,12230.91
00bbac68_2308,12230.96
00bbac68_2309,12231.03
00bbac68_2310,12231.13
00bbac68_2311,12231.23
00bbac68_2312,12231.35
00bbac68_2313,12231.48
00bbac68_2314,12231.6
00bbac68_2315,12231.68
00bbac68_2316,12231.73
00bbac68_2317,12231.75
00bbac68_2318,12231.74
00bbac68_2319,12231.68
00bbac68_2320,12231.57
00bbac68_2321,12231.49
00bbac68_2322,12231.42
00bbac68_2323,12231.35
00bbac68_2324,12231.28
00bbac68_2325,12231.25
00bbac68_2326,12231.25
00bbac68_2327,12231.27
00bbac68_2328,12231.31
00bbac68_2329,12231.35
00bbac68_2330,12231.38
00bbac68_2331,12231.4
00bbac68_2332,12231.41
00bbac68_2333,12231.43
00bbac68_2334,12231.42
00bbac68_2335,12231.41
00bbac68_2336,12231.38
00bbac68_2337,12231.35
00bbac68_2338,12231.3
00bbac68_2339,12231.28
00bbac68_2340,12231.26
00bbac68_2341,12231.25
00bbac68_2342,12231.25
00bbac68_2343,12231.24
00bbac68_2344,12231.23
00bbac68_2345,12231.21
00bbac68_2346,12231.18
00bbac68_2347,12231.16
00bbac68_2348,12231.13
00bbac68_2349,12231.1
00bbac68_2350,12231.07
00bbac68_2351,12231.04
00bbac68_2352,12231.01
00bbac68_2353,12230.97
00bbac68_2354,12230.92
00bbac68_2355,12230.88
00bbac68_2356,12230.84
00bbac68_2357,12230.81
00bbac68_2358,12230.8
00bbac68_2359,12230.77
00bbac68_2360,12230.76
00bbac68_2361,12230.75
00bbac68_2362,12230.76
00bbac68_2363,12230.76
00bbac68_2364,12230.76
00bbac68_2365,12230.76
00bbac68_2366,12230.75
00bbac68_2367,12230.73
00bbac68_2368,12230.7
00bbac68_2369,12230.67
00bbac68_2370,12230.64
00bbac68_2371,12230.62
00bbac68_2372,12230.61
00bbac68_2373,12230.6
00bbac68_2374,12230.57
00bbac68_2375,12230.55
00bbac68_2376,12230.52
00bbac68_2377,12230.48
00bbac68_2378,12230.44
00bbac68_2379,12230.4
00bbac68_2380,12230.36
00bbac68_2381,12230.32
00bbac68_2382,12230.28
00bbac68_2383,12230.24
00bbac68_2384,12230.22
00bbac68_2385,12230.2
00bbac68_2386,12230.2
00bbac68_2387,12230.22
00bbac68_2388,12230.22
00bbac68_2389,12230.23
00bbac68_2390,12230.23
00bbac68_2391,12230.23
00bbac68_2392,12230.22
00bbac68_2393,12230.22
00bbac68_2394,12230.22
00bbac68_2395,12230.23
00bbac68_2396,12230.23
00bbac68_2397,12230.23
00bbac68_2398,12230.23
00bbac68_2399,12230.23
00bbac68_2400,12230.22
00bbac68_2401,12230.21
00bbac68_2402,12230.2
00bbac68_2403,12230.19
00bbac68_2404,12230.18
00bbac68_2405,12230.18
00bbac68_2406,12230.17
00bbac68_2407,12230.16
00bbac68_2408,12230.17
00bbac68_2409,12230.18
00bbac68_2410,12230.19
00bbac68_2411,12230.21
00bbac68_2412,12230.23
00bbac68_2413,12230.24
00bbac68_2414,12230.25
00bbac68_2415,12230.26
00bbac68_2416,12230.26
00bbac68_2417,12230.26
00bbac68_2418,12230.24
00bbac68_2419,12230.22
00bbac68_2420,12230.21
00bbac68_2421,12230.2
00bbac68_2422,12230.18
00bbac68_2423,12230.18
00bbac68_2424,12230.19
00bbac68_2425,12230.18
00bbac68_2426,12230.19
00bbac68_2427,12230.19
00bbac68_2428,12230.2
00bbac68_2429,12230.2
00bbac68_2430,12230.21
00bbac68_2431,12230.22
00bbac68_2432,12230.22
00bbac68_2433,12230.21
00bbac68_2434,12230.2
00bbac68_2435,12230.18
00bbac68_2436,12230.18
00bbac68_2437,12230.16
00bbac68_2438,12230.15
00bbac68_2439,12230.14
00bbac68_2440,12230.11
00bbac68_2441,12230.12
00bbac68_2442,12230.12
00bbac68_2443,12230.11
00bbac68_2444,12230.11
00bbac68_2445,12230.07
00bbac68_2446,12230.06
00bbac68_2447,12230.04
00bbac68_2448,12230.02
00bbac68_2449,12230.0
00bbac68_2450,12230.0
00bbac68_2451,12230.0
00bbac68_2452,12230.0
00bbac68_2453,12230.01
00bbac68_2454,12230.02
00bbac68_2455,12230.06
00bbac68_2456,12230.09
00bbac68_2457,12230.15
00bbac68_2458,12230.17
00bbac68_2459,12230.19
00bbac68_2460,12230.17
00bbac68_2461,12230.14
00bbac68_2462,12230.13
00bbac68_2463,12230.12
00bbac68_2464,12230.13
00bbac68_2465,12230.17
00bbac68_2466,12230.21
00bbac68_2467,12230.25
00bbac68_2468,12230.29
00bbac68_2469,12230.33
00bbac68_2470,12230.38
00bbac68_2471,12230.44
00bbac68_2472,12230.49
00bbac68_2473,12230.53
00bbac68_2474,12230.54
00bbac68_2475,12230.56
00bbac68_2476,12230.53
00bbac68_2477,12230.54
00bbac68_2478,12230.54
00bbac68_2479,12230.56
00bbac68_2480,12230.58
00bbac68_2481,12230.6
00bbac68_2482,12230.61
00bbac68_2483,12230.58
00bbac68_2484,12230.56
00bbac68_2485,12230.58
00bbac68_2486,12230.59
00bbac68_2487,12230.6
00bbac68_2488,12230.61
00bbac68_2489,12230.63
00bbac68_2490,12230.66
00bbac68_2491,12230.7
00bbac68_2492,12230.72
00bbac68_2493,12230.76
00bbac68_2494,12230.78
00bbac68_2495,12230.8
00bbac68_2496,12230.8
00bbac68_2497,12230.79
00bbac68_2498,12230.77
00bbac68_2499,12230.73
00bbac68_2500,12230.71
00bbac68_2501,12230.72
00bbac68_2502,12230.68
00bbac68_2503,12230.65
00bbac68_2504,12230.65
00bbac68_2505,12230.64
00bbac68_2506,12230.62
00bbac68_2507,12230.6
00bbac68_2508,12230.57
00bbac68_2509,12230.55
00bbac68_2510,12230.5
00bbac68_2511,12230.49
00bbac68_2512,12230.44
00bbac68_2513,12230.43
00bbac68_2514,12230.42
00bbac68_2515,12230.4
00bbac68_2516,12230.42
00bbac68_2517,12230.44
00bbac68_2518,12230.45
00bbac68_2519,12230.47
00bbac68_2520,12230.51
00bbac68_2521,12230.52
00bbac68_2522,12230.51
00bbac68_2523,12230.5
00bbac68_2524,12230.46
00bbac68_2525,12230.44
00bbac68_2526,12230.39
00bbac68_2527,12230.35
00bbac68_2528,12230.3
00bbac68_2529,12230.26
00bbac68_2530,12230.18
00bbac68_2531,12230.13
00bbac68_2532,12230.1
00bbac68_2533,12230.06
00bbac68_2534,12230.01
00bbac68_2535,12229.98
00bbac68_2536,12229.94
00bbac68_2537,12229.93
00bbac68_2538,12229.9
00bbac68_2539,12229.89
00bbac68_2540,12229.83
00bbac68_2541,12229.8
00bbac68_2542,12229.73
00bbac68_2543,12229.64
00bbac68_2544,12229.55
00bbac68_2545,12229.41
00bbac68_2546,12229.29
00bbac68_2547,12229.22
00bbac68_2548,12229.09
00bbac68_2549,12228.95
00bbac68_2550,12228.91
00bbac68_2551,12228.94
00bbac68_2552,12229.0
00bbac68_2553,12229.08
00bbac68_2554,12229.21
00bbac68_2555,12229.35
00bbac68_2556,12229.46
00bbac68_2557,12229.58
00bbac68_2558,12229.7
00bbac68_2559,12229.8
00bbac68_2560,12229.87
00bbac68_2561,12229.87
00bbac68_2562,12229.88
00bbac68_2563,12229.81
00bbac68_2564,12229.68
00bbac68_2565,12229.52
00bbac68_2566,12229.46
00bbac68_2567,12229.36
00bbac68_2568,12229.23
00bbac68_2569,12229.09
00bbac68_2570,12229.01
00bbac68_2571,12228.96
00bbac68_2572,12228.92
00bbac68_2573,12228.88
00bbac68_2574,12228.91
00bbac68_2575,12228.92
00bbac68_2576,12228.92
00bbac68_2577,12228.85
00bbac68_2578,12228.84
00bbac68_2579,12228.85
00bbac68_2580,12228.84
00bbac68_2581,12228.86
00bbac68_2582,12228.91
00bbac68_2583,12228.95
00bbac68_2584,12229.05
00bbac68_2585,12229.14
00bbac68_2586,12229.27
00bbac68_2587,12229.43
00bbac68_2588,12229.56
00bbac68_2589,12229.68
00bbac68_2590,12229.78
00bbac68_2591,12229.86
00bbac68_2592,12229.91
00bbac68_2593,12229.9
00bbac68_2594,12229.96
00bbac68_2595,12229.99
00bbac68_2596,12229.98
00bbac68_2597,12230.0
00bbac68_2598,12229.99
00bbac68_2599,12229.96
00bbac68_2600,12229.99
00bbac68_2601,12229.97
00bbac68_2602,12229.94
00bbac68_2603,12229.94
00bbac68_2604,12229.93
00bbac68_2605,12229.91
00bbac68_2606,12229.92
00bbac68_2607,12229.96
00bbac68_2608,12229.96
00bbac68_2609,12229.99
00bbac68_2610,12230.03
00bbac68_2611,12230.03
00bbac68_2612,12230.06
00bbac68_2613,12230.11
00bbac68_2614,12230.11
00bbac68_2615,12230.13
00bbac68_2616,12230.17
00bbac68_2617,12230.15
00bbac68_2618,12230.16
00bbac68_2619,12230.18
00bbac68_2620,12230.15
00bbac68_2621,12230.15
00bbac68_2622,12230.17
00bbac68_2623,12230.15
00bbac68_2624,12230.14
00bbac68_2625,12230.15
00bbac68_2626,12230.12
00bbac68_2627,12230.12
00bbac68_2628,12230.12
00bbac68_2629,12230.12
00bbac68_2630,12230.11
00bbac68_2631,12230.12
00bbac68_2632,12230.14
00bbac68_2633,12230.15
00bbac68_2634,12230.17
00bbac68_2635,12230.18
00bbac68_2636,12230.16
00bbac68_2637,12230.2
00bbac68_2638,12230.22
00bbac68_2639,12230.2
00bbac68_2640,12230.24
00bbac68_2641,12230.22
00bbac68_2642,12230.22
00bbac68_2643,12230.23
00bbac68_2644,12230.22
00bbac68_2645,12230.22
00bbac68_2646,12230.22
00bbac68_2647,12230.21
00bbac68_2648,12230.24
00bbac68_2649,12230.22
00bbac68_2650,12230.2
00bbac68_2651,12230.21
00bbac68_2652,12230.18
00bbac68_2653,12230.2
00bbac68_2654,12230.17
00bbac68_2655,12230.14
00bbac68_2656,12230.16
00bbac68_2657,12230.12
00bbac68_2658,12230.1
00bbac68_2659,12230.08
00bbac68_2660,12230.06
00bbac68_2661,12230.03
00bbac68_2662,12230.06
00bbac68_2663,12230.05
00bbac68_2664,12230.06
00bbac68_2665,12230.04
00bbac68_2666,12230.03
00bbac68_2667,12230.05
00bbac68_2668,12230.01
00bbac68_2669,12230.0
00bbac68_2670,12229.98
00bbac68_2671,12229.98
00bbac68_2672,12229.98
00bbac68_2673,12229.98
00bbac68_2674,12229.96
00bbac68_2675,12229.96
00bbac68_2676,12229.93
00bbac68_2677,12229.94
00bbac68_2678,12229.96
00bbac68_2679,12229.94
00bbac68_2680,12229.94
00bbac68_2681,12229.93
00bbac68_2682,12229.93
00bbac68_2683,12229.94
00bbac68_2684,12229.93
00bbac68_2685,12229.94
00bbac68_2686,12229.95
00bbac68_2687,12229.97
00bbac68_2688,12229.98
00bbac68_2689,12230.0
00bbac68_2690,12229.98
00bbac68_2691,12229.98
00bbac68_2692,12229.98
00bbac68_2693,12229.97
00bbac68_2694,12229.96
00bbac68_2695,12229.96
00bbac68_2696,12229.96
00bbac68_2697,12229.96
00bbac68_2698,12229.96
00bbac68_2699,12229.98
00bbac68_2700,12229.99
00bbac68_2701,12230.0
00bbac68_2702,12229.99
00bbac68_2703,12229.98
00bbac68_2704,12229.97
00bbac68_2705,12229.95
00bbac68_2706,12229.94
00bbac68_2707,12229.92
00bbac68_2708,12229.9
00bbac68_2709,12229.89
00bbac68_2710,12229.89
00bbac68_2711,12229.9
00bbac68_2712,12229.9
00bbac68_2713,12229.91
00bbac68_2714,12229.92
00bbac68_2715,12229.94
00bbac68_2716,12229.96
00bbac68_2717,12229.95
00bbac68_2718,12229.94
00bbac68_2719,12229.93
00bbac68_2720,12229.93
00bbac68_2721,12229.93
00bbac68_2722,12229.94
00bbac68_2723,12229.94
00bbac68_2724,12229.94
00bbac68_2725,12229.94
00bbac68_2726,12229.95
00bbac68_2727,12229.95
00bbac68_2728,12229.95
00bbac68_2729,12229.95
00bbac68_2730,12229.95
00bbac68_2731,12229.95
00bbac68_2732,12229.95
00bbac68_2733,12229.93
00bbac68_2734,12229.92
00bbac68_2735,12229.91
00bbac68_2736,12229.89
00bbac68_2737,12229.86
00bbac68_2738,12229.84
00bbac68_2739,12229.81
00bbac68_2740,12229.78
00bbac68_2741,12229.8
00bbac68_2742,12229.78
00bbac68_2743,12229.73
00bbac68_2744,12229.64
00bbac68_2745,12229.56
00bbac68_2746,12229.5
00bbac68_2747,12229.46
00bbac68_2748,12229.45
00bbac68_2749,12229.46
00bbac68_2750,12229.47
00bbac68_2751,12229.49
00bbac68_2752,12229.5
00bbac68_2753,12229.54
00bbac68_2754,12229.58
00bbac68_2755,12229.64
00bbac68_2756,12229.7
00bbac68_2757,12229.77
00bbac68_2758,12229.76
00bbac68_2759,12229.72
00bbac68_2760,12229.68
00bbac68_2761,12229.66
00bbac68_2762,12229.64
00bbac68_2763,12229.65
00bbac68_2764,12229.65
00bbac68_2765,12229.65
00bbac68_2766,12229.64
00bbac68_2767,12229.63
00bbac68_2768,12229.62
00bbac68_2769,12229.63
00bbac68_2770,12229.63
00bbac68_2771,12229.64
00bbac68_2772,12229.63
00bbac68_2773,12229.64
00bbac68_2774,12229.63
00bbac68_2775,12229.64
00bbac68_2776,12229.64
00bbac68_2777,12229.63
00bbac68_2778,12229.64
00bbac68_2779,12229.63
00bbac68_2780,12229.62
00bbac68_2781,12229.6
00bbac68_2782,12229.58
00bbac68_2783,12229.58
00bbac68_2784,12229.56
00bbac68_2785,12229.54
00bbac68_2786,12229.52
00bbac68_2787,12229.49
00bbac68_2788,12229.47
00bbac68_2789,12229.43
00bbac68_2790,12229.4
00bbac68_2791,12229.4
00bbac68_2792,12229.39
00bbac68_2793,12229.4
00bbac68_2794,12229.39
00bbac68_2795,12229.38
00bbac68_2796,12229.35
00bbac68_2797,12229.32
00bbac68_2798,12229.3
00bbac68_2799,12229.26
00bbac68_2800,12229.2
00bbac68_2801,12229.13
00bbac68_2802,12229.07
00bbac68_2803,12229.01
00bbac68_2804,12228.94
00bbac68_2805,12228.88
00bbac68_2806,12228.85
00bbac68_2807,12228.81
00bbac68_2808,12228.79
00bbac68_2809,12228.78
00bbac68_2810,12228.76
00bbac68_2811,12228.75
00bbac68_2812,12228.74
00bbac68_2813,12228.75
00bbac68_2814,12228.73
00bbac68_2815,12228.7
00bbac68_2816,12228.66
00bbac68_2817,12228.61
00bbac68_2818,12228.57
00bbac68_2819,12228.53
00bbac68_2820,12228.51
00bbac68_2821,12228.46
00bbac68_2822,12228.4
00bbac68_2823,12228.35
00bbac68_2824,12228.29
00bbac68_2825,12228.23
00bbac68_2826,12228.15
00bbac68_2827,12228.07
00bbac68_2828,12228.01
00bbac68_2829,12227.95
00bbac68_2830,12227.88
00bbac68_2831,12227.81
00bbac68_2832,12227.73
00bbac68_2833,12227.67
00bbac68_2834,12227.65
00bbac68_2835,12227.64
00bbac68_2836,12227.66
00bbac68_2837,12227.64
00bbac68_2838,12227.63
00bbac68_2839,12227.63
00bbac68_2840,12227.6
00bbac68_2841,12227.57
00bbac68_2842,12227.53
00bbac68_2843,12227.51
00bbac68_2844,12227.47
00bbac68_2845,12227.45
00bbac68_2846,12227.45
00bbac68_2847,12227.42
00bbac68_2848,12227.41
00bbac68_2849,12227.44
00bbac68_2850,12227.47
00bbac68_2851,12227.46
00bbac68_2852,12227.46
00bbac68_2853,12227.46
00bbac68_2854,12227.45
00bbac68_2855,12227.46
00bbac68_2856,12227.47
00bbac68_2857,12227.45
00bbac68_2858,12227.44
00bbac68_2859,12227.42
00bbac68_2860,12227.38
00bbac68_2861,12227.36
00bbac68_2862,12227.34
00bbac68_2863,12227.3
00bbac68_2864,12227.29
00bbac68_2865,12227.28
00bbac68_2866,12227.24
00bbac68_2867,12227.2
00bbac68_2868,12227.18
00bbac68_2869,12227.16
00bbac68_2870,12227.17
00bbac68_2871,12227.19
00bbac68_2872,12227.2
00bbac68_2873,12227.2
00bbac68_2874,12227.18
00bbac68_2875,12227.16
00bbac68_2876,12227.16
00bbac68_2877,12227.15
00bbac68_2878,12227.16
00bbac68_2879,12227.16
00bbac68_2880,12227.15
00bbac68_2881,12227.14
00bbac68_2882,12227.09
00bbac68_2883,12227.08
00bbac68_2884,12227.1
00bbac68_2885,12227.14
00bbac68_2886,12227.2
00bbac68_2887,12227.27
00bbac68_2888,12227.36
00bbac68_2889,12227.45
00bbac68_2890,12227.53
00bbac68_2891,12227.64
00bbac68_2892,12227.74
00bbac68_2893,12227.84
00bbac68_2894,12227.9
00bbac68_2895,12227.94
00bbac68_2896,12227.96
00bbac68_2897,12227.95
00bbac68_2898,12227.91
00bbac68_2899,12227.91
00bbac68_2900,12227.89
00bbac68_2901,12227.88
00bbac68_2902,12227.85
00bbac68_2903,12227.83
00bbac68_2904,12227.81
00bbac68_2905,12227.79
00bbac68_2906,12227.76
00bbac68_2907,12227.74
00bbac68_2908,12227.72
00bbac68_2909,12227.72
00bbac68_2910,12227.7
00bbac68_2911,12227.71
00bbac68_2912,12227.7
00bbac68_2913,12227.7
00bbac68_2914,12227.7
00bbac68_2915,12227.71
00bbac68_2916,12227.7
00bbac68_2917,12227.71
00bbac68_2918,12227.69
00bbac68_2919,12227.69
00bbac68_2920,12227.69
00bbac68_2921,12227.67
00bbac68_2922,12227.65
00bbac68_2923,12227.63
00bbac68_2924,12227.61
00bbac68_2925,12227.61
00bbac68_2926,12227.6
00bbac68_2927,12227.6
00bbac68_2928,12227.59
00bbac68_2929,12227.57
00bbac68_2930,12227.56
00bbac68_2931,12227.57
00bbac68_2932,12227.57
00bbac68_2933,12227.56
00bbac68_2934,12227.56
00bbac68_2935,12227.58
00bbac68_2936,12227.61
00bbac68_2937,12227.64
00bbac68_2938,12227.67
00bbac68_2939,12227.68
00bbac68_2940,12227.7
00bbac68_2941,12227.71
00bbac68_2942,12227.71
00bbac68_2943,12227.71
00bbac68_2944,12227.7
00bbac68_2945,12227.67
00bbac68_2946,12227.64
00bbac68_2947,12227.63
00bbac68_2948,12227.6
00bbac68_2949,12227.57
00bbac68_2950,12227.56
00bbac68_2951,12227.56
00bbac68_2952,12227.56
00bbac68_2953,12227.53
00bbac68_2954,12227.53
00bbac68_2955,12227.53
00bbac68_2956,12227.57
00bbac68_2957,12227.63
00bbac68_2958,12227.68
00bbac68_2959,12227.77
00bbac68_2960,12227.85
00bbac68_2961,12227.92
00bbac68_2962,12227.94
00bbac68_2963,12228.01
00bbac68_2964,12228.07
00bbac68_2965,12228.13
00bbac68_2966,12228.17
00bbac68_2967,12228.21
00bbac68_2968,12228.21
00bbac68_2969,12228.22
00bbac68_2970,12228.24
00bbac68_2971,12228.27
00bbac68_2972,12228.31
00bbac68_2973,12228.35
00bbac68_2974,12228.37
00bbac68_2975,12228.39
00bbac68_2976,12228.39
00bbac68_2977,12228.39
00bbac68_2978,12228.36
00bbac68_2979,12228.37
00bbac68_2980,12228.38
00bbac68_2981,12228.38
00bbac68_2982,12228.38
00bbac68_2983,12228.38
00bbac68_2984,12228.38
00bbac68_2985,12228.37
00bbac68_2986,12228.38
00bbac68_2987,12228.39
00bbac68_2988,12228.41
00bbac68_2989,12228.42
00bbac68_2990,12228.44
00bbac68_2991,12228.46
00bbac68_2992,12228.5
00bbac68_2993,12228.54
00bbac68_2994,12228.56
00bbac68_2995,12228.59
00bbac68_2996,12228.62
00bbac68_2997,12228.63
00bbac68_2998,12228.65
00bbac68_2999,12228.65
00bbac68_3000,12228.66
00bbac68_3001,12228.65
00bbac68_3002,12228.66
00bbac68_3003,12228.66
00bbac68_3004,12228.65
00bbac68_3005,12228.66
00bbac68_3006,12228.67
00bbac68_3007,12228.68
00bbac68_3008,12228.68
00bbac68_3009,12228.69
00bbac68_3010,12228.7
00bbac68_3011,12228.7
00bbac68_3012,12228.7
00bbac68_3013,12228.69
00bbac68_3014,12228.69
00bbac68_3015,12228.68
00bbac68_3016,12228.67
00bbac68_3017,12228.67
00bbac68_3018,12228.67
00bbac68_3019,12228.67
00bbac68_3020,12228.67
00bbac68_3021,12228.67
00bbac68_3022,12228.67
00bbac68_3023,12228.67
00bbac68_3024,12228.67
00bbac68_3025,12228.67
00bbac68_3026,12228.69
00bbac68_3027,12228.69
00bbac68_3028,12228.69
00bbac68_3029,12228.69
00bbac68_3030,12228.7
00bbac68_3031,12228.7
00bbac68_3032,12228.71
00bbac68_3033,12228.71
00bbac68_3034,12228.7
00bbac68_3035,12228.7
00bbac68_3036,12228.69
00bbac68_3037,12228.68
00bbac68_3038,12228.67
00bbac68_3039,12228.66
00bbac68_3040,12228.66
00bbac68_3041,12228.66
00bbac68_3042,12228.67
00bbac68_3043,12228.68
00bbac68_3044,12228.68
00bbac68_3045,12228.7
00bbac68_3046,12228.72
00bbac68_3047,12228.74
00bbac68_3048,12228.77
00bbac68_3049,12228.79
00bbac68_3050,12228.81
00bbac68_3051,12228.83
00bbac68_3052,12228.84
00bbac68_3053,12228.85
00bbac68_3054,12228.87
00bbac68_3055,12228.88
00bbac68_3056,12228.9
00bbac68_3057,12228.92
00bbac68_3058,12228.95
00bbac68_3059,12228.96
00bbac68_3060,12228.99
00bbac68_3061,12229.05
00bbac68_3062,12229.11
00bbac68_3063,12229.19
00bbac68_3064,12229.26
00bbac68_3065,12229.31
00bbac68_3066,12229.37
00bbac68_3067,12229.43
00bbac68_3068,12229.5
00bbac68_3069,12229.57
00bbac68_3070,12229.66
00bbac68_3071,12229.72
00bbac68_3072,12229.74
00bbac68_3073,12229.77
00bbac68_3074,12229.77
00bbac68_3075,12229.77
00bbac68_3076,12229.79
00bbac68_3077,12229.82
00bbac68_3078,12229.83
00bbac68_3079,12229.84
00bbac68_3080,12229.87
00bbac68_3081,12229.9
00bbac68_3082,12229.92
00bbac68_3083,12229.96
00bbac68_3084,12230.03
00bbac68_3085,12230.09
00bbac68_3086,12230.14
00bbac68_3087,12230.14
00bbac68_3088,12230.14
00bbac68_3089,12230.14
00bbac68_3090,12230.14
00bbac68_3091,12230.13
00bbac68_3092,12230.13
00bbac68_3093,12230.12
00bbac68_3094,12230.12
00bbac68_3095,12230.1
00bbac68_3096,12230.12
00bbac68_3097,12230.11
00bbac68_3098,12230.09
00bbac68_3099,12230.1
00bbac68_3100,12230.12
00bbac68_3101,12230.11
00bbac68_3102,12230.12
00bbac68_3103,12230.1
00bbac68_3104,12230.11
00bbac68_3105,12230.1
00bbac68_3106,12230.09
00bbac68_3107,12230.09
00bbac68_3108,12230.11
00bbac68_3109,12230.14
00bbac68_3110,12230.17
00bbac68_3111,12230.19
00bbac68_3112,12230.25
00bbac68_3113,12230.28
00bbac68_3114,12230.31
00bbac68_3115,12230.38
00bbac68_3116,12230.38
00bbac68_3117,12230.38
00bbac68_3118,12230.44
00bbac68_3119,12230.53
00bbac68_3120,12230.67
00bbac68_3121,12230.82
00bbac68_3122,12231.01
00bbac68_3123,12231.21
00bbac68_3124,12231.42
00bbac68_3125,12231.63
00bbac68_3126,12231.82
00bbac68_3127,12231.98
00bbac68_3128,12232.12
00bbac68_3129,12232.21
00bbac68_3130,12232.28
00bbac68_3131,12232.31
00bbac68_3132,12232.26
00bbac68_3133,12232.2
00bbac68_3134,12232.21
00bbac68_3135,12232.25
00bbac68_3136,12232.29
00bbac68_3137,12232.33
00bbac68_3138,12232.39
00bbac68_3139,12232.44
00bbac68_3140,12232.48
00bbac68_3141,12232.5
00bbac68_3142,12232.5
00bbac68_3143,12232.47
00bbac68_3144,12232.45
00bbac68_3145,12232.41
00bbac68_3146,12232.35
00bbac68_3147,12232.28
00bbac68_3148,12232.21
00bbac68_3149,12232.15
00bbac68_3150,12232.13
00bbac68_3151,12232.11
00bbac68_3152,12232.11
00bbac68_3153,12232.13
00bbac68_3154,12232.15
00bbac68_3155,12232.19
00bbac68_3156,12232.21
00bbac68_3157,12232.21
00bbac68_3158,12232.18
00bbac68_3159,12232.14
00bbac68_3160,12232.11
00bbac68_3161,12232.08
00bbac68_3162,12232.02
00bbac68_3163,12231.97
00bbac68_3164,12231.92
00bbac68_3165,12231.86
00bbac68_3166,12231.82
00bbac68_3167,12231.79
00bbac68_3168,12231.78
00bbac68_3169,12231.77
00bbac68_3170,12231.75
00bbac68_3171,12231.76
00bbac68_3172,12231.73
00bbac68_3173,12231.68
00bbac68_3174,12231.63
00bbac68_3175,12231.58
00bbac68_3176,12231.54
00bbac68_3177,12231.55
00bbac68_3178,12231.56
00bbac68_3179,12231.61
00bbac68_3180,12231.67
00bbac68_3181,12231.72
00bbac68_3182,12231.8
00bbac68_3183,12231.89
00bbac68_3184,12232.0
00bbac68_3185,12232.07
00bbac68_3186,12232.13
00bbac68_3187,12232.18
00bbac68_3188,12232.2
00bbac68_3189,12232.13
00bbac68_3190,12232.07
00bbac68_3191,12232.02
00bbac68_3192,12231.98
00bbac68_3193,12231.94
00bbac68_3194,12231.9
00bbac68_3195,12231.84
00bbac68_3196,12231.75
00bbac68_3197,12231.67
00bbac68_3198,12231.68
00bbac68_3199,12231.69
00bbac68_3200,12231.72
00bbac68_3201,12231.72
00bbac68_3202,12231.7
00bbac68_3203,12231.69
00bbac68_3204,12231.67
00bbac68_3205,12231.65
00bbac68_3206,12231.68
00bbac68_3207,12231.71
00bbac68_3208,12231.75
00bbac68_3209,12231.79
00bbac68_3210,12231.8
00bbac68_3211,12231.78
00bbac68_3212,12231.75
00bbac68_3213,12231.75
00bbac68_3214,12231.78
00bbac68_3215,12231.8
00bbac68_3216,12231.79
00bbac68_3217,12231.8
00bbac68_3218,12231.8
00bbac68_3219,12231.85
00bbac68_3220,12231.88
00bbac68_3221,12231.91
00bbac68_3222,12231.95
00bbac68_3223,12232.0
00bbac68_3224,12232.06
00bbac68_3225,12232.09
00bbac68_3226,12232.09
00bbac68_3227,12232.05
00bbac68_3228,12232.03
00bbac68_3229,12232.0
00bbac68_3230,12231.98
00bbac68_3231,12231.99
00bbac68_3232,12232.0
00bbac68_3233,12232.04
00bbac68_3234,12232.1
00bbac68_3235,12232.13
00bbac68_3236,12232.14
00bbac68_3237,12232.16
00bbac68_3238,12232.19
00bbac68_3239,12232.21
00bbac68_3240,12232.22
00bbac68_3241,12232.23
00bbac68_3242,12232.25
00bbac68_3243,12232.25
00bbac68_3244,12232.28
00bbac68_3245,12232.32
00bbac68_3246,12232.39
00bbac68_3247,12232.48
00bbac68_3248,12232.57
00bbac68_3249,12232.64
00bbac68_3250,12232.69
00bbac68_3251,12232.72
00bbac68_3252,12232.76
00bbac68_3253,12232.72
00bbac68_3254,12232.7
00bbac68_3255,12232.68
00bbac68_3256,12232.68
00bbac68_3257,12232.66
00bbac68_3258,12232.63
00bbac68_3259,12232.62
00bbac68_3260,12232.66
00bbac68_3261,12232.71
00bbac68_3262,12232.75
00bbac68_3263,12232.76
00bbac68_3264,12232.75
00bbac68_3265,12232.76
00bbac68_3266,12232.75
00bbac68_3267,12232.75
00bbac68_3268,12232.75
00bbac68_3269,12232.75
00bbac68_3270,12232.79
00bbac68_3271,12232.83
00bbac68_3272,12232.89
00bbac68_3273,12232.92
00bbac68_3274,12232.95
00bbac68_3275,12233.0
00bbac68_3276,12233.08
00bbac68_3277,12233.1
00bbac68_3278,12233.12
00bbac68_3279,12233.12
00bbac68_3280,12233.11
00bbac68_3281,12233.12
00bbac68_3282,12233.1
00bbac68_3283,12233.1
00bbac68_3284,12233.09
00bbac68_3285,12233.1
00bbac68_3286,12233.1
00bbac68_3287,12233.08
00bbac68_3288,12233.09
00bbac68_3289,12233.09
00bbac68_3290,12233.11
00bbac68_3291,12233.13
00bbac68_3292,12233.19
00bbac68_3293,12233.21
00bbac68_3294,12233.29
00bbac68_3295,12233.36
00bbac68_3296,12233.43
00bbac68_3297,12233.52
00bbac68_3298,12233.63
00bbac68_3299,12233.72
00bbac68_3300,12233.84
00bbac68_3301,12233.98
00bbac68_3302,12234.11
00bbac68_3303,12234.24
00bbac68_3304,12234.38
00bbac68_3305,12234.5
00bbac68_3306,12234.63
00bbac68_3307,12234.74
00bbac68_3308,12234.88
00bbac68_3309,12234.98
00bbac68_3310,12235.08
00bbac68_3311,12235.13
00bbac68_3312,12235.16
00bbac68_3313,12235.17
00bbac68_3314,12235.16
00bbac68_3315,12235.11
00bbac68_3316,12235.11
00bbac68_3317,12235.07
00bbac68_3318,12235.05
00bbac68_3319,12235.01
00bbac68_3320,12234.97
00bbac68_3321,12234.94
00bbac68_3322,12234.93
00bbac68_3323,12234.94
00bbac68_3324,12234.95
00bbac68_3325,12234.95
00bbac68_3326,12234.94
00bbac68_3327,12234.93
00bbac68_3328,12234.92
00bbac68_3329,12234.9
00bbac68_3330,12234.89
00bbac68_3331,12234.85
00bbac68_3332,12234.84
00bbac68_3333,12234.81
00bbac68_3334,12234.79
00bbac68_3335,12234.77
00bbac68_3336,12234.73
00bbac68_3337,12234.72
00bbac68_3338,12234.71
00bbac68_3339,12234.73
00bbac68_3340,12234.78
00bbac68_3341,12234.84
00bbac68_3342,12234.92
00bbac68_3343,12234.99
00bbac68_3344,12235.08
00bbac68_3345,12235.16
00bbac68_3346,12235.23
00bbac68_3347,12235.28
00bbac68_3348,12235.28
00bbac68_3349,12235.26
00bbac68_3350,12235.23
00bbac68_3351,12235.24
00bbac68_3352,12235.22
00bbac68_3353,12235.25
00bbac68_3354,12235.28
00bbac68_3355,12235.34
00bbac68_3356,12235.42
00bbac68_3357,12235.53
00bbac68_3358,12235.64
00bbac68_3359,12235.74
00bbac68_3360,12235.85
00bbac68_3361,12235.95
00bbac68_3362,12236.02
00bbac68_3363,12236.04
00bbac68_3364,12236.05
00bbac68_3365,12236.06
00bbac68_3366,12236.08
00bbac68_3367,12236.14
00bbac68_3368,12236.15
00bbac68_3369,12236.18
00bbac68_3370,12236.23
00bbac68_3371,12236.28
00bbac68_3372,12236.37
00bbac68_3373,12236.49
00bbac68_3374,12236.57
00bbac68_3375,12236.68
00bbac68_3376,12236.78
00bbac68_3377,12236.87
00bbac68_3378,12236.96
00bbac68_3379,12237.0
00bbac68_3380,12237.07
00bbac68_3381,12237.1
00bbac68_3382,12237.13
00bbac68_3383,12237.16
00bbac68_3384,12237.15
00bbac68_3385,12237.13
00bbac68_3386,12237.13
00bbac68_3387,12237.11
00bbac68_3388,12237.11
00bbac68_3389,12237.14
00bbac68_3390,12237.17
00bbac68_3391,12237.22
00bbac68_3392,12237.25
00bbac68_3393,12237.3
00bbac68_3394,12237.36
00bbac68_3395,12237.4
00bbac68_3396,12237.44
00bbac68_3397,12237.49
00bbac68_3398,12237.55
00bbac68_3399,12237.62
00bbac68_3400,12237.66
00bbac68_3401,12237.68
00bbac68_3402,12237.7
00bbac68_3403,12237.71
00bbac68_3404,12237.75
00bbac68_3405,12237.77
00bbac68_3406,12237.77
00bbac68_3407,12237.74
00bbac68_3408,12237.73
00bbac68_3409,12237.68
00bbac68_3410,12237.63
00bbac68_3411,12237.55
00bbac68_3412,12237.46
00bbac68_3413,12237.38
00bbac68_3414,12237.33
00bbac68_3415,12237.28
00bbac68_3416,12237.23
00bbac68_3417,12237.2
00bbac68_3418,12237.18
00bbac68_3419,12237.18
00bbac68_3420,12237.21
00bbac68_3421,12237.21
00bbac68_3422,12237.23
00bbac68_3423,12237.25
00bbac68_3424,12237.29
00bbac68_3425,12237.3
00bbac68_3426,12237.3
00bbac68_3427,12237.31
00bbac68_3428,12237.3
00bbac68_3429,12237.29
00bbac68_3430,12237.3
00bbac68_3431,12237.28
00bbac68_3432,12237.28
00bbac68_3433,12237.27
00bbac68_3434,12237.25
00bbac68_3435,12237.22
00bbac68_3436,12237.19
00bbac68_3437,12237.14
00bbac68_3438,12237.09
00bbac68_3439,12237.04
00bbac68_3440,12237.01
00bbac68_3441,12236.95
00bbac68_3442,12236.91
00bbac68_3443,12236.88
00bbac68_3444,12236.81
00bbac68_3445,12236.76
00bbac68_3446,12236.71
00bbac68_3447,12236.67
00bbac68_3448,12236.69
00bbac68_3449,12236.71
00bbac68_3450,12236.76
00bbac68_3451,12236.84
00bbac68_3452,12236.93
00bbac68_3453,12237.02
00bbac68_3454,12237.07
00bbac68_3455,12237.12
00bbac68_3456,12237.16
00bbac68_3457,12237.19
00bbac68_3458,12237.21
00bbac68_3459,12237.2
00bbac68_3460,12237.16
00bbac68_3461,12237.1
00bbac68_3462,12237.02
00bbac68_3463,12236.95
00bbac68_3464,12236.9
00bbac68_3465,12236.86
00bbac68_3466,12236.87
00bbac68_3467,12236.9
00bbac68_3468,12236.97
00bbac68_3469,12237.0
00bbac68_3470,12237.0
00bbac68_3471,12237.02
00bbac68_3472,12237.06
00bbac68_3473,12237.1
00bbac68_3474,12237.12
00bbac68_3475,12237.15
00bbac68_3476,12237.16
00bbac68_3477,12237.16
00bbac68_3478,12237.17
00bbac68_3479,12237.21
00bbac68_3480,12237.26
00bbac68_3481,12237.33
00bbac68_3482,12237.42
00bbac68_3483,12237.51
00bbac68_3484,12237.61
00bbac68_3485,12237.65
00bbac68_3486,12237.68
00bbac68_3487,12237.71
00bbac68_3488,12237.72
00bbac68_3489,12237.72
00bbac68_3490,12237.69
00bbac68_3491,12237.65
00bbac68_3492,12237.6
00bbac68_3493,12237.58
00bbac68_3494,12237.56
00bbac68_3495,12237.55
00bbac68_3496,12237.54
00bbac68_3497,12237.53
00bbac68_3498,12237.53
00bbac68_3499,12237.54
00bbac68_3500,12237.52
00bbac68_3501,12237.54
00bbac68_3502,12237.55
00bbac68_3503,12237.57
00bbac68_3504,12237.6
00bbac68_3505,12237.62
00bbac68_3506,12237.61
00bbac68_3507,12237.6
00bbac68_3508,12237.59
00bbac68_3509,12237.56
00bbac68_3510,12237.52
00bbac68_3511,12237.52
00bbac68_3512,12237.55
00bbac68_3513,12237.61
00bbac68_3514,12237.7
00bbac68_3515,12237.79
00bbac68_3516,12237.88
00bbac68_3517,12237.97
00bbac68_3518,12238.05
00bbac68_3519,12238.13
00bbac68_3520,12238.2
00bbac68_3521,12238.25
00bbac68_3522,12238.29
00bbac68_3523,12238.3
00bbac68_3524,12238.28
00bbac68_3525,12238.24
00bbac68_3526,12238.22
00bbac68_3527,12238.22
00bbac68_3528,12238.23
00bbac68_3529,12238.26
00bbac68_3530,12238.28
00bbac68_3531,12238.28
00bbac68_3532,12238.29
00bbac68_3533,12238.29
00bbac68_3534,12238.29
00bbac68_3535,12238.26
00bbac68_3536,12238.27
00bbac68_3537,12238.29
00bbac68_3538,12238.31
00bbac68_3539,12238.3
00bbac68_3540,12238.32
00bbac68_3541,12238.32
00bbac68_3542,12238.28
00bbac68_3543,12238.21
00bbac68_3544,12238.11
00bbac68_3545,12237.98
00bbac68_3546,12237.83
00bbac68_3547,12237.66
00bbac68_3548,12237.51
00bbac68_3549,12237.33
00bbac68_3550,12237.17
00bbac68_3551,12237.04
00bbac68_3552,12236.93
00bbac68_3553,12236.85
00bbac68_3554,12236.78
00bbac68_3555,12236.75
00bbac68_3556,12236.76
00bbac68_3557,12236.72
00bbac68_3558,12236.67
00bbac68_3559,12236.63
00bbac68_3560,12236.6
00bbac68_3561,12236.58
00bbac68_3562,12236.56
00bbac68_3563,12236.54
00bbac68_3564,12236.53
00bbac68_3565,12236.53
00bbac68_3566,12236.56
00bbac68_3567,12236.56
00bbac68_3568,12236.54
00bbac68_3569,12236.52
00bbac68_3570,12236.49
00bbac68_3571,12236.43
00bbac68_3572,12236.35
00bbac68_3573,12236.23
00bbac68_3574,12236.1
00bbac68_3575,12235.98
00bbac68_3576,12235.85
00bbac68_3577,12235.74
00bbac68_3578,12235.62
00bbac68_3579,12235.53
00bbac68_3580,12235.47
00bbac68_3581,12235.43
00bbac68_3582,12235.41
00bbac68_3583,12235.37
00bbac68_3584,12235.37
00bbac68_3585,12235.4
00bbac68_3586,12235.42
00bbac68_3587,12235.43
00bbac68_3588,12235.43
00bbac68_3589,12235.42
00bbac68_3590,12235.43
00bbac68_3591,12235.43
00bbac68_3592,12235.44
00bbac68_3593,12235.44
00bbac68_3594,12235.42
00bbac68_3595,12235.43
00bbac68_3596,12235.44
00bbac68_3597,12235.43
00bbac68_3598,12235.42
00bbac68_3599,12235.41
00bbac68_3600,12235.44
00bbac68_3601,12235.46
00bbac68_3602,12235.47
00bbac68_3603,12235.51
00bbac68_3604,12235.54
00bbac68_3605,12235.59
00bbac68_3606,12235.66
00bbac68_3607,12235.71
00bbac68_3608,12235.74
00bbac68_3609,12235.75
00bbac68_3610,12235.75
00bbac68_3611,12235.74
00bbac68_3612,12235.72
00bbac68_3613,12235.68
00bbac68_3614,12235.68
00bbac68_3615,12235.67
00bbac68_3616,12235.66
00bbac68_3617,12235.62
00bbac68_3618,12235.6
00bbac68_3619,12235.59
00bbac68_3620,12235.57
00bbac68_3621,12235.57
00bbac68_3622,12235.57
00bbac68_3623,12235.56
00bbac68_3624,12235.56
00bbac68_3625,12235.53
00bbac68_3626,12235.51
00bbac68_3627,12235.5
00bbac68_3628,12235.52
00bbac68_3629,12235.54
00bbac68_3630,12235.55
00bbac68_3631,12235.56
00bbac68_3632,12235.55
00bbac68_3633,12235.55
00bbac68_3634,12235.55
00bbac68_3635,12235.54
00bbac68_3636,12235.53
00bbac68_3637,12235.55
00bbac68_3638,12235.56
00bbac68_3639,12235.57
00bbac68_3640,12235.57
00bbac68_3641,12235.55
00bbac68_3642,12235.54
00bbac68_3643,12235.56
00bbac68_3644,12235.56
00bbac68_3645,12235.55
00bbac68_3646,12235.54
00bbac68_3647,12235.52
00bbac68_3648,12235.52
00bbac68_3649,12235.52
00bbac68_3650,12235.52
00bbac68_3651,12235.53
00bbac68_3652,12235.53
00bbac68_3653,12235.55
00bbac68_3654,12235.54
00bbac68_3655,12235.54
00bbac68_3656,12235.54
00bbac68_3657,12235.52
00bbac68_3658,12235.53
00bbac68_3659,12235.55
00bbac68_3660,12235.55
00bbac68_3661,12235.53
00bbac68_3662,12235.5
00bbac68_3663,12235.47
00bbac68_3664,12235.47
00bbac68_3665,12235.45
00bbac68_3666,12235.44
00bbac68_3667,12235.43
00bbac68_3668,12235.39
00bbac68_3669,12235.38
00bbac68_3670,12235.36
00bbac68_3671,12235.34
00bbac68_3672,12235.33
00bbac68_3673,12235.33
00bbac68_3674,12235.35
00bbac68_3675,12235.35
00bbac68_3676,12235.35
00bbac68_3677,12235.33
00bbac68_3678,12235.33
00bbac68_3679,12235.32
00bbac68_3680,12235.33
00bbac68_3681,12235.31
00bbac68_3682,12235.32
00bbac68_3683,12235.33
00bbac68_3684,12235.34
00bbac68_3685,12235.37
00bbac68_3686,12235.37
00bbac68_3687,12235.39
00bbac68_3688,12235.4
00bbac68_3689,12235.43
00bbac68_3690,12235.42
00bbac68_3691,12235.43
00bbac68_3692,12235.43
00bbac68_3693,12235.44
00bbac68_3694,12235.45
00bbac68_3695,12235.44
00bbac68_3696,12235.44
00bbac68_3697,12235.43
00bbac68_3698,12235.43
00bbac68_3699,12235.39
00bbac68_3700,12235.4
00bbac68_3701,12235.45
00bbac68_3702,12235.46
00bbac68_3703,12235.45
00bbac68_3704,12235.41
00bbac68_3705,12235.33
00bbac68_3706,12235.22
00bbac68_3707,12235.18
00bbac68_3708,12235.1
00bbac68_3709,12235.06
00bbac68_3710,12234.96
00bbac68_3711,12234.95
00bbac68_3712,12234.95
00bbac68_3713,12234.94
00bbac68_3714,12234.91
00bbac68_3715,12234.96
00bbac68_3716,12235.08
00bbac68_3717,12235.13
00bbac68_3718,12235.18
00bbac68_3719,12235.23
00bbac68_3720,12235.2
00bbac68_3721,12235.24
00bbac68_3722,12235.2
00bbac68_3723,12235.24
00bbac68_3724,12235.21
00bbac68_3725,12235.13
00bbac68_3726,12235.1
00bbac68_3727,12235.07
00bbac68_3728,12235.05
00bbac68_3729,12234.98
00bbac68_3730,12234.97
00bbac68_3731,12234.97
00bbac68_3732,12234.99
00bbac68_3733,12234.97
00bbac68_3734,12235.01
00bbac68_3735,12234.94
00bbac68_3736,12234.86
00bbac68_3737,12234.87
00bbac68_3738,12234.7
00bbac68_3739,12234.63
00bbac68_3740,12234.43
00bbac68_3741,12234.21
00bbac68_3742,12234.1
00bbac68_3743,12233.89
00bbac68_3744,12233.77
00bbac68_3745,12233.68
00bbac68_3746,12233.61
00bbac68_3747,12233.57
00bbac68_3748,12233.6
00bbac68_3749,12233.6
00bbac68_3750,12233.61
00bbac68_3751,12233.58
00bbac68_3752,12233.6
00bbac68_3753,12233.62
00bbac68_3754,12233.6
00bbac68_3755,12233.58
00bbac68_3756,12233.47
00bbac68_3757,12233.41
00bbac68_3758,12233.32
00bbac68_3759,12233.17
00bbac68_3760,12233.12
00bbac68_3761,12233.13
00bbac68_3762,12233.16
00bbac68_3763,12233.22
00bbac68_3764,12233.28
00bbac68_3765,12233.39
00bbac68_3766,12233.56
00bbac68_3767,12233.73
00bbac68_3768,12233.94
00bbac68_3769,12234.17
00bbac68_3770,12234.42
00bbac68_3771,12234.6
00bbac68_3772,12234.75
00bbac68_3773,12234.88
00bbac68_3774,12234.97
00bbac68_3775,12235.06
00bbac68_3776,12235.16
00bbac68_3777,12235.23
00bbac68_3778,12235.3
00bbac68_3779,12235.23
00bbac68_3780,12235.18
00bbac68_3781,12235.13
00bbac68_3782,12235.12
00bbac68_3783,12235.05
00bbac68_3784,12235.04
00bbac68_3785,12235.01
00bbac68_3786,12234.96
00bbac68_3787,12234.92
00bbac68_3788,12234.95
00bbac68_3789,12234.96
00bbac68_3790,12234.97
00bbac68_3791,12234.98
00bbac68_3792,12235.04
00bbac68_3793,12235.03
00bbac68_3794,12235.03
00bbac68_3795,12235.02
00bbac68_3796,12235.02
00bbac68_3797,12234.99
00bbac68_3798,12235.0
00bbac68_3799,12235.0
00bbac68_3800,12235.01
00bbac68_3801,12234.94
00bbac68_3802,12234.92
00bbac68_3803,12234.97
00bbac68_3804,12235.02
00bbac68_3805,12235.04
00bbac68_3806,12235.07
00bbac68_3807,12235.15
00bbac68_3808,12235.2
00bbac68_3809,12235.24
00bbac68_3810,12235.28
00bbac68_3811,12235.36
00bbac68_3812,12235.36
00bbac68_3813,12235.38
00bbac68_3814,12235.39
00bbac68_3815,12235.42
00bbac68_3816,12235.39
00bbac68_3817,12235.4
00bbac68_3818,12235.41
00bbac68_3819,12235.41
00bbac68_3820,12235.4
00bbac68_3821,12235.4
00bbac68_3822,12235.42
00bbac68_3823,12235.47
00bbac68_3824,12235.45
00bbac68_3825,12235.53
00bbac68_3826,12235.56
00bbac68_3827,12235.57
00bbac68_3828,12235.6
00bbac68_3829,12235.65
00bbac68_3830,12235.64
00bbac68_3831,12235.63
00bbac68_3832,12235.64
00bbac68_3833,12235.68
00bbac68_3834,12235.66
00bbac68_3835,12235.58
00bbac68_3836,12235.61
00bbac68_3837,12235.6
00bbac68_3838,12235.64
00bbac68_3839,12235.62
00bbac68_3840,12235.61
00bbac68_3841,12235.62
00bbac68_3842,12235.63
00bbac68_3843,12235.63
00bbac68_3844,12235.67
00bbac68_3845,12235.67
00bbac68_3846,12235.64
00bbac68_3847,12235.6
00bbac68_3848,12235.61
00bbac68_3849,12235.6
00bbac68_3850,12235.57
00bbac68_3851,12235.55
00bbac68_3852,12235.59
00bbac68_3853,12235.61
00bbac68_3854,12235.61
00bbac68_3855,12235.62
00bbac68_3856,12235.65
00bbac68_3857,12235.65
00bbac68_3858,12235.7
00bbac68_3859,12235.72
00bbac68_3860,12235.73
00bbac68_3861,12235.74
00bbac68_3862,12235.72
00bbac68_3863,12235.7
00bbac68_3864,12235.68
00bbac68_3865,12235.65
00bbac68_3866,12235.64
00bbac68_3867,12235.62
00bbac68_3868,12235.61
00bbac68_3869,12235.61
00bbac68_3870,12235.6
00bbac68_3871,12235.6
00bbac68_3872,12235.62
00bbac68_3873,12235.62
00bbac68_3874,12235.63
00bbac68_3875,12235.62
00bbac68_3876,12235.61
00bbac68_3877,12235.58
00bbac68_3878,12235.53
00bbac68_3879,12235.48
00bbac68_3880,12235.41
00bbac68_3881,12235.31
00bbac68_3882,12235.28
00bbac68_3883,12235.23
00bbac68_3884,12235.21
00bbac68_3885,12235.18
00bbac68_3886,12235.17
00bbac68_3887,12235.15
00bbac68_3888,12235.16
00bbac68_3889,12235.16
00bbac68_3890,12235.17
00bbac68_3891,12235.17
00bbac68_3892,12235.17
00bbac68_3893,12235.16
00bbac68_3894,12235.13
00bbac68_3895,12235.14
00bbac68_3896,12235.15
00bbac68_3897,12235.14
00bbac68_3898,12235.17
00bbac68_3899,12235.18
00bbac68_3900,12235.18
00bbac68_3901,12235.15
00bbac68_3902,12235.17
00bbac68_3903,12235.18
00bbac68_3904,12235.19
00bbac68_3905,12235.2
00bbac68_3906,12235.19
00bbac68_3907,12235.22
00bbac68_3908,12235.24
00bbac68_3909,12235.27
00bbac68_3910,12235.28
00bbac68_3911,12235.3
00bbac68_3912,12235.35
00bbac68_3913,12235.37
00bbac68_3914,12235.38
00bbac68_3915,12235.35
00bbac68_3916,12235.35
00bbac68_3917,12235.33
00bbac68_3918,12235.36
00bbac68_3919,12235.33
00bbac68_3920,12235.33
00bbac68_3921,12235.32
00bbac68_3922,12235.27
00bbac68_3923,12235.31
00bbac68_3924,12235.31
00bbac68_3925,12235.28
00bbac68_3926,12235.28
00bbac68_3927,12235.29
00bbac68_3928,12235.31
00bbac68_3929,12235.32
00bbac68_3930,12235.32
00bbac68_3931,12235.27
00bbac68_3932,12235.3
00bbac68_3933,12235.3
00bbac68_3934,12235.25
00bbac68_3935,12235.25
00bbac68_3936,12235.23
00bbac68_3937,12235.27
00bbac68_3938,12235.28
00bbac68_3939,12235.3
00bbac68_3940,12235.33
00bbac68_3941,12235.34
00bbac68_3942,12235.43
00bbac68_3943,12235.45
00bbac68_3944,12235.49
00bbac68_3945,12235.54
00bbac68_3946,12235.52
00bbac68_3947,12235.51
00bbac68_3948,12235.5
00bbac68_3949,12235.51
00bbac68_3950,12235.46
00bbac68_3951,12235.49
00bbac68_3952,12235.45
00bbac68_3953,12235.5
00bbac68_3954,12235.46
00bbac68_3955,12235.45
00bbac68_3956,12235.46
00bbac68_3957,12235.5
00bbac68_3958,12235.54
00bbac68_3959,12235.57
00bbac68_3960,12235.6
00bbac68_3961,12235.65
00bbac68_3962,12235.66
00bbac68_3963,12235.73
00bbac68_3964,12235.73
00bbac68_3965,12235.79
00bbac68_3966,12235.76
00bbac68_3967,12235.79
00bbac68_3968,12235.73
00bbac68_3969,12235.72
00bbac68_3970,12235.65
00bbac68_3971,12235.64
00bbac68_3972,12235.58
00bbac68_3973,12235.57
00bbac68_3974,12235.49
00bbac68_3975,12235.48
00bbac68_3976,12235.44
00bbac68_3977,12235.42
00bbac68_3978,12235.42
00bbac68_3979,12235.44
00bbac68_3980,12235.44
00bbac68_3981,12235.46
00bbac68_3982,12235.48
00bbac68_3983,12235.49
00bbac68_3984,12235.49
00bbac68_3985,12235.52
00bbac68_3986,12235.5
00bbac68_3987,12235.54
00bbac68_3988,12235.5
00bbac68_3989,12235.53
00bbac68_3990,12235.49
00bbac68_3991,12235.49
00bbac68_3992,12235.47
00bbac68_3993,12235.41
00bbac68_3994,12235.42
00bbac68_3995,12235.37
00bbac68_3996,12235.38
00bbac68_3997,12235.35
00bbac68_3998,12235.32
00bbac68_3999,12235.27
00bbac68_4000,12235.26
00bbac68_4001,12235.18
00bbac68_4002,12235.13
00bbac68_4003,12235.09
00bbac68_4004,12235.06
00bbac68_4005,12235.05
00bbac68_4006,12234.96
00bbac68_4007,12234.96
00bbac68_4008,12234.91
00bbac68_4009,12234.84
00bbac68_4010,12234.84
00bbac68_4011,12234.81
00bbac68_4012,12234.8
00bbac68_4013,12234.8
00bbac68_4014,12234.78
00bbac68_4015,12234.76
00bbac68_4016,12234.76
00bbac68_4017,12234.74
00bbac68_4018,12234.73
00bbac68_4019,12234.72
00bbac68_4020,12234.75
00bbac68_4021,12234.7
00bbac68_4022,12234.67
00bbac68_4023,12234.68
00bbac68_4024,12234.64
00bbac68_4025,12234.63
00bbac68_4026,12234.65
00bbac68_4027,12234.64
00bbac68_4028,12234.6
00bbac68_4029,12234.62
00bbac68_4030,12234.61
00bbac68_4031,12234.56
00bbac68_4032,12234.59
00bbac68_4033,12234.59
00bbac68_4034,12234.57
00bbac68_4035,12234.56
00bbac68_4036,12234.57
00bbac68_4037,12234.55
00bbac68_4038,12234.57
00bbac68_4039,12234.53
00bbac68_4040,12234.54
00bbac68_4041,12234.57
00bbac68_4042,12234.58
00bbac68_4043,12234.56
00bbac68_4044,12234.56
00bbac68_4045,12234.58
00bbac68_4046,12234.55
00bbac68_4047,12234.5
00bbac68_4048,12234.53
00bbac68_4049,12234.52
00bbac68_4050,12234.5
00bbac68_4051,12234.43
00bbac68_4052,12234.45
00bbac68_4053,12234.43
00bbac68_4054,12234.42
00bbac68_4055,12234.4
00bbac68_4056,12234.43
00bbac68_4057,12234.45
00bbac68_4058,12234.47
00bbac68_4059,12234.47
00bbac68_4060,12234.52
00bbac68_4061,12234.49
00bbac68_4062,12234.5
00bbac68_4063,12234.53
00bbac68_4064,12234.58
00bbac68_4065,12234.6
00bbac68_4066,12234.59
00bbac68_4067,12234.56
00bbac68_4068,12234.58
00bbac68_4069,12234.59
00bbac68_4070,12234.59
00bbac68_4071,12234.6
00bbac68_4072,12234.61
00bbac68_4073,12234.62
00bbac68_4074,12234.64
00bbac68_4075,12234.65
00bbac68_4076,12234.65
00bbac68_4077,12234.61
00bbac68_4078,12234.64
00bbac68_4079,12234.64
00bbac68_4080,12234.61
00bbac68_4081,12234.57
00bbac68_4082,12234.53
00bbac68_4083,12234.5
00bbac68_4084,12234.49
00bbac68_4085,12234.5
00bbac68_4086,12234.49
00bbac68_4087,12234.51
00bbac68_4088,12234.52
00bbac68_4089,12234.55
00bbac68_4090,12234.57
00bbac68_4091,12234.59
00bbac68_4092,12234.61
00bbac68_4093,12234.61
00bbac68_4094,12234.62
00bbac68_4095,12234.61
00bbac68_4096,12234.57
00bbac68_4097,12234.56
00bbac68_4098,12234.53
00bbac68_4099,12234.5
00bbac68_4100,12234.47
00bbac68_4101,12234.43
00bbac68_4102,12234.4
00bbac68_4103,12234.35
00bbac68_4104,12234.32
00bbac68_4105,12234.28
00bbac68_4106,12234.23
00bbac68_4107,12234.21
00bbac68_4108,12234.18
00bbac68_4109,12234.17
00bbac68_4110,12234.15
00bbac68_4111,12234.14
00bbac68_4112,12234.12
00bbac68_4113,12234.13
00bbac68_4114,12234.12
00bbac68_4115,12234.1
00bbac68_4116,12234.08
00bbac68_4117,12234.05
00bbac68_4118,12234.0
00bbac68_4119,12233.95
00bbac68_4120,12233.92
00bbac68_4121,12233.86
00bbac68_4122,12233.82
00bbac68_4123,12233.78
00bbac68_4124,12233.75
00bbac68_4125,12233.72
00bbac68_4126,12233.69
00bbac68_4127,12233.67
00bbac68_4128,12233.66
00bbac68_4129,12233.66
00bbac68_4130,12233.65
00bbac68_4131,12233.63
00bbac68_4132,12233.62
00bbac68_4133,12233.61
00bbac68_4134,12233.59
00bbac68_4135,12233.58
00bbac68_4136,12233.57
00bbac68_4137,12233.56
00bbac68_4138,12233.57
00bbac68_4139,12233.55
00bbac68_4140,12233.55
00bbac68_4141,12233.53
00bbac68_4142,12233.51
00bbac68_4143,12233.49
00bbac68_4144,12233.47
00bbac68_4145,12233.45
00bbac68_4146,12233.44
00bbac68_4147,12233.42
00bbac68_4148,12233.4
00bbac68_4149,12233.38
00bbac68_4150,12233.37
00bbac68_4151,12233.38
00bbac68_4152,12233.39
00bbac68_4153,12233.41
00bbac68_4154,12233.43
00bbac68_4155,12233.44
00bbac68_4156,12233.46
00bbac68_4157,12233.47
00bbac68_4158,12233.49
00bbac68_4159,12233.48
00bbac68_4160,12233.47
00bbac68_4161,12233.47
00bbac68_4162,12233.49
00bbac68_4163,12233.52
00bbac68_4164,12233.56
00bbac68_4165,12233.6
00bbac68_4166,12233.66
00bbac68_4167,12233.73
00bbac68_4168,12233.78
00bbac68_4169,12233.81
00bbac68_4170,12233.84
00bbac68_4171,12233.87
00bbac68_4172,12233.88
00bbac68_4173,12233.88
00bbac68_4174,12233.86
00bbac68_4175,12233.81
00bbac68_4176,12233.78
00bbac68_4177,12233.77
00bbac68_4178,12233.76
00bbac68_4179,12233.75
00bbac68_4180,12233.74
00bbac68_4181,12233.72
00bbac68_4182,12233.71
00bbac68_4183,12233.68
00bbac68_4184,12233.64
00bbac68_4185,12233.6
00bbac68_4186,12233.57
00bbac68_4187,12233.55
00bbac68_4188,12233.54
00bbac68_4189,12233.52
00bbac68_4190,12233.5
00bbac68_4191,12233.47
00bbac68_4192,12233.46
00bbac68_4193,12233.46
00bbac68_4194,12233.48
00bbac68_4195,12233.49
00bbac68_4196,12233.51
00bbac68_4197,12233.54
00bbac68_4198,12233.56
00bbac68_4199,12233.59
00bbac68_4200,12233.61
00bbac68_4201,12233.63
00bbac68_4202,12233.65
00bbac68_4203,12233.66
00bbac68_4204,12233.68
00bbac68_4205,12233.67
00bbac68_4206,12233.7
00bbac68_4207,12233.68
00bbac68_4208,12233.62
00bbac68_4209,12233.58
00bbac68_4210,12233.56
00bbac68_4211,12233.54
00bbac68_4212,12233.52
00bbac68_4213,12233.51
00bbac68_4214,12233.5
00bbac68_4215,12233.51
00bbac68_4216,12233.53
00bbac68_4217,12233.54
00bbac68_4218,12233.56
00bbac68_4219,12233.59
00bbac68_4220,12233.63
00bbac68_4221,12233.68
00bbac68_4222,12233.75
00bbac68_4223,12233.74
00bbac68_4224,12233.73
00bbac68_4225,12233.74
00bbac68_4226,12233.75
00bbac68_4227,12233.75
00bbac68_4228,12233.76
00bbac68_4229,12233.77
00bbac68_4230,12233.78
00bbac68_4231,12233.78
00bbac68_4232,12233.77
00bbac68_4233,12233.75
00bbac68_4234,12233.74
00bbac68_4235,12233.73
00bbac68_4236,12233.74
00bbac68_4237,12233.74
00bbac68_4238,12233.75
00bbac68_4239,12233.76
00bbac68_4240,12233.75
00bbac68_4241,12233.72
00bbac68_4242,12233.7
00bbac68_4243,12233.71
00bbac68_4244,12233.72
00bbac68_4245,12233.72
00bbac68_4246,12233.72
00bbac68_4247,12233.72
00bbac68_4248,12233.72
00bbac68_4249,12233.75
00bbac68_4250,12233.74
00bbac68_4251,12233.73
00bbac68_4252,12233.72
00bbac68_4253,12233.68
00bbac68_4254,12233.65
00bbac68_4255,12233.6
00bbac68_4256,12233.54
00bbac68_4257,12233.48
00bbac68_4258,12233.43
00bbac68_4259,12233.4
00bbac68_4260,12233.37
00bbac68_4261,12233.35
00bbac68_4262,12233.34
00bbac68_4263,12233.35
00bbac68_4264,12233.38
00bbac68_4265,12233.4
00bbac68_4266,12233.4
00bbac68_4267,12233.41
00bbac68_4268,12233.41
00bbac68_4269,12233.41
00bbac68_4270,12233.4
00bbac68_4271,12233.4
00bbac68_4272,12233.39
00bbac68_4273,12233.38
00bbac68_4274,12233.35
00bbac68_4275,12233.34
00bbac68_4276,12233.33
00bbac68_4277,12233.32
00bbac68_4278,12233.31
00bbac68_4279,12233.31
00bbac68_4280,12233.31
00bbac68_4281,12233.31
00bbac68_4282,12233.31
00bbac68_4283,12233.32
00bbac68_4284,12233.31
00bbac68_4285,12233.31
00bbac68_4286,12233.32
00bbac68_4287,12233.32
00bbac68_4288,12233.33
00bbac68_4289,12233.35
00bbac68_4290,12233.37
00bbac68_4291,12233.39
00bbac68_4292,12233.42
00bbac68_4293,12233.44
00bbac68_4294,12233.49
00bbac68_4295,12233.52
00bbac68_4296,12233.55
00bbac68_4297,12233.57
00bbac68_4298,12233.6
00bbac68_4299,12233.61
00bbac68_4300,12233.6
00bbac68_4301,12233.61
00bbac68_4302,12233.61
00bbac68_4303,12233.58
00bbac68_4304,12233.58
00bbac68_4305,12233.55
00bbac68_4306,12233.54
00bbac68_4307,12233.53
00bbac68_4308,12233.53
00bbac68_4309,12233.53
00bbac68_4310,12233.53
00bbac68_4311,12233.53
00bbac68_4312,12233.53
00bbac68_4313,12233.53
00bbac68_4314,12233.54
00bbac68_4315,12233.55
00bbac68_4316,12233.55
00bbac68_4317,12233.55
00bbac68_4318,12233.55
00bbac68_4319,12233.55
00bbac68_4320,12233.56
00bbac68_4321,12233.56
00bbac68_4322,12233.58
00bbac68_4323,12233.59
00bbac68_4324,12233.61
00bbac68_4325,12233.63
00bbac68_4326,12233.64
00bbac68_4327,12233.66
00bbac68_4328,12233.66
00bbac68_4329,12233.66
00bbac68_4330,12233.65
00bbac68_4331,12233.64
00bbac68_4332,12233.61
00bbac68_4333,12233.57
00bbac68_4334,12233.56
00bbac68_4335,12233.57
00bbac68_4336,12233.58
00bbac68_4337,12233.61
00bbac68_4338,12233.66
00bbac68_4339,12233.71
00bbac68_4340,12233.77
00bbac68_4341,12233.82
00bbac68_4342,12233.87
00bbac68_4343,12233.92
00bbac68_4344,12233.95
00bbac68_4345,12233.96
00bbac68_4346,12233.94
00bbac68_4347,12233.9
00bbac68_4348,12233.86
00bbac68_4349,12233.79
00bbac68_4350,12233.75
00bbac68_4351,12233.73
00bbac68_4352,12233.7
00bbac68_4353,12233.65
00bbac68_4354,12233.63
00bbac68_4355,12233.61
00bbac68_4356,12233.6
00bbac68_4357,12233.61
00bbac68_4358,12233.63
00bbac68_4359,12233.66
00bbac68_4360,12233.69
00bbac68_4361,12233.7
00bbac68_4362,12233.73
00bbac68_4363,12233.77
00bbac68_4364,12233.83
00bbac68_4365,12233.86
00bbac68_4366,12233.9
00bbac68_4367,12233.91
00bbac68_4368,12233.92
00bbac68_4369,12233.92
00bbac68_4370,12233.93
00bbac68_4371,12233.91
00bbac68_4372,12233.89
00bbac68_4373,12233.87
00bbac68_4374,12233.83
00bbac68_4375,12233.79
00bbac68_4376,12233.73
00bbac68_4377,12233.66
00bbac68_4378,12233.62
00bbac68_4379,12233.59
00bbac68_4380,12233.55
00bbac68_4381,12233.49
00bbac68_4382,12233.43
00bbac68_4383,12233.37
00bbac68_4384,12233.35
00bbac68_4385,12233.31
00bbac68_4386,12233.29
00bbac68_4387,12233.27
00bbac68_4388,12233.24
00bbac68_4389,12233.23
00bbac68_4390,12233.2
00bbac68_4391,12233.19
00bbac68_4392,12233.19
00bbac68_4393,12233.17
00bbac68_4394,12233.18
00bbac68_4395,12233.17
00bbac68_4396,12233.17
00bbac68_4397,12233.16
00bbac68_4398,12233.15
00bbac68_4399,12233.15
00bbac68_4400,12233.16
00bbac68_4401,12233.16
00bbac68_4402,12233.15
00bbac68_4403,12233.16
00bbac68_4404,12233.16
00bbac68_4405,12233.16
00bbac68_4406,12233.16
00bbac68_4407,12233.17
00bbac68_4408,12233.17
00bbac68_4409,12233.17
00bbac68_4410,12233.2
00bbac68_4411,12233.21
00bbac68_4412,12233.21
00bbac68_4413,12233.2
00bbac68_4414,12233.18
00bbac68_4415,12233.15
00bbac68_4416,12233.12
00bbac68_4417,12233.08
00bbac68_4418,12233.04
00bbac68_4419,12233.01
00bbac68_4420,12232.98
00bbac68_4421,12232.95
00bbac68_4422,12232.93
00bbac68_4423,12232.92
00bbac68_4424,12232.89
00bbac68_4425,12232.88
00bbac68_4426,12232.93
00bbac68_4427,12232.98
00bbac68_4428,12233.06
00bbac68_4429,12233.15
00bbac68_4430,12233.25
00bbac68_4431,12233.35
00bbac68_4432,12233.44
00bbac68_4433,12233.53
00bbac68_4434,12233.6
00bbac68_4435,12233.65
00bbac68_4436,12233.69
00bbac68_4437,12233.7
00bbac68_4438,12233.67
00bbac68_4439,12233.63
00bbac68_4440,12233.56
00bbac68_4441,12233.52
00bbac68_4442,12233.5
00bbac68_4443,12233.47
00bbac68_4444,12233.47
00bbac68_4445,12233.48
00bbac68_4446,12233.5
00bbac68_4447,12233.52
00bbac68_4448,12233.54
00bbac68_4449,12233.57
00bbac68_4450,12233.59
00bbac68_4451,12233.62
00bbac68_4452,12233.66
00bbac68_4453,12233.69
00bbac68_4454,12233.71
00bbac68_4455,12233.72
00bbac68_4456,12233.73
00bbac68_4457,12233.71
00bbac68_4458,12233.68
00bbac68_4459,12233.65
00bbac68_4460,12233.64
00bbac68_4461,12233.65
00bbac68_4462,12233.64
00bbac68_4463,12233.64
00bbac68_4464,12233.65
00bbac68_4465,12233.68
00bbac68_4466,12233.72
00bbac68_4467,12233.78
00bbac68_4468,12233.85
00bbac68_4469,12233.92
00bbac68_4470,12234.0
00bbac68_4471,12234.06
00bbac68_4472,12234.12
00bbac68_4473,12234.15
00bbac68_4474,12234.18
00bbac68_4475,12234.2
00bbac68_4476,12234.21
00bbac68_4477,12234.21
00bbac68_4478,12234.2
00bbac68_4479,12234.18
00bbac68_4480,12234.18
00bbac68_4481,12234.17
00bbac68_4482,12234.14
00bbac68_4483,12234.09
00bbac68_4484,12234.02
00bbac68_4485,12233.96
00bbac68_4486,12233.92
00bbac68_4487,12233.88
00bbac68_4488,12233.86
00bbac68_4489,12233.82
00bbac68_4490,12233.8
00bbac68_4491,12233.77
00bbac68_4492,12233.75
00bbac68_4493,12233.74
00bbac68_4494,12233.73
00bbac68_4495,12233.75
00bbac68_4496,12233.76
00bbac68_4497,12233.68
00bbac68_4498,12233.6
00bbac68_4499,12233.54
00bbac68_4500,12233.5
00bbac68_4501,12233.49
00bbac68_4502,12233.5
00bbac68_4503,12233.53
00bbac68_4504,12233.56
00bbac68_4505,12233.57
00bbac68_4506,12233.6
00bbac68_4507,12233.63
00bbac68_4508,12233.65
00bbac68_4509,12233.67
00bbac68_4510,12233.69
00bbac68_4511,12233.67
00bbac68_4512,12233.65
00bbac68_4513,12233.61
00bbac68_4514,12233.61
00bbac68_4515,12233.6
00bbac68_4516,12233.54
00bbac68_4517,12233.52
00bbac68_4518,12233.51
00bbac68_4519,12233.47
00bbac68_4520,12233.4
00bbac68_4521,12233.37
00bbac68_4522,12233.32
00bbac68_4523,12233.24
00bbac68_4524,12233.2
00bbac68_4525,12233.13
00bbac68_4526,12233.12
00bbac68_4527,12233.09
00bbac68_4528,12233.09
00bbac68_4529,12233.08
00bbac68_4530,12233.05
00bbac68_4531,12233.0
00bbac68_4532,12232.98
00bbac68_4533,12232.96
00bbac68_4534,12232.87
00bbac68_4535,12232.79
00bbac68_4536,12232.7
00bbac68_4537,12232.59
00bbac68_4538,12232.49
00bbac68_4539,12232.38
00bbac68_4540,12232.31
00bbac68_4541,12232.19
00bbac68_4542,12232.17
00bbac68_4543,12232.11
00bbac68_4544,12232.04
00bbac68_4545,12232.04
00bbac68_4546,12232.03
00bbac68_4547,12232.05
00bbac68_4548,12232.05
00bbac68_4549,12232.05
00bbac68_4550,12232.04
00bbac68_4551,12232.06
00bbac68_4552,12232.04
00bbac68_4553,12231.98
00bbac68_4554,12232.0
00bbac68_4555,12231.98
00bbac68_4556,12231.97
00bbac68_4557,12231.93
00bbac68_4558,12231.98
00bbac68_4559,12232.0
00bbac68_4560,12232.02
00bbac68_4561,12232.06
00bbac68_4562,12232.07
00bbac68_4563,12232.05
00bbac68_4564,12232.07
00bbac68_4565,12232.12
00bbac68_4566,12232.13
00bbac68_4567,12232.12
00bbac68_4568,12232.1
00bbac68_4569,12232.04
00bbac68_4570,12232.07
00bbac68_4571,12232.07
00bbac68_4572,12232.04
00bbac68_4573,12232.0
00bbac68_4574,12231.97
00bbac68_4575,12231.93
00bbac68_4576,12231.88
00bbac68_4577,12231.81
00bbac68_4578,12231.71
00bbac68_4579,12231.66
00bbac68_4580,12231.66
00bbac68_4581,12231.64
00bbac68_4582,12231.62
00bbac68_4583,12231.6
00bbac68_4584,12231.58
00bbac68_4585,12231.57
00bbac68_4586,12231.63
00bbac68_4587,12231.67
00bbac68_4588,12231.59
00bbac68_4589,12231.49
00bbac68_4590,12231.41
00bbac68_4591,12231.4
00bbac68_4592,12231.36
00bbac68_4593,12231.33
00bbac68_4594,12231.28
00bbac68_4595,12231.28
00bbac68_4596,12231.26
00bbac68_4597,12231.24
00bbac68_4598,12231.23
00bbac68_4599,12231.26
00bbac68_4600,12231.28
00bbac68_4601,12231.23
00bbac68_4602,12231.13
00bbac68_4603,12230.94
00bbac68_4604,12230.65
00bbac68_4605,12230.48
00bbac68_4606,12230.33
00bbac68_4607,12230.22
00bbac68_4608,12230.06
00bbac68_4609,12229.87
00bbac68_4610,12229.7
00bbac68_4611,12229.57
00bbac68_4612,12229.48
00bbac68_4613,12229.44
00bbac68_4614,12229.44
00bbac68_4615,12229.47
00bbac68_4616,12229.44
00bbac68_4617,12229.36
00bbac68_4618,12229.3
00bbac68_4619,12229.31
00bbac68_4620,12229.38
00bbac68_4621,12229.55
00bbac68_4622,12229.71
00bbac68_4623,12229.89
00bbac68_4624,12230.07
00bbac68_4625,12230.28
00bbac68_4626,12230.54
00bbac68_4627,12230.79
00bbac68_4628,12231.04
00bbac68_4629,12231.26
00bbac68_4630,12231.42
00bbac68_4631,12231.54
00bbac68_4632,12231.61
00bbac68_4633,12231.65
00bbac68_4634,12231.69
00bbac68_4635,12231.72
00bbac68_4636,12231.71
00bbac68_4637,12231.71
00bbac68_4638,12231.7
00bbac68_4639,12231.67
00bbac68_4640,12231.66
00bbac68_4641,12231.67
00bbac68_4642,12231.67
00bbac68_4643,12231.67
00bbac68_4644,12231.66
00bbac68_4645,12231.68
00bbac68_4646,12231.69
00bbac68_4647,12231.68
00bbac68_4648,12231.68
00bbac68_4649,12231.65
00bbac68_4650,12231.62
00bbac68_4651,12231.58
00bbac68_4652,12231.53
00bbac68_4653,12231.49
00bbac68_4654,12231.44
00bbac68_4655,12231.4
00bbac68_4656,12231.38
00bbac68_4657,12231.36
00bbac68_4658,12231.35
00bbac68_4659,12231.34
00bbac68_4660,12231.34
00bbac68_4661,12231.37
00bbac68_4662,12231.37
00bbac68_4663,12231.36
00bbac68_4664,12231.35
00bbac68_4665,12231.32
00bbac68_4666,12231.29
00bbac68_4667,12231.25
00bbac68_4668,12231.21
00bbac68_4669,12231.17
00bbac68_4670,12231.13
00bbac68_4671,12231.1
00bbac68_4672,12231.08
00bbac68_4673,12231.07
00bbac68_4674,12231.07
00bbac68_4675,12231.07
00bbac68_4676,12231.1
00bbac68_4677,12231.12
00bbac68_4678,12231.11
00bbac68_4679,12231.11
00bbac68_4680,12231.08
00bbac68_4681,12231.07
00bbac68_4682,12231.05
00bbac68_4683,12231.02
00bbac68_4684,12230.99
00bbac68_4685,12230.95
00bbac68_4686,12230.91
00bbac68_4687,12230.88
00bbac68_4688,12230.85
00bbac68_4689,12230.82
00bbac68_4690,12230.82
00bbac68_4691,12230.81
00bbac68_4692,12230.81
00bbac68_4693,12230.8
00bbac68_4694,12230.79
00bbac68_4695,12230.77
00bbac68_4696,12230.74
00bbac68_4697,12230.73
00bbac68_4698,12230.73
00bbac68_4699,12230.72
00bbac68_4700,12230.7
00bbac68_4701,12230.69
00bbac68_4702,12230.69
00bbac68_4703,12230.71
00bbac68_4704,12230.75
00bbac68_4705,12230.78
00bbac68_4706,12230.83
00bbac68_4707,12230.88
00bbac68_4708,12230.94
00bbac68_4709,12231.0
00bbac68_4710,12231.06
00bbac68_4711,12231.11
00bbac68_4712,12231.13
00bbac68_4713,12231.13
00bbac68_4714,12231.13
00bbac68_4715,12231.1
00bbac68_4716,12231.05
00bbac68_4717,12231.03
00bbac68_4718,12231.0
00bbac68_4719,12230.98
00bbac68_4720,12230.95
00bbac68_4721,12230.93
00bbac68_4722,12230.92
00bbac68_4723,12230.93
00bbac68_4724,12230.96
00bbac68_4725,12230.99
00bbac68_4726,12231.03
00bbac68_4727,12231.04
00bbac68_4728,12231.01
00bbac68_4729,12230.97
00bbac68_4730,12230.93
00bbac68_4731,12230.89
00bbac68_4732,12230.83
00bbac68_4733,12230.79
00bbac68_4734,12230.73
00bbac68_4735,12230.67
00bbac68_4736,12230.62
00bbac68_4737,12230.6
00bbac68_4738,12230.59
00bbac68_4739,12230.62
00bbac68_4740,12230.67
00bbac68_4741,12230.7
00bbac68_4742,12230.72
00bbac68_4743,12230.74
00bbac68_4744,12230.75
00bbac68_4745,12230.76
00bbac68_4746,12230.76
00bbac68_4747,12230.76
00bbac68_4748,12230.73
00bbac68_4749,12230.71
00bbac68_4750,12230.69
00bbac68_4751,12230.68
00bbac68_4752,12230.67
00bbac68_4753,12230.69
00bbac68_4754,12230.7
00bbac68_4755,12230.72
00bbac68_4756,12230.73
00bbac68_4757,12230.72
00bbac68_4758,12230.72
00bbac68_4759,12230.71
00bbac68_4760,12230.68
00bbac68_4761,12230.64
00bbac68_4762,12230.61
00bbac68_4763,12230.55
00bbac68_4764,12230.51
00bbac68_4765,12230.49
00bbac68_4766,12230.47
00bbac68_4767,12230.44
00bbac68_4768,12230.42
00bbac68_4769,12230.4
00bbac68_4770,12230.38
00bbac68_4771,12230.37
00bbac68_4772,12230.36
00bbac68_4773,12230.34
00bbac68_4774,12230.31
00bbac68_4775,12230.28
00bbac68_4776,12230.25
00bbac68_4777,12230.22
00bbac68_4778,12230.2
00bbac68_4779,12230.15
00bbac68_4780,12230.16
00bbac68_4781,12230.19
00bbac68_4782,12230.21
00bbac68_4783,12230.22
00bbac68_4784,12230.25
00bbac68_4785,12230.3
00bbac68_4786,12230.36
00bbac68_4787,12230.42
00bbac68_4788,12230.47
00bbac68_4789,12230.5
00bbac68_4790,12230.52
00bbac68_4791,12230.52
00bbac68_4792,12230.48
00bbac68_4793,12230.46
00bbac68_4794,12230.42
00bbac68_4795,12230.36
00bbac68_4796,12230.33
00bbac68_4797,12230.3
00bbac68_4798,12230.29
00bbac68_4799,12230.3
00bbac68_4800,12230.32
00bbac68_4801,12230.33
00bbac68_4802,12230.31
00bbac68_4803,12230.32
00bbac68_4804,12230.33
00bbac68_4805,12230.3
00bbac68_4806,12230.26
00bbac68_4807,12230.26
00bbac68_4808,12230.26
00bbac68_4809,12230.27
00bbac68_4810,12230.26
00bbac68_4811,12230.21
00bbac68_4812,12230.17
00bbac68_4813,12230.15
00bbac68_4814,12230.15
00bbac68_4815,12230.16
00bbac68_4816,12230.15
00bbac68_4817,12230.14
00bbac68_4818,12230.13
00bbac68_4819,12230.14
00bbac68_4820,12230.13
00bbac68_4821,12230.12
00bbac68_4822,12230.15
00bbac68_4823,12230.21
00bbac68_4824,12230.24
00bbac68_4825,12230.25
00bbac68_4826,12230.24
00bbac68_4827,12230.21
00bbac68_4828,12230.17
00bbac68_4829,12230.14
00bbac68_4830,12230.14
00bbac68_4831,12230.14
00bbac68_4832,12230.14
00bbac68_4833,12230.14
00bbac68_4834,12230.14
00bbac68_4835,12230.13
00bbac68_4836,12230.14
00bbac68_4837,12230.14
00bbac68_4838,12230.14
00bbac68_4839,12230.14
00bbac68_4840,12230.14
00bbac68_4841,12230.16
00bbac68_4842,12230.2
00bbac68_4843,12230.23
00bbac68_4844,12230.24
00bbac68_4845,12230.24
00bbac68_4846,12230.26
00bbac68_4847,12230.29
00bbac68_4848,12230.34
00bbac68_4849,12230.39
00bbac68_4850,12230.42
00bbac68_4851,12230.43
00bbac68_4852,12230.43
00bbac68_4853,12230.42
00bbac68_4854,12230.43
00bbac68_4855,12230.46
00bbac68_4856,12230.49
00bbac68_4857,12230.52
00bbac68_4858,12230.54
00bbac68_4859,12230.52
00bbac68_4860,12230.52
00bbac68_4861,12230.53
00bbac68_4862,12230.58
00bbac68_4863,12230.64
00bbac68_4864,12230.66
00bbac68_4865,12230.68
00bbac68_4866,12230.71
00bbac68_4867,12230.73
00bbac68_4868,12230.76
00bbac68_4869,12230.81
00bbac68_4870,12230.87
00bbac68_4871,12230.92
00bbac68_4872,12230.93
00bbac68_4873,12230.94
00bbac68_4874,12230.92
00bbac68_4875,12230.91
00bbac68_4876,12230.92
00bbac68_4877,12230.93
00bbac68_4878,12230.92
00bbac68_4879,12230.87
00bbac68_4880,12230.79
00bbac68_4881,12230.75
00bbac68_4882,12230.72
00bbac68_4883,12230.68
00bbac68_4884,12230.67
00bbac68_4885,12230.67
00bbac68_4886,12230.67
00bbac68_4887,12230.64
00bbac68_4888,12230.63
00bbac68_4889,12230.63
00bbac68_4890,12230.61
00bbac68_4891,12230.63
00bbac68_4892,12230.64
00bbac68_4893,12230.64
00bbac68_4894,12230.63
00bbac68_4895,12230.65
00bbac68_4896,12230.65
00bbac68_4897,12230.63
00bbac68_4898,12230.62
00bbac68_4899,12230.62
00bbac68_4900,12230.59
00bbac68_4901,12230.57
00bbac68_4902,12230.54
00bbac68_4903,12230.47
00bbac68_4904,12230.44
00bbac68_4905,12230.4
00bbac68_4906,12230.38
00bbac68_4907,12230.4
00bbac68_4908,12230.41
00bbac68_4909,12230.42
00bbac68_4910,12230.42
00bbac68_4911,12230.42
00bbac68_4912,12230.39
00bbac68_4913,12230.4
00bbac68_4914,12230.42
00bbac68_4915,12230.46
00bbac68_4916,12230.48
00bbac68_4917,12230.55
00bbac68_4918,12230.63
00bbac68_4919,12230.7
00bbac68_4920,12230.79
00bbac68_4921,12230.91
00bbac68_4922,12231.01
00bbac68_4923,12231.13
00bbac68_4924,12231.22
00bbac68_4925,12231.27
00bbac68_4926,12231.28
00bbac68_4927,12231.24
00bbac68_4928,12231.2
00bbac68_4929,12231.19
00bbac68_4930,12231.2
00bbac68_4931,12231.21
00bbac68_4932,12231.2
00bbac68_4933,12231.19
00bbac68_4934,12231.17
00bbac68_4935,12231.14
00bbac68_4936,12231.14
00bbac68_4937,12231.14
00bbac68_4938,12231.1
00bbac68_4939,12231.1
00bbac68_4940,12231.08
00bbac68_4941,12231.1
00bbac68_4942,12231.1
00bbac68_4943,12231.08
00bbac68_4944,12231.1
00bbac68_4945,12231.15
00bbac68_4946,12231.2
00bbac68_4947,12231.25
00bbac68_4948,12231.27
00bbac68_4949,12231.31
00bbac68_4950,12231.33
00bbac68_4951,12231.37
00bbac68_4952,12231.43
00bbac68_4953,12231.45
00bbac68_4954,12231.45
00bbac68_4955,12231.46
00bbac68_4956,12231.48
00bbac68_4957,12231.5
00bbac68_4958,12231.48
00bbac68_4959,12231.47
00bbac68_4960,12231.49
00bbac68_4961,12231.51
00bbac68_4962,12231.53
00bbac68_4963,12231.56
00bbac68_4964,12231.59
00bbac68_4965,12231.63
00bbac68_4966,12231.68
00bbac68_4967,12231.72
00bbac68_4968,12231.77
00bbac68_4969,12231.81
00bbac68_4970,12231.83
00bbac68_4971,12231.85
00bbac68_4972,12231.85
00bbac68_4973,12231.83
00bbac68_4974,12231.82
00bbac68_4975,12231.8
00bbac68_4976,12231.8
00bbac68_4977,12231.79
00bbac68_4978,12231.79
00bbac68_4979,12231.78
00bbac68_4980,12231.79
00bbac68_4981,12231.78
00bbac68_4982,12231.79
00bbac68_4983,12231.81
00bbac68_4984,12231.85
00bbac68_4985,12231.89
00bbac68_4986,12231.94
00bbac68_4987,12232.0
00bbac68_4988,12232.05
00bbac68_4989,12232.08
00bbac68_4990,12232.11
00bbac68_4991,12232.16
00bbac68_4992,12232.21
00bbac68_4993,12232.26
00bbac68_4994,12232.31
00bbac68_4995,12232.35
00bbac68_4996,12232.36
00bbac68_4997,12232.35
00bbac68_4998,12232.36
00bbac68_4999,12232.37
00bbac68_5000,12232.39
00bbac68_5001,12232.37
00bbac68_5002,12232.3
00bbac68_5003,12232.17
00bbac68_5004,12232.01
00bbac68_5005,12231.84
00bbac68_5006,12231.71
00bbac68_5007,12231.61
00bbac68_5008,12231.53
00bbac68_5009,12231.49
00bbac68_5010,12231.46
00bbac68_5011,12231.45
00bbac68_5012,12231.46
00bbac68_5013,12231.51
00bbac68_5014,12231.59
00bbac68_5015,12231.68
00bbac68_5016,12231.77
00bbac68_5017,12231.8
00bbac68_5018,12231.81
00bbac68_5019,12231.79
00bbac68_5020,12231.77
00bbac68_5021,12231.76
00bbac68_5022,12231.76
00bbac68_5023,12231.78
00bbac68_5024,12231.78
00bbac68_5025,12231.81
00bbac68_5026,12231.82
00bbac68_5027,12231.83
00bbac68_5028,12231.83
00bbac68_5029,12231.83
00bbac68_5030,12231.85
00bbac68_5031,12231.86
00bbac68_5032,12231.87
00bbac68_5033,12231.87
00bbac68_5034,12231.87
00bbac68_5035,12231.86
00bbac68_5036,12231.84
00bbac68_5037,12231.83
00bbac68_5038,12231.81
00bbac68_5039,12231.8
00bbac68_5040,12231.79
00bbac68_5041,12231.79
00bbac68_5042,12231.78
00bbac68_5043,12231.78
00bbac68_5044,12231.79
00bbac68_5045,12231.79
00bbac68_5046,12231.78
00bbac68_5047,12231.78
00bbac68_5048,12231.77
00bbac68_5049,12231.76
00bbac68_5050,12231.76
00bbac68_5051,12231.76
00bbac68_5052,12231.76
00bbac68_5053,12231.77
00bbac68_5054,12231.76
00bbac68_5055,12231.76
00bbac68_5056,12231.77
00bbac68_5057,12231.8
00bbac68_5058,12231.83
00bbac68_5059,12231.86
00bbac68_5060,12231.89
00bbac68_5061,12231.89
00bbac68_5062,12231.88
00bbac68_5063,12231.88
00bbac68_5064,12231.87
00bbac68_5065,12231.87
00bbac68_5066,12231.88
00bbac68_5067,12231.88
00bbac68_5068,12231.87
00bbac68_5069,12231.87
00bbac68_5070,12231.86
00bbac68_5071,12231.86
00bbac68_5072,12231.86
00bbac68_5073,12231.87
00bbac68_5074,12231.87
00bbac68_5075,12231.87
00bbac68_5076,12231.86
00bbac68_5077,12231.86
00bbac68_5078,12231.86
00bbac68_5079,12231.85
00bbac68_5080,12231.84
00bbac68_5081,12231.85
00bbac68_5082,12231.86
00bbac68_5083,12231.86
00bbac68_5084,12231.87
00bbac68_5085,12231.88
00bbac68_5086,12231.87
00bbac68_5087,12231.88
00bbac68_5088,12231.86
00bbac68_5089,12231.85
00bbac68_5090,12231.86
00bbac68_5091,12231.88
00bbac68_5092,12231.92
00bbac68_5093,12231.96
00bbac68_5094,12232.01
00bbac68_5095,12232.06
00bbac68_5096,12232.12
00bbac68_5097,12232.17
00bbac68_5098,12232.19
00bbac68_5099,12232.2
00bbac68_5100,12232.16
00bbac68_5101,12232.05
00bbac68_5102,12231.92
00bbac68_5103,12231.84
00bbac68_5104,12231.77
00bbac68_5105,12231.76
00bbac68_5106,12231.79
00bbac68_5107,12231.86
00bbac68_5108,12231.97
00bbac68_5109,12232.08
00bbac68_5110,12232.17
00bbac68_5111,12232.31
00bbac68_5112,12232.41
00bbac68_5113,12232.51
00bbac68_5114,12232.59
00bbac68_5115,12232.66
00bbac68_5116,12232.65
00bbac68_5117,12232.63
00bbac68_5118,12232.61
00bbac68_5119,12232.61
00bbac68_5120,12232.63
00bbac68_5121,12232.65
00bbac68_5122,12232.67
00bbac68_5123,12232.71
00bbac68_5124,12232.73
00bbac68_5125,12232.73
00bbac68_5126,12232.73
00bbac68_5127,12232.75
00bbac68_5128,12232.75
00bbac68_5129,12232.76
00bbac68_5130,12232.79
00bbac68_5131,12232.79
00bbac68_5132,12232.78
00bbac68_5133,12232.75
00bbac68_5134,12232.71
00bbac68_5135,12232.69
00bbac68_5136,12232.69
00bbac68_5137,12232.69
00bbac68_5138,12232.7
00bbac68_5139,12232.72
00bbac68_5140,12232.71
00bbac68_5141,12232.7
00bbac68_5142,12232.69
00bbac68_5143,12232.67
00bbac68_5144,12232.64
00bbac68_5145,12232.62
00bbac68_5146,12232.59
00bbac68_5147,12232.56
00bbac68_5148,12232.51
00bbac68_5149,12232.48
00bbac68_5150,12232.45
00bbac68_5151,12232.43
00bbac68_5152,12232.44
00bbac68_5153,12232.43
00bbac68_5154,12232.38
00bbac68_5155,12232.31
00bbac68_5156,12232.24
00bbac68_5157,12232.19
00bbac68_5158,12232.16
00bbac68_5159,12232.14
00bbac68_5160,12232.13
00bbac68_5161,12232.14
00bbac68_5162,12232.17
00bbac68_5163,12232.2
00bbac68_5164,12232.23
00bbac68_5165,12232.29
00bbac68_5166,12232.34
00bbac68_5167,12232.4
00bbac68_5168,12232.45
00bbac68_5169,12232.44
00bbac68_5170,12232.39
00bbac68_5171,12232.36
00bbac68_5172,12232.33
00bbac68_5173,12232.3
00bbac68_5174,12232.28
00bbac68_5175,12232.26
00bbac68_5176,12232.24
00bbac68_5177,12232.21
00bbac68_5178,12232.21
00bbac68_5179,12232.17
00bbac68_5180,12232.13
00bbac68_5181,12232.04
00bbac68_5182,12231.96
00bbac68_5183,12231.88
00bbac68_5184,12231.8
00bbac68_5185,12231.75
00bbac68_5186,12231.74
00bbac68_5187,12231.75
00bbac68_5188,12231.78
00bbac68_5189,12231.84
00bbac68_5190,12231.91
00bbac68_5191,12232.01
00bbac68_5192,12232.1
00bbac68_5193,12232.19
00bbac68_5194,12232.28
00bbac68_5195,12232.32
00bbac68_5196,12232.34
00bbac68_5197,12232.32
00bbac68_5198,12232.34
00bbac68_5199,12232.34
00bbac68_5200,12232.38
00bbac68_5201,12232.33
00bbac68_5202,12232.25
00bbac68_5203,12232.14
00bbac68_5204,12232.04
00bbac68_5205,12231.97
00bbac68_5206,12231.91
00bbac68_5207,12231.83
00bbac68_5208,12231.77
00bbac68_5209,12231.74
00bbac68_5210,12231.75
00bbac68_5211,12231.78
00bbac68_5212,12231.85
00bbac68_5213,12231.96
00bbac68_5214,12232.1
00bbac68_5215,12232.22
00bbac68_5216,12232.3
00bbac68_5217,12232.33
00bbac68_5218,12232.35
00bbac68_5219,12232.36
00bbac68_5220,12232.39
00bbac68_5221,12232.41
00bbac68_5222,12232.4
00bbac68_5223,12232.36
00bbac68_5224,12232.33
00bbac68_5225,12232.31
00bbac68_5226,12232.28
00bbac68_5227,12232.25
00bbac68_5228,12232.23
00bbac68_5229,12232.21
00bbac68_5230,12232.18
00bbac68_5231,12232.16
00bbac68_5232,12232.15
00bbac68_5233,12232.14
00bbac68_5234,12232.12
00bbac68_5235,12232.11
00bbac68_5236,12232.13
00bbac68_5237,12232.14
00bbac68_5238,12232.16
00bbac68_5239,12232.18
00bbac68_5240,12232.21
00bbac68_5241,12232.23
00bbac68_5242,12232.23
00bbac68_5243,12232.24
00bbac68_5244,12232.29
00bbac68_5245,12232.32
00bbac68_5246,12232.39
00bbac68_5247,12232.45
00bbac68_5248,12232.52
00bbac68_5249,12232.57
00bbac68_5250,12232.64
00bbac68_5251,12232.68
00bbac68_5252,12232.7
00bbac68_5253,12232.71
00bbac68_5254,12232.69
00bbac68_5255,12232.65
00bbac68_5256,12232.61
00bbac68_5257,12232.56
00bbac68_5258,12232.47
00bbac68_5259,12232.41
00bbac68_5260,12232.36
00bbac68_5261,12232.32
00bbac68_5262,12232.3
00bbac68_5263,12232.26
00bbac68_5264,12232.21
00bbac68_5265,12232.16
00bbac68_5266,12232.11
00bbac68_5267,12232.05
00bbac68_5268,12231.99
00bbac68_5269,12231.95
00bbac68_5270,12231.92
00bbac68_5271,12231.9
00bbac68_5272,12231.9
00bbac68_5273,12231.89
00bbac68_5274,12231.88
00bbac68_5275,12231.89
00bbac68_5276,12231.9
00bbac68_5277,12231.92
00bbac68_5278,12231.94
00bbac68_5279,12231.94
00bbac68_5280,12231.94
00bbac68_5281,12231.93
00bbac68_5282,12231.9
00bbac68_5283,12231.87
00bbac68_5284,12231.83
00bbac68_5285,12231.79
00bbac68_5286,12231.76
00bbac68_5287,12231.74
00bbac68_5288,12231.72
00bbac68_5289,12231.69
00bbac68_5290,12231.67
00bbac68_5291,12231.66
00bbac68_5292,12231.67
00bbac68_5293,12231.68
00bbac68_5294,12231.69
00bbac68_5295,12231.7
00bbac68_5296,12231.69
00bbac68_5297,12231.68
00bbac68_5298,12231.67
00bbac68_5299,12231.67
00bbac68_5300,12231.65
00bbac68_5301,12231.64
00bbac68_5302,12231.65
00bbac68_5303,12231.65
00bbac68_5304,12231.63
00bbac68_5305,12231.58
00bbac68_5306,12231.56
00bbac68_5307,12231.53
00bbac68_5308,12231.51
00bbac68_5309,12231.47
00bbac68_5310,12231.43
00bbac68_5311,12231.38
00bbac68_5312,12231.34
00bbac68_5313,12231.31
00bbac68_5314,12231.29
00bbac68_5315,12231.28
00bbac68_5316,12231.27
00bbac68_5317,12231.27
00bbac68_5318,12231.29
00bbac68_5319,12231.27
00bbac68_5320,12231.26
00bbac68_5321,12231.25
00bbac68_5322,12231.28
00bbac68_5323,12231.28
00bbac68_5324,12231.28
00bbac68_5325,12231.27
00bbac68_5326,12231.25
00bbac68_5327,12231.23
00bbac68_5328,12231.22
00bbac68_5329,12231.2
00bbac68_5330,12231.17
00bbac68_5331,12231.12
00bbac68_5332,12231.1
00bbac68_5333,12231.07
00bbac68_5334,12231.03
00bbac68_5335,12230.99
00bbac68_5336,12230.96
00bbac68_5337,12230.93
00bbac68_5338,12230.92
00bbac68_5339,12230.91
00bbac68_5340,12230.9
00bbac68_5341,12230.88
00bbac68_5342,12230.88
00bbac68_5343,12230.87
00bbac68_5344,12230.87
00bbac68_5345,12230.86
00bbac68_5346,12230.83
00bbac68_5347,12230.83
00bbac68_5348,12230.86
00bbac68_5349,12230.88
00bbac68_5350,12230.93
00bbac68_5351,12230.99
00bbac68_5352,12231.03
00bbac68_5353,12231.07
00bbac68_5354,12231.13
00bbac68_5355,12231.19
00bbac68_5356,12231.21
00bbac68_5357,12231.19
00bbac68_5358,12231.15
00bbac68_5359,12231.1
00bbac68_5360,12231.01
00bbac68_5361,12230.92
00bbac68_5362,12230.82
00bbac68_5363,12230.74
00bbac68_5364,12230.69
00bbac68_5365,12230.64
00bbac68_5366,12230.61
00bbac68_5367,12230.59
00bbac68_5368,12230.56
00bbac68_5369,12230.57
00bbac68_5370,12230.59
00bbac68_5371,12230.58
00bbac68_5372,12230.58
00bbac68_5373,12230.6
00bbac68_5374,12230.63
00bbac68_5375,12230.68
00bbac68_5376,12230.73
00bbac68_5377,12230.78
00bbac68_5378,12230.81
00bbac68_5379,12230.83
00bbac68_5380,12230.85
00bbac68_5381,12230.85
00bbac68_5382,12230.83
00bbac68_5383,12230.82
00bbac68_5384,12230.78
00bbac68_5385,12230.74
00bbac68_5386,12230.68
00bbac68_5387,12230.62
00bbac68_5388,12230.6
00bbac68_5389,12230.57
00bbac68_5390,12230.55
00bbac68_5391,12230.53
00bbac68_5392,12230.52
00bbac68_5393,12230.49
00bbac68_5394,12230.47
00bbac68_5395,12230.44
00bbac68_5396,12230.39
00bbac68_5397,12230.35
00bbac68_5398,12230.32
00bbac68_5399,12230.28
00bbac68_5400,12230.24
00bbac68_5401,12230.2
00bbac68_5402,12230.16
00bbac68_5403,12230.14
00bbac68_5404,12230.11
00bbac68_5405,12230.08
00bbac68_5406,12230.06
00bbac68_5407,12230.06
00bbac68_5408,12230.07
00bbac68_5409,12230.07
00bbac68_5410,12230.09
00bbac68_5411,12230.09
00bbac68_5412,12230.08
00bbac68_5413,12230.09
00bbac68_5414,12230.08
00bbac68_5415,12230.05
00bbac68_5416,12230.04
00bbac68_5417,12230.04
00bbac68_5418,12230.03
00bbac68_5419,12230.0
00bbac68_5420,12229.93
00bbac68_5421,12229.89
00bbac68_5422,12229.85
00bbac68_5423,12229.79
00bbac68_5424,12229.74
00bbac68_5425,12229.7
00bbac68_5426,12229.63
00bbac68_5427,12229.6
00bbac68_5428,12229.56
00bbac68_5429,12229.58
00bbac68_5430,12229.54
00bbac68_5431,12229.5
00bbac68_5432,12229.51
00bbac68_5433,12229.48
00bbac68_5434,12229.46
00bbac68_5435,12229.47
00bbac68_5436,12229.5
00bbac68_5437,12229.57
00bbac68_5438,12229.59
00bbac68_5439,12229.61
00bbac68_5440,12229.61
00bbac68_5441,12229.6
00bbac68_5442,12229.6
00bbac68_5443,12229.65
00bbac68_5444,12229.66
00bbac68_5445,12229.69
00bbac68_5446,12229.61
00bbac68_5447,12229.57
00bbac68_5448,12229.53
00bbac68_5449,12229.5
00bbac68_5450,12229.5
00bbac68_5451,12229.52
00bbac68_5452,12229.52
00bbac68_5453,12229.49
00bbac68_5454,12229.45
00bbac68_5455,12229.4
00bbac68_5456,12229.33
00bbac68_5457,12229.3
00bbac68_5458,12229.27
00bbac68_5459,12229.25
00bbac68_5460,12229.2
00bbac68_5461,12229.18
00bbac68_5462,12229.16
00bbac68_5463,12229.17
00bbac68_5464,12229.2
00bbac68_5465,12229.22
00bbac68_5466,12229.23
00bbac68_5467,12229.22
00bbac68_5468,12229.19
00bbac68_5469,12229.15
00bbac68_5470,12229.1
00bbac68_5471,12229.06
00bbac68_5472,12228.98
00bbac68_5473,12228.9
00bbac68_5474,12228.85
00bbac68_5475,12228.8
00bbac68_5476,12228.73
00bbac68_5477,12228.68
00bbac68_5478,12228.62
00bbac68_5479,12228.55
00bbac68_5480,12228.48
00bbac68_5481,12228.38
00bbac68_5482,12228.26
00bbac68_5483,12228.13
00bbac68_5484,12228.02
00bbac68_5485,12227.95
00bbac68_5486,12227.89
00bbac68_5487,12227.87
00bbac68_5488,12227.88
00bbac68_5489,12227.93
00bbac68_5490,12227.97
00bbac68_5491,12227.98
00bbac68_5492,12227.97
00bbac68_5493,12227.98
00bbac68_5494,12227.96
00bbac68_5495,12227.95
00bbac68_5496,12227.92
00bbac68_5497,12227.87
00bbac68_5498,12227.83
00bbac68_5499,12227.81
00bbac68_5500,12227.81
00bbac68_5501,12227.86
00bbac68_5502,12227.93
00bbac68_5503,12228.01
00bbac68_5504,12228.1
00bbac68_5505,12228.14
00bbac68_5506,12228.13
00bbac68_5507,12228.1
00bbac68_5508,12228.07
00bbac68_5509,12228.01
00bbac68_5510,12227.94
00bbac68_5511,12227.87
00bbac68_5512,12227.82
00bbac68_5513,12227.76
00bbac68_5514,12227.75
00bbac68_5515,12227.75
00bbac68_5516,12227.77
00bbac68_5517,12227.83
00bbac68_5518,12227.86
00bbac68_5519,12227.9
00bbac68_5520,12227.94
00bbac68_5521,12227.96
00bbac68_5522,12227.96
00bbac68_5523,12227.95
00bbac68_5524,12227.91
00bbac68_5525,12227.84
00bbac68_5526,12227.83
00bbac68_5527,12227.79
00bbac68_5528,12227.79
00bbac68_5529,12227.78
00bbac68_5530,12227.77
00bbac68_5531,12227.75
00bbac68_5532,12227.73
00bbac68_5533,12227.7
00bbac68_5534,12227.66
00bbac68_5535,12227.64
00bbac68_5536,12227.61
00bbac68_5537,12227.58
00bbac68_5538,12227.56
00bbac68_5539,12227.52
00bbac68_5540,12227.47
00bbac68_5541,12227.45
00bbac68_5542,12227.43
00bbac68_5543,12227.41
00bbac68_5544,12227.4
00bbac68_5545,12227.36
00bbac68_5546,12227.32
00bbac68_5547,12227.27
00bbac68_5548,12227.2
00bbac68_5549,12227.12
00bbac68_5550,12227.05
00bbac68_5551,12227.03
00bbac68_5552,12227.01
00bbac68_5553,12227.01
00bbac68_5554,12227.06
00bbac68_5555,12227.1
00bbac68_5556,12227.12
00bbac68_5557,12227.14
00bbac68_5558,12227.11
00bbac68_5559,12227.09
00bbac68_5560,12227.04
00bbac68_5561,12226.94
00bbac68_5562,12226.85
00bbac68_5563,12226.76
00bbac68_5564,12226.67
00bbac68_5565,12226.58
00bbac68_5566,12226.53
00bbac68_5567,12226.48
00bbac68_5568,12226.46
00bbac68_5569,12226.47
00bbac68_5570,12226.5
00bbac68_5571,12226.48
00bbac68_5572,12226.42
00bbac68_5573,12226.35
00bbac68_5574,12226.25
00bbac68_5575,12226.14
00bbac68_5576,12226.02
00bbac68_5577,12225.89
00bbac68_5578,12225.78
00bbac68_5579,12225.7
00bbac68_5580,12225.64
00bbac68_5581,12225.58
00bbac68_5582,12225.52
00bbac68_5583,12225.5
00bbac68_5584,12225.46
00bbac68_5585,12225.43
00bbac68_5586,12225.38
00bbac68_5587,12225.3
00bbac68_5588,12225.24
00bbac68_5589,12225.16
00bbac68_5590,12225.05
00bbac68_5591,12224.92
00bbac68_5592,12224.79
00bbac68_5593,12224.61
00bbac68_5594,12224.47
00bbac68_5595,12224.37
00bbac68_5596,12224.29
00bbac68_5597,12224.27
00bbac68_5598,12224.33
00bbac68_5599,12224.35
00bbac68_5600,12224.34
00bbac68_5601,12224.29
00bbac68_5602,12224.21
00bbac68_5603,12224.14
00bbac68_5604,12224.05
00bbac68_5605,12223.91
00bbac68_5606,12223.74
00bbac68_5607,12223.55
00bbac68_5608,12223.34
00bbac68_5609,12223.12
00bbac68_5610,12222.96
00bbac68_5611,12222.85
00bbac68_5612,12222.78
00bbac68_5613,12222.78
00bbac68_5614,12222.77
00bbac68_5615,12222.72
00bbac68_5616,12222.69
00bbac68_5617,12222.64
00bbac68_5618,12222.58
00bbac68_5619,12222.54
00bbac68_5620,12222.46
00bbac68_5621,12222.42
00bbac68_5622,12222.36
00bbac68_5623,12222.3
00bbac68_5624,12222.25
00bbac68_5625,12222.2
00bbac68_5626,12222.17
00bbac68_5627,12222.14
00bbac68_5628,12222.1
00bbac68_5629,12222.09
00bbac68_5630,12222.07
00bbac68_5631,12222.08
00bbac68_5632,12222.08
00bbac68_5633,12222.05
00bbac68_5634,12222.04
00bbac68_5635,12222.05
00bbac68_5636,12222.08
00bbac68_5637,12222.12
00bbac68_5638,12222.14
00bbac68_5639,12222.14
00bbac68_5640,12222.15
00bbac68_5641,12222.14
00bbac68_5642,12222.13
00bbac68_5643,12222.11
00bbac68_5644,12222.08
00bbac68_5645,12222.06
00bbac68_5646,12222.03
00bbac68_5647,12221.99
00bbac68_5648,12221.93
00bbac68_5649,12221.87
00bbac68_5650,12221.81
00bbac68_5651,12221.79
00bbac68_5652,12221.79
00bbac68_5653,12221.78
00bbac68_5654,12221.76
00bbac68_5655,12221.73
00bbac68_5656,12221.71
00bbac68_5657,12221.7
00bbac68_5658,12221.69
00bbac68_5659,12221.7
00bbac68_5660,12221.75
00bbac68_5661,12221.83
00bbac68_5662,12221.9
00bbac68_5663,12221.97
00bbac68_5664,12222.02
00bbac68_5665,12222.05
00bbac68_5666,12222.03
00bbac68_5667,12221.98
00bbac68_5668,12221.87
00bbac68_5669,12221.72
00bbac68_5670,12221.56
00bbac68_5671,12221.38
00bbac68_5672,12221.2
00bbac68_5673,12221.01
00bbac68_5674,12220.85
00bbac68_5675,12220.69
00bbac68_5676,12220.57
00bbac68_5677,12220.47
00bbac68_5678,12220.4
00bbac68_5679,12220.36
00bbac68_5680,12220.32
00bbac68_5681,12220.26
00bbac68_5682,12220.19
00bbac68_5683,12220.08
00bbac68_5684,12220.0
00bbac68_5685,12219.96
00bbac68_5686,12219.93
00bbac68_5687,12219.92
00bbac68_5688,12219.92
00bbac68_5689,12219.9
00bbac68_5690,12219.89
00bbac68_5691,12219.83
00bbac68_5692,12219.8
00bbac68_5693,12219.8
00bbac68_5694,12219.78
00bbac68_5695,12219.76
00bbac68_5696,12219.68
00bbac68_5697,12219.6
00bbac68_5698,12219.53
00bbac68_5699,12219.4
00bbac68_5700,12219.28
00bbac68_5701,12219.17
00bbac68_5702,12219.08
00bbac68_5703,12219.02
00bbac68_5704,12219.0
00bbac68_5705,12218.96
00bbac68_5706,12218.9
00bbac68_5707,12218.89
00bbac68_5708,12218.88
00bbac68_5709,12218.91
00bbac68_5710,12218.91
00bbac68_5711,12218.95
00bbac68_5712,12218.95
00bbac68_5713,12218.94
00bbac68_5714,12218.94
00bbac68_5715,12218.91
00bbac68_5716,12218.86
00bbac68_5717,12218.83
00bbac68_5718,12218.82
00bbac68_5719,12218.79
00bbac68_5720,12218.78
00bbac68_5721,12218.75
00bbac68_5722,12218.75
00bbac68_5723,12218.78
00bbac68_5724,12218.77
00bbac68_5725,12218.78
00bbac68_5726,12218.73
00bbac68_5727,12218.7
00bbac68_5728,12218.6
00bbac68_5729,12218.5
00bbac68_5730,12218.44
00bbac68_5731,12218.33
00bbac68_5732,12218.2
00bbac68_5733,12218.11
00bbac68_5734,12218.03
00bbac68_5735,12217.96
00bbac68_5736,12217.91
00bbac68_5737,12217.92
00bbac68_5738,12217.93
00bbac68_5739,12217.93
00bbac68_5740,12217.9
00bbac68_5741,12217.84
00bbac68_5742,12217.76
00bbac68_5743,12217.65
00bbac68_5744,12217.55
00bbac68_5745,12217.46
00bbac68_5746,12217.39
00bbac68_5747,12217.31
00bbac68_5748,12217.23
00bbac68_5749,12217.19
00bbac68_5750,12217.1
00bbac68_5751,12217.07
00bbac68_5752,12217.09
00bbac68_5753,12217.2
00bbac68_5754,12217.25
00bbac68_5755,12217.35
00bbac68_5756,12217.46
00bbac68_5757,12217.53
00bbac68_5758,12217.64
00bbac68_5759,12217.7
00bbac68_5760,12217.81
00bbac68_5761,12217.83
00bbac68_5762,12217.87
00bbac68_5763,12217.82
00bbac68_5764,12217.72
00bbac68_5765,12217.61
00bbac68_5766,12217.44
00bbac68_5767,12217.38
00bbac68_5768,12217.29
00bbac68_5769,12217.24
00bbac68_5770,12217.12
00bbac68_5771,12217.04
00bbac68_5772,12216.96
00bbac68_5773,12216.91
00bbac68_5774,12216.86
00bbac68_5775,12216.81
00bbac68_5776,12216.84
00bbac68_5777,12216.83
00bbac68_5778,12216.83
00bbac68_5779,12216.76
00bbac68_5780,12216.7
00bbac68_5781,12216.68
00bbac68_5782,12216.63
00bbac68_5783,12216.62
00bbac68_5784,12216.58
00bbac68_5785,12216.57
00bbac68_5786,12216.55
00bbac68_5787,12216.51
00bbac68_5788,12216.43
00bbac68_5789,12216.33
00bbac68_5790,12216.2
00bbac68_5791,12216.1
00bbac68_5792,12216.03
00bbac68_5793,12215.93
00bbac68_5794,12215.82
00bbac68_5795,12215.69
00bbac68_5796,12215.6
00bbac68_5797,12215.54
00bbac68_5798,12215.48
00bbac68_5799,12215.44
00bbac68_5800,12215.42
00bbac68_5801,12215.41
00bbac68_5802,12215.41
00bbac68_5803,12215.34
00bbac68_5804,12215.23
00bbac68_5805,12215.13
00bbac68_5806,12215.02
00bbac68_5807,12214.93
00bbac68_5808,12214.84
00bbac68_5809,12214.76
00bbac68_5810,12214.72
00bbac68_5811,12214.7
00bbac68_5812,12214.7
00bbac68_5813,12214.72
00bbac68_5814,12214.74
00bbac68_5815,12214.76
00bbac68_5816,12214.8
00bbac68_5817,12214.84
00bbac68_5818,12214.87
00bbac68_5819,12214.88
00bbac68_5820,12214.9
00bbac68_5821,12214.92
00bbac68_5822,12214.92
00bbac68_5823,12214.94
00bbac68_5824,12214.96
00bbac68_5825,12215.0
00bbac68_5826,12215.04
00bbac68_5827,12215.03
00bbac68_5828,12214.95
00bbac68_5829,12214.82
00bbac68_5830,12214.7
00bbac68_5831,12214.61
00bbac68_5832,12214.54
00bbac68_5833,12214.45
00bbac68_5834,12214.35
00bbac68_5835,12214.27
00bbac68_5836,12214.21
00bbac68_5837,12214.16
00bbac68_5838,12214.14
00bbac68_5839,12214.15
00bbac68_5840,12214.16
00bbac68_5841,12214.18
00bbac68_5842,12214.19
00bbac68_5843,12214.17
00bbac68_5844,12214.15
00bbac68_5845,12214.1
00bbac68_5846,12214.12
00bbac68_5847,12214.17
00bbac68_5848,12214.21
00bbac68_5849,12214.21
00bbac68_5850,12214.22
00bbac68_5851,12214.23
00bbac68_5852,12214.24
00bbac68_5853,12214.25
00bbac68_5854,12214.23
00bbac68_5855,12214.2
00bbac68_5856,12214.17
00bbac68_5857,12214.19
00bbac68_5858,12214.2
00bbac68_5859,12214.18
00bbac68_5860,12214.15
00bbac68_5861,12214.09
00bbac68_5862,12214.07
00bbac68_5863,12214.07
00bbac68_5864,12214.06
00bbac68_5865,12214.05
00bbac68_5866,12214.07
00bbac68_5867,12214.09
00bbac68_5868,12214.13
00bbac68_5869,12214.17
00bbac68_5870,12214.14
00bbac68_5871,12214.14
00bbac68_5872,12214.12
00bbac68_5873,12214.06
00bbac68_5874,12213.93
00bbac68_5875,12213.78
00bbac68_5876,12213.66
00bbac68_5877,12213.61
00bbac68_5878,12213.58
00bbac68_5879,12213.55
00bbac68_5880,12213.5
00bbac68_5881,12213.43
00bbac68_5882,12213.4
00bbac68_5883,12213.37
00bbac68_5884,12213.38
00bbac68_5885,12213.4
00bbac68_5886,12213.34
00bbac68_5887,12213.3
00bbac68_5888,12213.31
00bbac68_5889,12213.25
00bbac68_5890,12213.18
00bbac68_5891,12213.14
00bbac68_5892,12213.17
00bbac68_5893,12213.19
00bbac68_5894,12213.21
00bbac68_5895,12213.19
00bbac68_5896,12213.14
00bbac68_5897,12213.07
00bbac68_5898,12213.02
00bbac68_5899,12212.94
00bbac68_5900,12212.87
00bbac68_5901,12212.77
00bbac68_5902,12212.65
00bbac68_5903,12212.58
00bbac68_5904,12212.56
00bbac68_5905,12212.45
00bbac68_5906,12212.38
00bbac68_5907,12212.35
00bbac68_5908,12212.36
00bbac68_5909,12212.36
00bbac68_5910,12212.35
00bbac68_5911,12212.38
00bbac68_5912,12212.42
00bbac68_5913,12212.44
00bbac68_5914,12212.43
00bbac68_5915,12212.39
00bbac68_5916,12212.36
00bbac68_5917,12212.37
00bbac68_5918,12212.38
00bbac68_5919,12212.39
00bbac68_5920,12212.35
00bbac68_5921,12212.35
00bbac68_5922,12212.36
00bbac68_5923,12212.36
00bbac68_5924,12212.34
00bbac68_5925,12212.3
00bbac68_5926,12212.25
00bbac68_5927,12212.25
00bbac68_5928,12212.18
00bbac68_5929,12212.11
00bbac68_5930,12212.03
00bbac68_5931,12211.94
00bbac68_5932,12211.89
00bbac68_5933,12211.86
00bbac68_5934,12211.82
00bbac68_5935,12211.78
00bbac68_5936,12211.75
00bbac68_5937,12211.77
00bbac68_5938,12211.75
00bbac68_5939,12211.74
00bbac68_5940,12211.73
00bbac68_5941,12211.73
00bbac68_5942,12211.72
00bbac68_5943,12211.71
00bbac68_5944,12211.71
00bbac68_5945,12211.69
00bbac68_5946,12211.71
00bbac68_5947,12211.72
00bbac68_5948,12211.72
00bbac68_5949,12211.7
00bbac68_5950,12211.7
00bbac68_5951,12211.7
00bbac68_5952,12211.69
00bbac68_5953,12211.67
00bbac68_5954,12211.65
00bbac68_5955,12211.63
00bbac68_5956,12211.64
00bbac68_5957,12211.66
00bbac68_5958,12211.64
00bbac68_5959,12211.62
00bbac68_5960,12211.64
00bbac68_5961,12211.54
00bbac68_5962,12211.49
00bbac68_5963,12211.46
00bbac68_5964,12211.33
00bbac68_5965,12211.21
00bbac68_5966,12211.11
00bbac68_5967,12211.03
00bbac68_5968,12210.95
00bbac68_5969,12210.88
00bbac68_5970,12210.84
00bbac68_5971,12210.83
00bbac68_5972,12210.84
00bbac68_5973,12210.89
00bbac68_5974,12210.93
00bbac68_5975,12210.98
00bbac68_5976,12211.05
00bbac68_5977,12211.03
00bbac68_5978,12211.04
00bbac68_5979,12211.05
00bbac68_5980,12210.99
00bbac68_5981,12210.96
00bbac68_5982,12210.93
00bbac68_5983,12210.92
00bbac68_5984,12210.87
00bbac68_5985,12210.81
00bbac68_5986,12210.75
00bbac68_5987,12210.68
00bbac68_5988,12210.62
00bbac68_5989,12210.58
00bbac68_5990,12210.53
00bbac68_5991,12210.49
00bbac68_5992,12210.45
00bbac68_5993,12210.41
00bbac68_5994,12210.4
00bbac68_5995,12210.42
00bbac68_5996,12210.45
00bbac68_5997,12210.5
00bbac68_5998,12210.56
00bbac68_5999,12210.62
00bbac68_6000,12210.65
00bbac68_6001,12210.65
00bbac68_6002,12210.68
00bbac68_6003,12210.72
00bbac68_6004,12210.74
00bbac68_6005,12210.74
00bbac68_6006,12210.73
00bbac68_6007,12210.72
00bbac68_6008,12210.69
00bbac68_6009,12210.71
00bbac68_6010,12210.73
00bbac68_6011,12210.75
00bbac68_6012,12210.75
00bbac68_6013,12210.74
00bbac68_6014,12210.71
00bbac68_6015,12210.69
00bbac68_6016,12210.65
00bbac68_6017,12210.61
00bbac68_6018,12210.6
00bbac68_6019,12210.56
00bbac68_6020,12210.53
00bbac68_6021,12210.49
00bbac68_6022,12210.46
00bbac68_6023,12210.41
00bbac68_6024,12210.37
00bbac68_6025,12210.32
00bbac68_6026,12210.28
00bbac68_6027,12210.23
00bbac68_6028,12210.18
00bbac68_6029,12210.13
00bbac68_6030,12210.1
00bbac68_6031,12210.08
00bbac68_6032,12210.05
00bbac68_6033,12210.04
00bbac68_6034,12210.04
00bbac68_6035,12210.03
00bbac68_6036,12210.04
00bbac68_6037,12210.03
00bbac68_6038,12210.0
00bbac68_6039,12209.96
00bbac68_6040,12209.92
00bbac68_6041,12209.88
00bbac68_6042,12209.84
00bbac68_6043,12209.77
00bbac68_6044,12209.78
00bbac68_6045,12209.76
00bbac68_6046,12209.78
00bbac68_6047,12209.76
00bbac68_6048,12209.72
00bbac68_6049,12209.7
00bbac68_6050,12209.65
00bbac68_6051,12209.57
00bbac68_6052,12209.48
00bbac68_6053,12209.39
00bbac68_6054,12209.28
00bbac68_6055,12209.18
00bbac68_6056,12209.09
00bbac68_6057,12209.02
00bbac68_6058,12208.92
00bbac68_6059,12208.86
00bbac68_6060,12208.85
00bbac68_6061,12208.82
00bbac68_6062,12208.82
00bbac68_6063,12208.77
00bbac68_6064,12208.77
00bbac68_6065,12208.76
00bbac68_6066,12208.73
00bbac68_6067,12208.69
00bbac68_6068,12208.65
00bbac68_6069,12208.61
00bbac68_6070,12208.57
00bbac68_6071,12208.5
00bbac68_6072,12208.45
00bbac68_6073,12208.38
00bbac68_6074,12208.32
00bbac68_6075,12208.28
00bbac68_6076,12208.25
00bbac68_6077,12208.22
00bbac68_6078,12208.21
00bbac68_6079,12208.24
00bbac68_6080,12208.25
00bbac68_6081,12208.25
00bbac68_6082,12208.26
00bbac68_6083,12208.29
00bbac68_6084,12208.31
00bbac68_6085,12208.33
00bbac68_6086,12208.36
00bbac68_6087,12208.37
00bbac68_6088,12208.38
00bbac68_6089,12208.4
00bbac68_6090,12208.39
00bbac68_6091,12208.33
00bbac68_6092,12208.18
00bbac68_6093,12208.0
00bbac68_6094,12207.82
00bbac68_6095,12207.61
00bbac68_6096,12207.38
00bbac68_6097,12207.19
00bbac68_6098,12207.0
00bbac68_6099,12206.81
00bbac68_6100,12206.65
00bbac68_6101,12206.53
00bbac68_6102,12206.46
00bbac68_6103,12206.41
00bbac68_6104,12206.4
00bbac68_6105,12206.41
00bbac68_6106,12206.41
00bbac68_6107,12206.38
00bbac68_6108,12206.33
00bbac68_6109,12206.3
00bbac68_6110,12206.3
00bbac68_6111,12206.28
00bbac68_6112,12206.31
00bbac68_6113,12206.32
00bbac68_6114,12206.31
00bbac68_6115,12206.31
00bbac68_6116,12206.34
00bbac68_6117,12206.34
00bbac68_6118,12206.35
00bbac68_6119,12206.38
00bbac68_6120,12206.4
00bbac68_6121,12206.4
00bbac68_6122,12206.38
00bbac68_6123,12206.34
00bbac68_6124,12206.3
00bbac68_6125,12206.27
00bbac68_6126,12206.26
00bbac68_6127,12206.23
00bbac68_6128,12206.22
00bbac68_6129,12206.21
00bbac68_6130,12206.2
00bbac68_6131,12206.21
00bbac68_6132,12206.21
00bbac68_6133,12206.2
00bbac68_6134,12206.24
00bbac68_6135,12206.25
00bbac68_6136,12206.24
00bbac68_6137,12206.23
00bbac68_6138,12206.25
00bbac68_6139,12206.24
00bbac68_6140,12206.22
00bbac68_6141,12206.17
00bbac68_6142,12206.12
00bbac68_6143,12206.02
00bbac68_6144,12205.9
00bbac68_6145,12205.8
00bbac68_6146,12205.67
00bbac68_6147,12205.52
00bbac68_6148,12205.38
00bbac68_6149,12205.31
00bbac68_6150,12205.29
00bbac68_6151,12205.21
00bbac68_6152,12205.04
00bbac68_6153,12204.84
00bbac68_6154,12204.6
00bbac68_6155,12204.26
00bbac68_6156,12203.89
00bbac68_6157,12203.47
00bbac68_6158,12203.08
00bbac68_6159,12202.72
00bbac68_6160,12202.42
00bbac68_6161,12202.17
00bbac68_6162,12201.93
00bbac68_6163,12201.78
00bbac68_6164,12201.75
00bbac68_6165,12201.83
00bbac68_6166,12201.92
00bbac68_6167,12201.97
00bbac68_6168,12202.01
00bbac68_6169,12202.06
00bbac68_6170,12202.06
00bbac68_6171,12202.03
00bbac68_6172,12201.98
00bbac68_6173,12201.91
00bbac68_6174,12201.97
00bbac68_6175,12201.98
00bbac68_6176,12201.87
00bbac68_6177,12201.71
00bbac68_6178,12201.49
00bbac68_6179,12201.27
00bbac68_6180,12201.05
00bbac68_6181,12200.86
00bbac68_6182,12200.67
00bbac68_6183,12200.55
00bbac68_6184,12200.51
00bbac68_6185,12200.43
00bbac68_6186,12200.35
00bbac68_6187,12200.3
00bbac68_6188,12200.27
00bbac68_6189,12200.34
00bbac68_6190,12200.45
00bbac68_6191,12200.41
00bbac68_6192,12200.34
00bbac68_6193,12200.26
00bbac68_6194,12200.16
00bbac68_6195,12200.08
00bbac68_6196,12200.03
00bbac68_6197,12200.03
00bbac68_6198,12200.04
00bbac68_6199,12200.07
00bbac68_6200,12200.13
00bbac68_6201,12200.13
00bbac68_6202,12200.07
00bbac68_6203,12200.03
00bbac68_6204,12199.97
00bbac68_6205,12199.95
00bbac68_6206,12199.86
00bbac68_6207,12199.77
00bbac68_6208,12199.65
00bbac68_6209,12199.56
00bbac68_6210,12199.49
00bbac68_6211,12199.49
00bbac68_6212,12199.49
00bbac68_6213,12199.54
00bbac68_6214,12199.57
00bbac68_6215,12199.57
00bbac68_6216,12199.58
00bbac68_6217,12199.55
00bbac68_6218,12199.5
00bbac68_6219,12199.46
00bbac68_6220,12199.41
00bbac68_6221,12199.37
00bbac68_6222,12199.31
00bbac68_6223,12199.23
00bbac68_6224,12199.16
00bbac68_6225,12199.11
00bbac68_6226,12199.1
00bbac68_6227,12199.09
00bbac68_6228,12199.06
00bbac68_6229,12199.04
00bbac68_6230,12198.99
00bbac68_6231,12198.98
00bbac68_6232,12198.99
00bbac68_6233,12199.01
00bbac68_6234,12199.02
00bbac68_6235,12199.09
00bbac68_6236,12199.01
00bbac68_6237,12198.95
00bbac68_6238,12198.93
00bbac68_6239,12198.93
00bbac68_6240,12198.95
00bbac68_6241,12198.98
00bbac68_6242,12199.03
00bbac68_6243,12199.09
00bbac68_6244,12199.12
00bbac68_6245,12199.14
00bbac68_6246,12199.2
00bbac68_6247,12199.33
00bbac68_6248,12199.45
00bbac68_6249,12199.53
00bbac68_6250,12199.6
00bbac68_6251,12199.66
00bbac68_6252,12199.54
00bbac68_6253,12199.56
00bbac68_6254,12199.57
00bbac68_6255,12199.6
00bbac68_6256,12199.62
00bbac68_6257,12199.62
00bbac68_6258,12199.59
00bbac68_6259,12199.54
00bbac68_6260,12199.47
00bbac68_6261,12199.41
00bbac68_6262,12199.39
00bbac68_6263,12199.41
00bbac68_6264,12199.4
00bbac68_6265,12199.39
00bbac68_6266,12199.4
00bbac68_6267,12199.38
00bbac68_6268,12199.39
00bbac68_6269,12199.46
00bbac68_6270,12199.55
00bbac68_6271,12199.62
00bbac68_6272,12199.65
00bbac68_6273,12199.67
00bbac68_6274,12199.67
00bbac68_6275,12199.66
00bbac68_6276,12199.7
00bbac68_6277,12199.67
00bbac68_6278,12199.65
00bbac68_6279,12199.63
00bbac68_6280,12199.59
00bbac68_6281,12199.54
00bbac68_6282,12199.5
00bbac68_6283,12199.46
00bbac68_6284,12199.44
00bbac68_6285,12199.44
00bbac68_6286,12199.4
00bbac68_6287,12199.33
00bbac68_6288,12199.28
00bbac68_6289,12199.22
00bbac68_6290,12199.14
00bbac68_6291,12199.09
00bbac68_6292,12199.06
00bbac68_6293,12199.0
00bbac68_6294,12198.98
00bbac68_6295,12198.99
00bbac68_6296,12198.98
00bbac68_6297,12198.99
00bbac68_6298,12198.99
00bbac68_6299,12198.99
00bbac68_6300,12199.02
00bbac68_6301,12199.05
00bbac68_6302,12199.05
00bbac68_6303,12199.05
00bbac68_6304,12199.0
00bbac68_6305,12198.93
00bbac68_6306,12198.84
00bbac68_6307,12198.78
00bbac68_6308,12198.77
00bbac68_6309,12198.74
00bbac68_6310,12198.73
00bbac68_6311,12198.7
00bbac68_6312,12198.68
00bbac68_6313,12198.66
00bbac68_6314,12198.63
00bbac68_6315,12198.64
00bbac68_6316,12198.66
00bbac68_6317,12198.64
00bbac68_6318,12198.61
00bbac68_6319,12198.6
00bbac68_6320,12198.59
00bbac68_6321,12198.61
00bbac68_6322,12198.62
00bbac68_6323,12198.64
00bbac68_6324,12198.68
00bbac68_6325,12198.7
00bbac68_6326,12198.74
00bbac68_6327,12198.78
00bbac68_6328,12198.81
00bbac68_6329,12198.82
00bbac68_6330,12198.79
00bbac68_6331,12198.74
00bbac68_6332,12198.69
00bbac68_6333,12198.63
00bbac68_6334,12198.56
00bbac68_6335,12198.49
00bbac68_6336,12198.47
00bbac68_6337,12198.48
00bbac68_6338,12198.51
00bbac68_6339,12198.55
00bbac68_6340,12198.63
00bbac68_6341,12198.71
00bbac68_6342,12198.81
00bbac68_6343,12198.88
00bbac68_6344,12198.94
00bbac68_6345,12198.97
00bbac68_6346,12198.97
00bbac68_6347,12198.98
00bbac68_6348,12198.98
00bbac68_6349,12198.92
00bbac68_6350,12198.83
00bbac68_6351,12198.77
00bbac68_6352,12198.79
00bbac68_6353,12198.84
00bbac68_6354,12198.93
00bbac68_6355,12199.02
00bbac68_6356,12199.08
00bbac68_6357,12199.12
00bbac68_6358,12199.09
00bbac68_6359,12199.08
00bbac68_6360,12199.12
00bbac68_6361,12199.18
00bbac68_6362,12199.26
00bbac68_6363,12199.35
00bbac68_6364,12199.44
00bbac68_6365,12199.53
00bbac68_6366,12199.63
00bbac68_6367,12199.76
00bbac68_6368,12199.87
00bbac68_6369,12199.99
00bbac68_6370,12200.13
00bbac68_6371,12200.19
00bbac68_6372,12200.22
00bbac68_6373,12200.23
00bbac68_6374,12200.23
00bbac68_6375,12200.27
00bbac68_6376,12200.3
00bbac68_6377,12200.31
00bbac68_6378,12200.34
00bbac68_6379,12200.36
00bbac68_6380,12200.41
00bbac68_6381,12200.43
00bbac68_6382,12200.41
00bbac68_6383,12200.39
00bbac68_6384,12200.31
00bbac68_6385,12200.27
00bbac68_6386,12200.25
00bbac68_6387,12200.25
00bbac68_6388,12200.26
00bbac68_6389,12200.3
00bbac68_6390,12200.32
00bbac68_6391,12200.29
00bbac68_6392,12200.24
00bbac68_6393,12200.21
00bbac68_6394,12200.22
00bbac68_6395,12200.21
00bbac68_6396,12200.12
00bbac68_6397,12200.07
00bbac68_6398,12200.18
00bbac68_6399,12200.24
00bbac68_6400,12200.28
00bbac68_6401,12200.37
00bbac68_6402,12200.5
00bbac68_6403,12200.63
00bbac68_6404,12200.67
00bbac68_6405,12200.71
00bbac68_6406,12200.69
00bbac68_6407,12200.65
00bbac68_6408,12200.61
00bbac68_6409,12200.56
00bbac68_6410,12200.48
00bbac68_6411,12200.36
00bbac68_6412,12200.2
00bbac68_6413,12200.21
00bbac68_6414,12200.28
00bbac68_6415,12200.24
00bbac68_6416,12200.22
00bbac68_6417,12200.23
00bbac68_6418,12200.26
00bbac68_6419,12200.25
00bbac68_6420,12200.23
00bbac68_6421,12200.2
00bbac68_6422,12200.18
00bbac68_6423,12200.17
00bbac68_6424,12200.19
00bbac68_6425,12200.19
00bbac68_6426,12200.17
00bbac68_6427,12200.11
00bbac68_6428,12200.07
00bbac68_6429,12200.08
00bbac68_6430,12200.17
00bbac68_6431,12200.22
00bbac68_6432,12200.29
00bbac68_6433,12200.37
00bbac68_6434,12200.46
00bbac68_6435,12200.53
00bbac68_6436,12200.6
00bbac68_6437,12200.64
00bbac68_6438,12200.69
00bbac68_6439,12200.71
00bbac68_6440,12200.71
00bbac68_6441,12200.67
00bbac68_6442,12200.6
00bbac68_6443,12200.51
00bbac68_6444,12200.44
00bbac68_6445,12200.41
00bbac68_6446,12200.4
00bbac68_6447,12200.34
00bbac68_6448,12200.3
00bbac68_6449,12200.28
00bbac68_6450,12200.25
00bbac68_6451,12200.21
00bbac68_6452,12200.19
00bbac68_6453,12200.19
00bbac68_6454,12200.22
00bbac68_6455,12200.26
00bbac68_6456,12200.3
00bbac68_6457,12200.34
00bbac68_6458,12200.37
00bbac68_6459,12200.41
00bbac68_6460,12200.44
00bbac68_6461,12200.46
00bbac68_6462,12200.47
00bbac68_6463,12200.46
00bbac68_6464,12200.46
00bbac68_6465,12200.45
00bbac68_6466,12200.42
00bbac68_6467,12200.36
00bbac68_6468,12200.34
00bbac68_6469,12200.35
00bbac68_6470,12200.34
00bbac68_6471,12200.35
00bbac68_6472,12200.35
00bbac68_6473,12200.34
00bbac68_6474,12200.33
00bbac68_6475,12200.33
00bbac68_6476,12200.28
00bbac68_6477,12200.27
00bbac68_6478,12200.25
00bbac68_6479,12200.23
00bbac68_6480,12200.19
00bbac68_6481,12200.17
00bbac68_6482,12200.14
00bbac68_6483,12200.12
00bbac68_6484,12200.04
00bbac68_6485,12200.03
00bbac68_6486,12200.04
00bbac68_6487,12200.12
00bbac68_6488,12200.21
00bbac68_6489,12200.39
00bbac68_6490,12200.57
00bbac68_6491,12200.73
00bbac68_6492,12200.88
00bbac68_6493,12201.09
00bbac68_6494,12201.25
00bbac68_6495,12201.37
00bbac68_6496,12201.46
00bbac68_6497,12201.52
00bbac68_6498,12201.55
00bbac68_6499,12201.52
00bbac68_6500,12201.43
00bbac68_6501,12201.44
00bbac68_6502,12201.42
00bbac68_6503,12201.43
00bbac68_6504,12201.43
00bbac68_6505,12201.46
00bbac68_6506,12201.42
00bbac68_6507,12201.41
00bbac68_6508,12201.41
00bbac68_6509,12201.42
00bbac68_6510,12201.32
00bbac68_6511,12201.27
00bbac68_6512,12201.29
00bbac68_6513,12201.35
00bbac68_6514,12201.42
00bbac68_6515,12201.54
00bbac68_6516,12201.69
00bbac68_6517,12201.86
00bbac68_6518,12202.07
00bbac68_6519,12202.35
00bbac68_6520,12202.6
00bbac68_6521,12202.83
00bbac68_6522,12203.02
00bbac68_6523,12203.2
00bbac68_6524,12203.31
00bbac68_6525,12203.33
00bbac68_6526,12203.3
00bbac68_6527,12203.34
00bbac68_6528,12203.36
00bbac68_6529,12203.34
00bbac68_6530,12203.29
00bbac68_6531,12203.28
00bbac68_6532,12203.24
00bbac68_6533,12203.21
00bbac68_6534,12203.25
00bbac68_6535,12203.31
00bbac68_6536,12203.32
00bbac68_6537,12203.31
00bbac68_6538,12203.29
00bbac68_6539,12203.25
00bbac68_6540,12203.2
00bbac68_6541,12203.18
00bbac68_6542,12203.18
00bbac68_6543,12203.18
00bbac68_6544,12203.18
00bbac68_6545,12203.16
00bbac68_6546,12203.14
00bbac68_6547,12203.13
00bbac68_6548,12203.15
00bbac68_6549,12203.17
00bbac68_6550,12203.2
00bbac68_6551,12203.18
00bbac68_6552,12203.16
00bbac68_6553,12203.11
00bbac68_6554,12203.0
00bbac68_6555,12202.92
00bbac68_6556,12202.87
00bbac68_6557,12202.87
00bbac68_6558,12202.95
00bbac68_6559,12202.97
00bbac68_6560,12202.96
00bbac68_6561,12202.88
00bbac68_6562,12202.82
00bbac68_6563,12202.73
00bbac68_6564,12202.61
00bbac68_6565,12202.45
00bbac68_6566,12202.25
00bbac68_6567,12202.01
00bbac68_6568,12201.79
00bbac68_6569,12201.57
00bbac68_6570,12201.35
00bbac68_6571,12201.22
00bbac68_6572,12201.13
00bbac68_6573,12201.13
00bbac68_6574,12201.24
00bbac68_6575,12201.26
00bbac68_6576,12201.28
00bbac68_6577,12201.33
00bbac68_6578,12201.41
00bbac68_6579,12201.47
00bbac68_6580,12201.49
00bbac68_6581,12201.5
00bbac68_6582,12201.48
00bbac68_6583,12201.44
00bbac68_6584,12201.4
00bbac68_6585,12201.36
00bbac68_6586,12201.32
00bbac68_6587,12201.27
00bbac68_6588,12201.24
00bbac68_6589,12201.24
00bbac68_6590,12201.26
00bbac68_6591,12201.15
00bbac68_6592,12201.14
00bbac68_6593,12201.22
00bbac68_6594,12201.35
00bbac68_6595,12201.55
00bbac68_6596,12201.75
00bbac68_6597,12202.0
00bbac68_6598,12202.22
00bbac68_6599,12202.47
00bbac68_6600,12202.72
00bbac68_6601,12202.95
00bbac68_6602,12203.15
00bbac68_6603,12203.28
00bbac68_6604,12203.38
00bbac68_6605,12203.42
00bbac68_6606,12203.43
00bbac68_6607,12203.22
00bbac68_6608,12203.24
00bbac68_6609,12203.31
00bbac68_6610,12203.45
00bbac68_6611,12203.66
00bbac68_6612,12203.86
00bbac68_6613,12204.11
00bbac68_6614,12204.32
00bbac68_6615,12204.56
00bbac68_6616,12204.81
00bbac68_6617,12205.03
00bbac68_6618,12205.22
00bbac68_6619,12205.4
00bbac68_6620,12205.49
00bbac68_6621,12205.54
00bbac68_6622,12205.55
00bbac68_6623,12205.44
00bbac68_6624,12205.49
00bbac68_6625,12205.48
00bbac68_6626,12205.5
00bbac68_6627,12205.48
00bbac68_6628,12205.46
00bbac68_6629,12205.44
00bbac68_6630,12205.37
00bbac68_6631,12205.35
00bbac68_6632,12205.37
00bbac68_6633,12205.34
00bbac68_6634,12205.36
00bbac68_6635,12205.45
00bbac68_6636,12205.53
00bbac68_6637,12205.67
00bbac68_6638,12205.8
00bbac68_6639,12205.92
00bbac68_6640,12206.11
00bbac68_6641,12206.23
00bbac68_6642,12206.35
00bbac68_6643,12206.46
00bbac68_6644,12206.55
00bbac68_6645,12206.61
00bbac68_6646,12206.63
00bbac68_6647,12206.66
00bbac68_6648,12206.66
00bbac68_6649,12206.63
00bbac68_6650,12206.65
00bbac68_6651,12206.67
00bbac68_6652,12206.67
00bbac68_6653,12206.66
00bbac68_6654,12206.62
00bbac68_6655,12206.6
00bbac68_6656,12206.61
00bbac68_6657,12206.57
00bbac68_6658,12206.54
00bbac68_6659,12206.49
00bbac68_6660,12206.47
00bbac68_6661,12206.48
00bbac68_6662,12206.47
00bbac68_6663,12206.51
00bbac68_6664,12206.55
00bbac68_6665,12206.61
00bbac68_6666,12206.64
00bbac68_6667,12206.64
00bbac68_6668,12206.68
00bbac68_6669,12206.7
00bbac68_6670,12206.74
00bbac68_6671,12206.78
00bbac68_6672,12206.85
00bbac68_6673,12206.9
00bbac68_6674,12206.88
00bbac68_6675,12206.79
00bbac68_6676,12206.75
00bbac68_6677,12206.66
00bbac68_6678,12206.54
00bbac68_6679,12206.43
00bbac68_6680,12206.28
00bbac68_6681,12206.15
00bbac68_6682,12205.98
00bbac68_6683,12205.82
00bbac68_6684,12205.74
00bbac68_6685,12205.65
00bbac68_6686,12205.53
00bbac68_6687,12205.49
00bbac68_6688,12205.54
00bbac68_6689,12205.61
00bbac68_6690,12205.69
00bbac68_6691,12205.78
00bbac68_6692,12205.95
00bbac68_6693,12206.1
00bbac68_6694,12206.27
00bbac68_6695,12206.44
00bbac68_6696,12206.59
00bbac68_6697,12206.71
00bbac68_6698,12206.83
00bbac68_6699,12206.93
00bbac68_6700,12206.98
00bbac68_6701,12206.98
00bbac68_6702,12206.94
00bbac68_6703,12206.95
00bbac68_6704,12206.96
00bbac68_6705,12206.98
00bbac68_6706,12207.01
00bbac68_6707,12207.02
00bbac68_6708,12207.04
00bbac68_6709,12207.02
00bbac68_6710,12207.0
00bbac68_6711,12206.98
00bbac68_6712,12206.97
00bbac68_6713,12206.97
00bbac68_6714,12207.0
00bbac68_6715,12207.0
00bbac68_6716,12207.0
00bbac68_6717,12207.01
00bbac68_6718,12206.98
00bbac68_6719,12206.95
00bbac68_6720,12206.95
00bbac68_6721,12206.98
00bbac68_6722,12207.05
00bbac68_6723,12207.11
00bbac68_6724,12207.18
00bbac68_6725,12207.22
00bbac68_6726,12207.29
00bbac68_6727,12207.38
00bbac68_6728,12207.48
00bbac68_6729,12207.56
00bbac68_6730,12207.63
00bbac68_6731,12207.6
00bbac68_6732,12207.63
00bbac68_6733,12207.67
00bbac68_6734,12207.71
00bbac68_6735,12207.8
00bbac68_6736,12207.89
00bbac68_6737,12208.03
00bbac68_6738,12208.19
00bbac68_6739,12208.39
00bbac68_6740,12208.56
00bbac68_6741,12208.71
00bbac68_6742,12208.87
00bbac68_6743,12208.97
00bbac68_6744,12209.03
00bbac68_6745,12209.08
00bbac68_6746,12209.1
00bbac68_6747,12209.03
00bbac68_6748,12209.02
00bbac68_6749,12208.99
00bbac68_6750,12208.96
00bbac68_6751,12208.91
00bbac68_6752,12208.89
00bbac68_6753,12208.83
00bbac68_6754,12208.8
00bbac68_6755,12208.82
00bbac68_6756,12208.83
00bbac68_6757,12208.87
00bbac68_6758,12208.92
00bbac68_6759,12208.96
00bbac68_6760,12209.02
00bbac68_6761,12209.14
00bbac68_6762,12209.24
00bbac68_6763,12209.25
00bbac68_6764,12209.27
00bbac68_6765,12209.28
00bbac68_6766,12209.3
00bbac68_6767,12209.32
00bbac68_6768,12209.34
00bbac68_6769,12209.31
00bbac68_6770,12209.34
00bbac68_6771,12209.39
00bbac68_6772,12209.41
00bbac68_6773,12209.45
00bbac68_6774,12209.5
00bbac68_6775,12209.58
00bbac68_6776,12209.67
00bbac68_6777,12209.79
00bbac68_6778,12209.89
00bbac68_6779,12209.97
00bbac68_6780,12210.06
00bbac68_6781,12210.11
00bbac68_6782,12210.18
00bbac68_6783,12210.24
00bbac68_6784,12210.29
00bbac68_6785,12210.31
00bbac68_6786,12210.31
00bbac68_6787,12210.28
00bbac68_6788,12210.22
00bbac68_6789,12210.21
00bbac68_6790,12210.18
00bbac68_6791,12210.18
00bbac68_6792,12210.18
00bbac68_6793,12210.18
00bbac68_6794,12210.2
00bbac68_6795,12210.21
00bbac68_6796,12210.21
00bbac68_6797,12210.21
00bbac68_6798,12210.22
00bbac68_6799,12210.22
00bbac68_6800,12210.22
00bbac68_6801,12210.21
00bbac68_6802,12210.21
00bbac68_6803,12210.19
00bbac68_6804,12210.18
00bbac68_6805,12210.18
00bbac68_6806,12210.18
00bbac68_6807,12210.19
00bbac68_6808,12210.19
00bbac68_6809,12210.2
00bbac68_6810,12210.23
00bbac68_6811,12210.25
00bbac68_6812,12210.27
00bbac68_6813,12210.3
00bbac68_6814,12210.32
00bbac68_6815,12210.33
00bbac68_6816,12210.34
00bbac68_6817,12210.36
00bbac68_6818,12210.35
00bbac68_6819,12210.35
00bbac68_6820,12210.33
00bbac68_6821,12210.35
00bbac68_6822,12210.36
00bbac68_6823,12210.37
00bbac68_6824,12210.38
00bbac68_6825,12210.4
00bbac68_6826,12210.41
00bbac68_6827,12210.4
00bbac68_6828,12210.4
00bbac68_6829,12210.4
00bbac68_6830,12210.37
00bbac68_6831,12210.33
00bbac68_6832,12210.32
00bbac68_6833,12210.29
00bbac68_6834,12210.28
00bbac68_6835,12210.28
00bbac68_6836,12210.32
00bbac68_6837,12210.37
00bbac68_6838,12210.41
00bbac68_6839,12210.44
00bbac68_6840,12210.47
00bbac68_6841,12210.49
00bbac68_6842,12210.49
00bbac68_6843,12210.48
00bbac68_6844,12210.47
00bbac68_6845,12210.45
00bbac68_6846,12210.44
00bbac68_6847,12210.46
00bbac68_6848,12210.5
00bbac68_6849,12210.46
00bbac68_6850,12210.47
00bbac68_6851,12210.5
00bbac68_6852,12210.55
00bbac68_6853,12210.58
00bbac68_6854,12210.63
00bbac68_6855,12210.67
00bbac68_6856,12210.7
00bbac68_6857,12210.73
00bbac68_6858,12210.76
00bbac68_6859,12210.78
00bbac68_6860,12210.8
00bbac68_6861,12210.84
00bbac68_6862,12210.85
00bbac68_6863,12210.86
00bbac68_6864,12210.87
00bbac68_6865,12210.82
00bbac68_6866,12210.84
00bbac68_6867,12210.9
00bbac68_6868,12210.98
00bbac68_6869,12211.07
00bbac68_6870,12211.18
00bbac68_6871,12211.26
00bbac68_6872,12211.35
00bbac68_6873,12211.44
00bbac68_6874,12211.51
00bbac68_6875,12211.56
00bbac68_6876,12211.61
00bbac68_6877,12211.65
00bbac68_6878,12211.65
00bbac68_6879,12211.65
00bbac68_6880,12211.64
00bbac68_6881,12211.61
00bbac68_6882,12211.62
00bbac68_6883,12211.62
00bbac68_6884,12211.64
00bbac68_6885,12211.64
00bbac68_6886,12211.63
00bbac68_6887,12211.63
00bbac68_6888,12211.62
00bbac68_6889,12211.62
00bbac68_6890,12211.65
00bbac68_6891,12211.66
00bbac68_6892,12211.68
00bbac68_6893,12211.69
00bbac68_6894,12211.7
00bbac68_6895,12211.68
00bbac68_6896,12211.67
00bbac68_6897,12211.68
00bbac68_6898,12211.72
00bbac68_6899,12211.73
00bbac68_6900,12211.75
00bbac68_6901,12211.75
00bbac68_6902,12211.76
00bbac68_6903,12211.76
00bbac68_6904,12211.74
00bbac68_6905,12211.72
00bbac68_6906,12211.7
00bbac68_6907,12211.72
00bbac68_6908,12211.71
00bbac68_6909,12211.71
00bbac68_6910,12211.72
00bbac68_6911,12211.71
00bbac68_6912,12211.72
00bbac68_6913,12211.76
00bbac68_6914,12211.76
00bbac68_6915,12211.81
00bbac68_6916,12211.84
00bbac68_6917,12211.87
00bbac68_6918,12211.89
00bbac68_6919,12211.88
00bbac68_6920,12211.88
00bbac68_6921,12211.87
00bbac68_6922,12211.89
00bbac68_6923,12211.95
00bbac68_6924,12211.97
00bbac68_6925,12212.0
00bbac68_6926,12212.02
00bbac68_6927,12212.05
00bbac68_6928,12212.07
00bbac68_6929,12212.1
00bbac68_6930,12212.13
00bbac68_6931,12212.17
00bbac68_6932,12212.16
00bbac68_6933,12212.14
00bbac68_6934,12212.17
00bbac68_6935,12212.16
00bbac68_6936,12212.17
00bbac68_6937,12212.15
00bbac68_6938,12212.13
00bbac68_6939,12212.12
00bbac68_6940,12212.09
00bbac68_6941,12212.07
00bbac68_6942,12212.03
00bbac68_6943,12212.02
00bbac68_6944,12212.0
00bbac68_6945,12212.01
00bbac68_6946,12211.99
00bbac68_6947,12211.97
00bbac68_6948,12211.98
00bbac68_6949,12212.05
00bbac68_6950,12212.17
00bbac68_6951,12212.22
00bbac68_6952,12212.28
00bbac68_6953,12212.3
00bbac68_6954,12212.32
00bbac68_6955,12212.32
00bbac68_6956,12212.31
00bbac68_6957,12212.28
00bbac68_6958,12212.24
00bbac68_6959,12212.19
00bbac68_6960,12212.15
00bbac68_6961,12212.09
00bbac68_6962,12212.03
00bbac68_6963,12212.02
00bbac68_6964,12212.02
00bbac68_6965,12212.05
00bbac68_6966,12212.06
00bbac68_6967,12212.07
00bbac68_6968,12212.09
00bbac68_6969,12212.11
00bbac68_6970,12212.15
00bbac68_6971,12212.16
00bbac68_6972,12212.19
00bbac68_6973,12212.24
00bbac68_6974,12212.29
00bbac68_6975,12212.33
00bbac68_6976,12212.39
00bbac68_6977,12212.43
00bbac68_6978,12212.48
00bbac68_6979,12212.54
00bbac68_6980,12212.58
00bbac68_6981,12212.64
00bbac68_6982,12212.67
00bbac68_6983,12212.68
00bbac68_6984,12212.7
00bbac68_6985,12212.69
00bbac68_6986,12212.66
00bbac68_6987,12212.61
00bbac68_6988,12212.61
00bbac68_6989,12212.62
00bbac68_6990,12212.63
00bbac68_6991,12212.64
00bbac68_6992,12212.67
00bbac68_6993,12212.69
00bbac68_6994,12212.72
00bbac68_6995,12212.78
00bbac68_6996,12212.83
00bbac68_6997,12212.89
00bbac68_6998,12212.96
00bbac68_6999,12213.04
00bbac68_7000,12213.09
00bbac68_7001,12213.13
00bbac68_7002,12213.15
00bbac68_7003,12213.18
00bbac68_7004,12213.19
00bbac68_7005,12213.19
00bbac68_7006,12213.17
00bbac68_7007,12213.18
00bbac68_7008,12213.17
00bbac68_7009,12213.17
00bbac68_7010,12213.17
00bbac68_7011,12213.18
00bbac68_7012,12213.2
00bbac68_7013,12213.25
00bbac68_7014,12213.33
00bbac68_7015,12213.41
00bbac68_7016,12213.46
00bbac68_7017,12213.53
00bbac68_7018,12213.57
00bbac68_7019,12213.59
00bbac68_7020,12213.59
00bbac68_7021,12213.61
00bbac68_7022,12213.65
00bbac68_7023,12213.69
00bbac68_7024,12213.72
00bbac68_7025,12213.75
00bbac68_7026,12213.77
00bbac68_7027,12213.8
00bbac68_7028,12213.84
00bbac68_7029,12213.88
00bbac68_7030,12213.92
00bbac68_7031,12213.93
00bbac68_7032,12213.92
00bbac68_7033,12213.91
00bbac68_7034,12213.91
00bbac68_7035,12213.91
00bbac68_7036,12213.93
00bbac68_7037,12213.98
00bbac68_7038,12214.05
00bbac68_7039,12214.11
00bbac68_7040,12214.18
00bbac68_7041,12214.26
00bbac68_7042,12214.33
00bbac68_7043,12214.4
00bbac68_7044,12214.45
00bbac68_7045,12214.49
00bbac68_7046,12214.51
00bbac68_7047,12214.5
00bbac68_7048,12214.48
00bbac68_7049,12214.46
00bbac68_7050,12214.43
00bbac68_7051,12214.4
00bbac68_7052,12214.37
00bbac68_7053,12214.34
00bbac68_7054,12214.32
00bbac68_7055,12214.3
00bbac68_7056,12214.26
00bbac68_7057,12214.24
00bbac68_7058,12214.23
00bbac68_7059,12214.23
00bbac68_7060,12214.22
00bbac68_7061,12214.23
00bbac68_7062,12214.23
00bbac68_7063,12214.24
00bbac68_7064,12214.26
00bbac68_7065,12214.28
00bbac68_7066,12214.29
00bbac68_7067,12214.3
00bbac68_7068,12214.31
00bbac68_7069,12214.32
00bbac68_7070,12214.34
00bbac68_7071,12214.34
00bbac68_7072,12214.32
00bbac68_7073,12214.31
00bbac68_7074,12214.29
00bbac68_7075,12214.26
00bbac68_7076,12214.21
00bbac68_7077,12214.17
00bbac68_7078,12214.13
00bbac68_7079,12214.1
00bbac68_7080,12214.09
00bbac68_7081,12214.08
00bbac68_7082,12214.08
00bbac68_7083,12214.1
00bbac68_7084,12214.14
00bbac68_7085,12214.17
00bbac68_7086,12214.21
00bbac68_7087,12214.26
00bbac68_7088,12214.3
00bbac68_7089,12214.29
00bbac68_7090,12214.29
00bbac68_7091,12214.28
00bbac68_7092,12214.25
00bbac68_7093,12214.25
00bbac68_7094,12214.24
00bbac68_7095,12214.22
00bbac68_7096,12214.22
00bbac68_7097,12214.24
00bbac68_7098,12214.24
00bbac68_7099,12214.26
00bbac68_7100,12214.26
00bbac68_7101,12214.27
00bbac68_7102,12214.27
00bbac68_7103,12214.24
00bbac68_7104,12214.22
00bbac68_7105,12214.18
00bbac68_7106,12214.16
00bbac68_7107,12214.15
00bbac68_7108,12214.16
00bbac68_7109,12214.22
00bbac68_7110,12214.29
00bbac68_7111,12214.34
00bbac68_7112,12214.39
00bbac68_7113,12214.42
00bbac68_7114,12214.42
00bbac68_7115,12214.42
00bbac68_7116,12214.42
00bbac68_7117,12214.41
00bbac68_7118,12214.36
00bbac68_7119,12214.34
00bbac68_7120,12214.34
00bbac68_7121,12214.33
00bbac68_7122,12214.33
00bbac68_7123,12214.35
00bbac68_7124,12214.38
00bbac68_7125,12214.43
00bbac68_7126,12214.47
00bbac68_7127,12214.49
00bbac68_7128,12214.5
00bbac68_7129,12214.51
00bbac68_7130,12214.52
00bbac68_7131,12214.54
00bbac68_7132,12214.55
00bbac68_7133,12214.56
00bbac68_7134,12214.53
00bbac68_7135,12214.55
00bbac68_7136,12214.55
00bbac68_7137,12214.54
00bbac68_7138,12214.54
00bbac68_7139,12214.56
00bbac68_7140,12214.59
00bbac68_7141,12214.64
00bbac68_7142,12214.72
00bbac68_7143,12214.78
00bbac68_7144,12214.84
00bbac68_7145,12214.92
00bbac68_7146,12214.99
00bbac68_7147,12215.04
00bbac68_7148,12215.07
00bbac68_7149,12215.1
00bbac68_7150,12215.09
00bbac68_7151,12215.1
00bbac68_7152,12215.12
00bbac68_7153,12215.12
00bbac68_7154,12215.14
00bbac68_7155,12215.16
00bbac68_7156,12215.18
00bbac68_7157,12215.18
00bbac68_7158,12215.19
00bbac68_7159,12215.19
00bbac68_7160,12215.18
00bbac68_7161,12215.2
00bbac68_7162,12215.18
00bbac68_7163,12215.15
00bbac68_7164,12215.11
00bbac68_7165,12215.05
00bbac68_7166,12215.02
00bbac68_7167,12215.0
00bbac68_7168,12215.0
00bbac68_7169,12214.98
00bbac68_7170,12214.98
00bbac68_7171,12214.96
00bbac68_7172,12214.96
00bbac68_7173,12214.95
00bbac68_7174,12214.94
00bbac68_7175,12214.95
00bbac68_7176,12214.95
00bbac68_7177,12214.95
00bbac68_7178,12214.95
00bbac68_7179,12214.96
00bbac68_7180,12215.0
00bbac68_7181,12215.07
00bbac68_7182,12215.18
00bbac68_7183,12215.26
00bbac68_7184,12215.32
00bbac68_7185,12215.36
00bbac68_7186,12215.39
00bbac68_7187,12215.43
00bbac68_7188,12215.42
00bbac68_7189,12215.39
00bbac68_7190,12215.34
00bbac68_7191,12215.3
00bbac68_7192,12215.25
00bbac68_7193,12215.19
00bbac68_7194,12215.16
00bbac68_7195,12215.14
00bbac68_7196,12215.15
00bbac68_7197,12215.18
00bbac68_7198,12215.21
00bbac68_7199,12215.21
00bbac68_7200,12215.22
00bbac68_7201,12215.24
00bbac68_7202,12215.25
00bbac68_7203,12215.26
00bbac68_7204,12215.2
00bbac68_7205,12215.18
00bbac68_7206,12215.13
00bbac68_7207,12215.09
00bbac68_7208,12215.08
00bbac68_7209,12215.08
00bbac68_7210,12215.06
00bbac68_7211,12215.05
00bbac68_7212,12215.03
00bbac68_7213,12215.02
00bbac68_7214,12215.02
00bbac68_7215,12214.98
00bbac68_7216,12214.97
00bbac68_7217,12214.95
00bbac68_7218,12214.93
00bbac68_7219,12214.86
00bbac68_7220,12214.79
00bbac68_7221,12214.79
00bbac68_7222,12214.81
00bbac68_7223,12214.86
00bbac68_7224,12214.93
00bbac68_7225,12215.0
00bbac68_7226,12215.07
00bbac68_7227,12215.15
00bbac68_7228,12215.24
00bbac68_7229,12215.32
00bbac68_7230,12215.37
00bbac68_7231,12215.41
00bbac68_7232,12215.43
00bbac68_7233,12215.4
00bbac68_7234,12215.38
00bbac68_7235,12215.35
00bbac68_7236,12215.35
00bbac68_7237,12215.4
00bbac68_7238,12215.47
00bbac68_7239,12215.52
00bbac68_7240,12215.61
00bbac68_7241,12215.74
00bbac68_7242,12215.89
00bbac68_7243,12216.03
00bbac68_7244,12216.18
00bbac68_7245,12216.31
00bbac68_7246,12216.41
00bbac68_7247,12216.49
00bbac68_7248,12216.52
00bbac68_7249,12216.53
00bbac68_7250,12216.53
00bbac68_7251,12216.5
00bbac68_7252,12216.42
00bbac68_7253,12216.37
00bbac68_7254,12216.33
00bbac68_7255,12216.31
00bbac68_7256,12216.31
00bbac68_7257,12216.3
00bbac68_7258,12216.31
00bbac68_7259,12216.29
00bbac68_7260,12216.28
00bbac68_7261,12216.28
00bbac68_7262,12216.29
00bbac68_7263,12216.29
00bbac68_7264,12216.29
00bbac68_7265,12216.29
00bbac68_7266,12216.26
00bbac68_7267,12216.28
00bbac68_7268,12216.29
00bbac68_7269,12216.33
00bbac68_7270,12216.4
00bbac68_7271,12216.46
00bbac68_7272,12216.52
00bbac68_7273,12216.58
00bbac68_7274,12216.65
00bbac68_7275,12216.64
00bbac68_7276,12216.62
00bbac68_7277,12216.61
00bbac68_7278,12216.61
00bbac68_7279,12216.59
00bbac68_7280,12216.57
00bbac68_7281,12216.54
00bbac68_7282,12216.53
00bbac68_7283,12216.56
00bbac68_7284,12216.56
00bbac68_7285,12216.59
00bbac68_7286,12216.64
00bbac68_7287,12216.7
00bbac68_7288,12216.79
00bbac68_7289,12216.85
00bbac68_7290,12216.88
00bbac68_7291,12216.87
00bbac68_7292,12216.85
00bbac68_7293,12216.88
00bbac68_7294,12216.91
00bbac68_7295,12216.93
00bbac68_7296,12216.94
00bbac68_7297,12216.96
00bbac68_7298,12216.98
00bbac68_7299,12217.0
00bbac68_7300,12217.01
00bbac68_7301,12217.05
00bbac68_7302,12217.07
00bbac68_7303,12217.08
00bbac68_7304,12217.1
00bbac68_7305,12217.11
00bbac68_7306,12217.1
00bbac68_7307,12217.1
00bbac68_7308,12217.14
00bbac68_7309,12217.15
00bbac68_7310,12217.16
00bbac68_7311,12217.16
00bbac68_7312,12217.17
00bbac68_7313,12217.15
00bbac68_7314,12217.09
00bbac68_7315,12217.05
00bbac68_7316,12217.02
00bbac68_7317,12217.01
00bbac68_7318,12217.0
00bbac68_7319,12216.99
00bbac68_7320,12217.03
00bbac68_7321,12217.07
00bbac68_7322,12217.1
00bbac68_7323,12217.14
00bbac68_7324,12217.17
00bbac68_7325,12217.15
00bbac68_7326,12217.12
00bbac68_7327,12217.08
00bbac68_7328,12217.06
00bbac68_7329,12217.03
00bbac68_7330,12217.01
00bbac68_7331,12217.01
00bbac68_7332,12217.03
00bbac68_7333,12217.06
00bbac68_7334,12217.09
00bbac68_7335,12217.14
00bbac68_7336,12217.19
00bbac68_7337,12217.22
00bbac68_7338,12217.26
00bbac68_7339,12217.28
00bbac68_7340,12217.27
00bbac68_7341,12217.24
00bbac68_7342,12217.22
00bbac68_7343,12217.21
00bbac68_7344,12217.21
00bbac68_7345,12217.23
00bbac68_7346,12217.21
00bbac68_7347,12217.2
00bbac68_7348,12217.21
00bbac68_7349,12217.21
00bbac68_7350,12217.19
00bbac68_7351,12217.18
00bbac68_7352,12217.17
00bbac68_7353,12217.18
00bbac68_7354,12217.2
00bbac68_7355,12217.21
00bbac68_7356,12217.22
00bbac68_7357,12217.23
00bbac68_7358,12217.24
00bbac68_7359,12217.25
00bbac68_7360,12217.25
00bbac68_7361,12217.25
00bbac68_7362,12217.24
00bbac68_7363,12217.28
00bbac68_7364,12217.32
00bbac68_7365,12217.32
00bbac68_7366,12217.3
00bbac68_7367,12217.31
00bbac68_7368,12217.32
00bbac68_7369,12217.34
00bbac68_7370,12217.35
00bbac68_7371,12217.37
00bbac68_7372,12217.36
00bbac68_7373,12217.37
00bbac68_7374,12217.38
00bbac68_7375,12217.41
00bbac68_7376,12217.42
00bbac68_7377,12217.41
00bbac68_7378,12217.4
00bbac68_7379,12217.4
00bbac68_7380,12217.38
00bbac68_7381,12217.36
00bbac68_7382,12217.35
00bbac68_7383,12217.31
00bbac68_7384,12217.26
00bbac68_7385,12217.22
00bbac68_7386,12217.2
00bbac68_7387,12217.21
00bbac68_7388,12217.23
00bbac68_7389,12217.27
00bbac68_7390,12217.33
00bbac68_7391,12217.36
00bbac68_7392,12217.34
00bbac68_7393,12217.33
00bbac68_7394,12217.32
00bbac68_7395,12217.33
00bbac68_7396,12217.35
00bbac68_7397,12217.4
00bbac68_7398,12217.43
00bbac68_7399,12217.42
00bbac68_7400,12217.42
00bbac68_7401,12217.44
00bbac68_7402,12217.46
00bbac68_7403,12217.46
00bbac68_7404,12217.45
00bbac68_7405,12217.45
00bbac68_7406,12217.41
00bbac68_7407,12217.37
00bbac68_7408,12217.33
00bbac68_7409,12217.31
00bbac68_7410,12217.31
00bbac68_7411,12217.33
00bbac68_7412,12217.37
00bbac68_7413,12217.44
00bbac68_7414,12217.5
00bbac68_7415,12217.51
00bbac68_7416,12217.55
00bbac68_7417,12217.61
00bbac68_7418,12217.69
00bbac68_7419,12217.79
00bbac68_7420,12217.91
00bbac68_7421,12218.01
00bbac68_7422,12218.12
00bbac68_7423,12218.25
00bbac68_7424,12218.4
00bbac68_7425,12218.53
00bbac68_7426,12218.66
00bbac68_7427,12218.76
00bbac68_7428,12218.83
00bbac68_7429,12218.88
00bbac68_7430,12218.86
00bbac68_7431,12218.81
00bbac68_7432,12218.79
00bbac68_7433,12218.76
00bbac68_7434,12218.73
00bbac68_7435,12218.7
00bbac68_7436,12218.63
00bbac68_7437,12218.55
00bbac68_7438,12218.53
00bbac68_7439,12218.52
00bbac68_7440,12218.53
00bbac68_7441,12218.56
00bbac68_7442,12218.59
00bbac68_7443,12218.62
00bbac68_7444,12218.68
00bbac68_7445,12218.7
00bbac68_7446,12218.74
00bbac68_7447,12218.79
00bbac68_7448,12218.85
00bbac68_7449,12218.84
00bbac68_7450,12218.82
00bbac68_7451,12218.81
00bbac68_7452,12218.77
00bbac68_7453,12218.76
00bbac68_7454,12218.79
00bbac68_7455,12218.81
00bbac68_7456,12218.84
00bbac68_7457,12218.88
00bbac68_7458,12218.94
00bbac68_7459,12218.99
00bbac68_7460,12219.06
00bbac68_7461,12219.1
00bbac68_7462,12219.15
00bbac68_7463,12219.19
00bbac68_7464,12219.2
00bbac68_7465,12219.13
00bbac68_7466,12219.11
00bbac68_7467,12219.08
00bbac68_7468,12219.05
00bbac68_7469,12219.01
00bbac68_7470,12218.98
00bbac68_7471,12218.91
00bbac68_7472,12218.86
00bbac68_7473,12218.81
00bbac68_7474,12218.75
00bbac68_7475,12218.71
00bbac68_7476,12218.65
00bbac68_7477,12218.6
00bbac68_7478,12218.57
00bbac68_7479,12218.57
00bbac68_7480,12218.58
00bbac68_7481,12218.6
00bbac68_7482,12218.7
00bbac68_7483,12218.77
00bbac68_7484,12218.82
00bbac68_7485,12218.87
00bbac68_7486,12218.95
00bbac68_7487,12218.98
00bbac68_7488,12219.0
00bbac68_7489,12219.0
00bbac68_7490,12218.96
00bbac68_7491,12218.91
00bbac68_7492,12218.82
00bbac68_7493,12218.77
00bbac68_7494,12218.71
00bbac68_7495,12218.63
00bbac68_7496,12218.56
00bbac68_7497,12218.53
00bbac68_7498,12218.51
00bbac68_7499,12218.49
00bbac68_7500,12218.44
00bbac68_7501,12218.44
00bbac68_7502,12218.44
00bbac68_7503,12218.42
00bbac68_7504,12218.42
00bbac68_7505,12218.44
00bbac68_7506,12218.46
00bbac68_7507,12218.48
00bbac68_7508,12218.49
00bbac68_7509,12218.5
00bbac68_7510,12218.5
00bbac68_7511,12218.48
00bbac68_7512,12218.49
00bbac68_7513,12218.51
00bbac68_7514,12218.5
00bbac68_7515,12218.49
00bbac68_7516,12218.5
00bbac68_7517,12218.49
00bbac68_7518,12218.48
00bbac68_7519,12218.45
00bbac68_7520,12218.44
00bbac68_7521,12218.43
00bbac68_7522,12218.4
00bbac68_7523,12218.39
00bbac68_7524,12218.35
00bbac68_7525,12218.29
00bbac68_7526,12218.22
00bbac68_7527,12218.12
00bbac68_7528,12218.03
00bbac68_7529,12217.94
00bbac68_7530,12217.89
00bbac68_7531,12217.85
00bbac68_7532,12217.83
00bbac68_7533,12217.77
00bbac68_7534,12217.75
00bbac68_7535,12217.76
00bbac68_7536,12217.86
00bbac68_7537,12218.0
00bbac68_7538,12218.17
00bbac68_7539,12218.35
00bbac68_7540,12218.52
00bbac68_7541,12218.68
00bbac68_7542,12218.86
00bbac68_7543,12219.02
00bbac68_7544,12219.18
00bbac68_7545,12219.3
00bbac68_7546,12219.42
00bbac68_7547,12219.47
00bbac68_7548,12219.48
00bbac68_7549,12219.42
00bbac68_7550,12219.4
00bbac68_7551,12219.38
00bbac68_7552,12219.36
00bbac68_7553,12219.33
00bbac68_7554,12219.31
00bbac68_7555,12219.29
00bbac68_7556,12219.29
00bbac68_7557,12219.3
00bbac68_7558,12219.32
00e12e8b_2083,11604.84
00e12e8b_2084,11604.85
00e12e8b_2085,11604.87
00e12e8b_2086,11604.88
00e12e8b_2087,11604.89
00e12e8b_2088,11604.91
00e12e8b_2089,11604.92
00e12e8b_2090,11604.93
00e12e8b_2091,11604.95
00e12e8b_2092,11604.97
00e12e8b_2093,11604.99
00e12e8b_2094,11605.01
00e12e8b_2095,11605.03
00e12e8b_2096,11605.06
00e12e8b_2097,11605.08
00e12e8b_2098,11605.11
00e12e8b_2099,11605.13
00e12e8b_2100,11605.15
00e12e8b_2101,11605.17
00e12e8b_2102,11605.2
00e12e8b_2103,11605.22
00e12e8b_2104,11605.25
00e12e8b_2105,11605.28
00e12e8b_2106,11605.3
00e12e8b_2107,11605.32
00e12e8b_2108,11605.35
00e12e8b_2109,11605.37
00e12e8b_2110,11605.4
00e12e8b_2111,11605.43
00e12e8b_2112,11605.46
00e12e8b_2113,11605.49
00e12e8b_2114,11605.51
00e12e8b_2115,11605.53
00e12e8b_2116,11605.55
00e12e8b_2117,11605.57
00e12e8b_2118,11605.59
00e12e8b_2119,11605.6
00e12e8b_2120,11605.62
00e12e8b_2121,11605.64
00e12e8b_2122,11605.65
00e12e8b_2123,11605.66
00e12e8b_2124,11605.68
00e12e8b_2125,11605.69
00e12e8b_2126,11605.71
00e12e8b_2127,11605.74
00e12e8b_2128,11605.77
00e12e8b_2129,11605.79
00e12e8b_2130,11605.82
00e12e8b_2131,11605.84
00e12e8b_2132,11605.86
00e12e8b_2133,11605.89
00e12e8b_2134,11605.91
00e12e8b_2135,11605.91
00e12e8b_2136,11605.93
00e12e8b_2137,11605.96
00e12e8b_2138,11606.0
00e12e8b_2139,11606.05
00e12e8b_2140,11606.11
00e12e8b_2141,11606.18
00e12e8b_2142,11606.27
00e12e8b_2143,11606.36
00e12e8b_2144,11606.45
00e12e8b_2145,11606.54
00e12e8b_2146,11606.63
00e12e8b_2147,11606.7
00e12e8b_2148,11606.77
00e12e8b_2149,11606.82
00e12e8b_2150,11606.85
00e12e8b_2151,11606.86
00e12e8b_2152,11606.89
00e12e8b_2153,11606.93
00e12e8b_2154,11606.96
00e12e8b_2155,11606.99
00e12e8b_2156,11607.03
00e12e8b_2157,11607.06
00e12e8b_2158,11607.11
00e12e8b_2159,11607.15
00e12e8b_2160,11607.18
00e12e8b_2161,11607.21
00e12e8b_2162,11607.24
00e12e8b_2163,11607.26
00e12e8b_2164,11607.29
00e12e8b_2165,11607.31
00e12e8b_2166,11607.33
00e12e8b_2167,11607.35
00e12e8b_2168,11607.36
00e12e8b_2169,11607.38
00e12e8b_2170,11607.4
00e12e8b_2171,11607.41
00e12e8b_2172,11607.43
00e12e8b_2173,11607.45
00e12e8b_2174,11607.46
00e12e8b_2175,11607.48
00e12e8b_2176,11607.49
00e12e8b_2177,11607.51
00e12e8b_2178,11607.54
00e12e8b_2179,11607.56
00e12e8b_2180,11607.58
00e12e8b_2181,11607.59
00e12e8b_2182,11607.6
00e12e8b_2183,11607.61
00e12e8b_2184,11607.6
00e12e8b_2185,11607.6
00e12e8b_2186,11607.6
00e12e8b_2187,11607.59
00e12e8b_2188,11607.58
00e12e8b_2189,11607.59
00e12e8b_2190,11607.61
00e12e8b_2191,11607.65
00e12e8b_2192,11607.7
00e12e8b_2193,11607.75
00e12e8b_2194,11607.8
00e12e8b_2195,11607.84
00e12e8b_2196,11607.87
00e12e8b_2197,11607.91
00e12e8b_2198,11607.94
00e12e8b_2199,11607.98
00e12e8b_2200,11608.01
00e12e8b_2201,11608.04
00e12e8b_2202,11608.07
00e12e8b_2203,11608.08
00e12e8b_2204,11608.11
00e12e8b_2205,11608.16
00e12e8b_2206,11608.21
00e12e8b_2207,11608.27
00e12e8b_2208,11608.31
00e12e8b_2209,11608.36
00e12e8b_2210,11608.4
00e12e8b_2211,11608.43
00e12e8b_2212,11608.45
00e12e8b_2213,11608.48
00e12e8b_2214,11608.51
00e12e8b_2215,11608.53
00e12e8b_2216,11608.55
00e12e8b_2217,11608.58
00e12e8b_2218,11608.59
00e12e8b_2219,11608.6
00e12e8b_2220,11608.63
00e12e8b_2221,11608.66
00e12e8b_2222,11608.68
00e12e8b_2223,11608.72
00e12e8b_2224,11608.75
00e12e8b_2225,11608.79
00e12e8b_2226,11608.82
00e12e8b_2227,11608.85
00e12e8b_2228,11608.87
00e12e8b_2229,11608.88
00e12e8b_2230,11608.9
00e12e8b_2231,11608.91
00e12e8b_2232,11608.94
00e12e8b_2233,11608.97
00e12e8b_2234,11609.0
00e12e8b_2235,11609.03
00e12e8b_2236,11609.07
00e12e8b_2237,11609.11
00e12e8b_2238,11609.16
00e12e8b_2239,11609.21
00e12e8b_2240,11609.25
00e12e8b_2241,11609.29
00e12e8b_2242,11609.33
00e12e8b_2243,11609.38
00e12e8b_2244,11609.44
00e12e8b_2245,11609.51
00e12e8b_2246,11609.59
00e12e8b_2247,11609.67
00e12e8b_2248,11609.74
00e12e8b_2249,11609.82
00e12e8b_2250,11609.9
00e12e8b_2251,11609.95
00e12e8b_2252,11610.02
00e12e8b_2253,11610.05
00e12e8b_2254,11610.09
00e12e8b_2255,11610.12
00e12e8b_2256,11610.14
00e12e8b_2257,11610.16
00e12e8b_2258,11610.2
00e12e8b_2259,11610.24
00e12e8b_2260,11610.28
00e12e8b_2261,11610.32
00e12e8b_2262,11610.36
00e12e8b_2263,11610.39
00e12e8b_2264,11610.41
00e12e8b_2265,11610.43
00e12e8b_2266,11610.44
00e12e8b_2267,11610.43
00e12e8b_2268,11610.43
00e12e8b_2269,11610.42
00e12e8b_2270,11610.42
00e12e8b_2271,11610.42
00e12e8b_2272,11610.44
00e12e8b_2273,11610.47
00e12e8b_2274,11610.51
00e12e8b_2275,11610.55
00e12e8b_2276,11610.6
00e12e8b_2277,11610.65
00e12e8b_2278,11610.7
00e12e8b_2279,11610.74
00e12e8b_2280,11610.77
00e12e8b_2281,11610.8
00e12e8b_2282,11610.81
00e12e8b_2283,11610.82
00e12e8b_2284,11610.83
00e12e8b_2285,11610.83
00e12e8b_2286,11610.84
00e12e8b_2287,11610.84
00e12e8b_2288,11610.85
00e12e8b_2289,11610.86
00e12e8b_2290,11610.86
00e12e8b_2291,11610.86
00e12e8b_2292,11610.87
00e12e8b_2293,11610.87
00e12e8b_2294,11610.87
00e12e8b_2295,11610.86
00e12e8b_2296,11610.86
00e12e8b_2297,11610.86
00e12e8b_2298,11610.86
00e12e8b_2299,11610.87
00e12e8b_2300,11610.89
00e12e8b_2301,11610.86
00e12e8b_2302,11610.86
00e12e8b_2303,11610.87
00e12e8b_2304,11610.89
00e12e8b_2305,11610.93
00e12e8b_2306,11610.98
00e12e8b_2307,11611.04
00e12e8b_2308,11611.1
00e12e8b_2309,11611.16
00e12e8b_2310,11611.22
00e12e8b_2311,11611.28
00e12e8b_2312,11611.32
00e12e8b_2313,11611.36
00e12e8b_2314,11611.39
00e12e8b_2315,11611.43
00e12e8b_2316,11611.44
00e12e8b_2317,11611.42
00e12e8b_2318,11611.45
00e12e8b_2319,11611.47
00e12e8b_2320,11611.5
00e12e8b_2321,11611.53
00e12e8b_2322,11611.57
00e12e8b_2323,11611.6
00e12e8b_2324,11611.63
00e12e8b_2325,11611.65
00e12e8b_2326,11611.67
00e12e8b_2327,11611.68
00e12e8b_2328,11611.69
00e12e8b_2329,11611.68
00e12e8b_2330,11611.69
00e12e8b_2331,11611.7
00e12e8b_2332,11611.73
00e12e8b_2333,11611.76
00e12e8b_2334,11611.8
00e12e8b_2335,11611.84
00e12e8b_2336,11611.9
00e12e8b_2337,11611.94
00e12e8b_2338,11611.98
00e12e8b_2339,11612.03
00e12e8b_2340,11612.08
00e12e8b_2341,11612.11
00e12e8b_2342,11612.15
00e12e8b_2343,11612.17
00e12e8b_2344,11612.18
00e12e8b_2345,11612.13
00e12e8b_2346,11612.12
00e12e8b_2347,11612.14
00e12e8b_2348,11612.17
00e12e8b_2349,11612.22
00e12e8b_2350,11612.3
00e12e8b_2351,11612.4
00e12e8b_2352,11612.52
00e12e8b_2353,11612.64
00e12e8b_2354,11612.78
00e12e8b_2355,11612.92
00e12e8b_2356,11613.06
00e12e8b_2357,11613.18
00e12e8b_2358,11613.29
00e12e8b_2359,11613.36
00e12e8b_2360,11613.4
00e12e8b_2361,11613.4
00e12e8b_2362,11613.42
00e12e8b_2363,11613.44
00e12e8b_2364,11613.45
00e12e8b_2365,11613.46
00e12e8b_2366,11613.47
00e12e8b_2367,11613.49
00e12e8b_2368,11613.5
00e12e8b_2369,11613.52
00e12e8b_2370,11613.53
00e12e8b_2371,11613.54
00e12e8b_2372,11613.56
00e12e8b_2373,11613.56
00e12e8b_2374,11613.58
00e12e8b_2375,11613.59
00e12e8b_2376,11613.59
00e12e8b_2377,11613.6
00e12e8b_2378,11613.61
00e12e8b_2379,11613.61
00e12e8b_2380,11613.61
00e12e8b_2381,11613.63
00e12e8b_2382,11613.62
00e12e8b_2383,11613.59
00e12e8b_2384,11613.55
00e12e8b_2385,11613.51
00e12e8b_2386,11613.46
00e12e8b_2387,11613.4
00e12e8b_2388,11613.34
00e12e8b_2389,11613.28
00e12e8b_2390,11613.23
00e12e8b_2391,11613.18
00e12e8b_2392,11613.15
00e12e8b_2393,11613.12
00e12e8b_2394,11613.11
00e12e8b_2395,11613.11
00e12e8b_2396,11613.14
00e12e8b_2397,11613.17
00e12e8b_2398,11613.16
00e12e8b_2399,11613.17
00e12e8b_2400,11613.17
00e12e8b_2401,11613.17
00e12e8b_2402,11613.16
00e12e8b_2403,11613.14
00e12e8b_2404,11613.12
00e12e8b_2405,11613.1
00e12e8b_2406,11613.08
00e12e8b_2407,11612.98
00e12e8b_2408,11612.95
00e12e8b_2409,11612.96
00e12e8b_2410,11613.03
00e12e8b_2411,11613.13
00e12e8b_2412,11613.26
00e12e8b_2413,11613.4
00e12e8b_2414,11613.56
00e12e8b_2415,11613.71
00e12e8b_2416,11613.88
00e12e8b_2417,11614.04
00e12e8b_2418,11614.18
00e12e8b_2419,11614.29
00e12e8b_2420,11614.35
00e12e8b_2421,11614.38
00e12e8b_2422,11614.36
00e12e8b_2423,11614.29
00e12e8b_2424,11614.31
00e12e8b_2425,11614.32
00e12e8b_2426,11614.32
00e12e8b_2427,11614.33
00e12e8b_2428,11614.33
00e12e8b_2429,11614.32
00e12e8b_2430,11614.31
00e12e8b_2431,11614.3
00e12e8b_2432,11614.32
00e12e8b_2433,11614.31
00e12e8b_2434,11614.31
00e12e8b_2435,11614.3
00e12e8b_2436,11614.3
00e12e8b_2437,11614.3
00e12e8b_2438,11614.29
00e12e8b_2439,11614.3
00e12e8b_2440,11614.29
00e12e8b_2441,11614.29
00e12e8b_2442,11614.29
00e12e8b_2443,11614.28
00e12e8b_2444,11614.27
00e12e8b_2445,11614.27
00e12e8b_2446,11614.27
00e12e8b_2447,11614.27
00e12e8b_2448,11614.29
00e12e8b_2449,11614.28
00e12e8b_2450,11614.31
00e12e8b_2451,11614.37
00e12e8b_2452,11614.45
00e12e8b_2453,11614.54
00e12e8b_2454,11614.65
00e12e8b_2455,11614.76
00e12e8b_2456,11614.87
00e12e8b_2457,11614.97
00e12e8b_2458,11615.06
00e12e8b_2459,11615.15
00e12e8b_2460,11615.21
00e12e8b_2461,11615.27
00e12e8b_2462,11615.32
00e12e8b_2463,11615.34
00e12e8b_2464,11615.36
00e12e8b_2465,11615.36
00e12e8b_2466,11615.4
00e12e8b_2467,11615.42
00e12e8b_2468,11615.44
00e12e8b_2469,11615.44
00e12e8b_2470,11615.43
00e12e8b_2471,11615.43
00e12e8b_2472,11615.4
00e12e8b_2473,11615.37
00e12e8b_2474,11615.34
00e12e8b_2475,11615.33
00e12e8b_2476,11615.31
00e12e8b_2477,11615.32
00e12e8b_2478,11615.32
00e12e8b_2479,11615.32
00e12e8b_2480,11615.35
00e12e8b_2481,11615.38
00e12e8b_2482,11615.38
00e12e8b_2483,11615.39
00e12e8b_2484,11615.4
00e12e8b_2485,11615.4
00e12e8b_2486,11615.41
00e12e8b_2487,11615.43
00e12e8b_2488,11615.43
00e12e8b_2489,11615.44
00e12e8b_2490,11615.46
00e12e8b_2491,11615.49
00e12e8b_2492,11615.53
00e12e8b_2493,11615.55
00e12e8b_2494,11615.58
00e12e8b_2495,11615.59
00e12e8b_2496,11615.57
00e12e8b_2497,11615.58
00e12e8b_2498,11615.55
00e12e8b_2499,11615.5
00e12e8b_2500,11615.44
00e12e8b_2501,11615.36
00e12e8b_2502,11615.28
00e12e8b_2503,11615.2
00e12e8b_2504,11615.11
00e12e8b_2505,11615.03
00e12e8b_2506,11614.95
00e12e8b_2507,11614.88
00e12e8b_2508,11614.8
00e12e8b_2509,11614.78
00e12e8b_2510,11614.77
00e12e8b_2511,11614.77
00e12e8b_2512,11614.74
00e12e8b_2513,11614.72
00e12e8b_2514,11614.67
00e12e8b_2515,11614.69
00e12e8b_2516,11614.75
00e12e8b_2517,11614.82
00e12e8b_2518,11614.88
00e12e8b_2519,11614.99
00e12e8b_2520,11615.09
00e12e8b_2521,11615.17
00e12e8b_2522,11615.22
00e12e8b_2523,11615.3
00e12e8b_2524,11615.36
00e12e8b_2525,11615.44
00e12e8b_2526,11615.45
00e12e8b_2527,11615.42
00e12e8b_2528,11615.37
00e12e8b_2529,11615.31
00e12e8b_2530,11615.3
00e12e8b_2531,11615.34
00e12e8b_2532,11615.33
00e12e8b_2533,11615.35
00e12e8b_2534,11615.35
00e12e8b_2535,11615.41
00e12e8b_2536,11615.42
00e12e8b_2537,11615.43
00e12e8b_2538,11615.43
00e12e8b_2539,11615.43
00e12e8b_2540,11615.45
00e12e8b_2541,11615.46
00e12e8b_2542,11615.46
00e12e8b_2543,11615.45
00e12e8b_2544,11615.48
00e12e8b_2545,11615.5
00e12e8b_2546,11615.51
00e12e8b_2547,11615.52
00e12e8b_2548,11615.53
00e12e8b_2549,11615.54
00e12e8b_2550,11615.54
00e12e8b_2551,11615.54
00e12e8b_2552,11615.52
00e12e8b_2553,11615.48
00e12e8b_2554,11615.42
00e12e8b_2555,11615.29
00e12e8b_2556,11615.24
00e12e8b_2557,11615.22
00e12e8b_2558,11615.22
00e12e8b_2559,11615.26
00e12e8b_2560,11615.32
00e12e8b_2561,11615.4
00e12e8b_2562,11615.51
00e12e8b_2563,11615.63
00e12e8b_2564,11615.76
00e12e8b_2565,11615.85
00e12e8b_2566,11615.98
00e12e8b_2567,11616.06
00e12e8b_2568,11616.11
00e12e8b_2569,11616.11
00e12e8b_2570,11616.1
00e12e8b_2571,11616.05
00e12e8b_2572,11616.04
00e12e8b_2573,11616.04
00e12e8b_2574,11616.05
00e12e8b_2575,11616.06
00e12e8b_2576,11616.06
00e12e8b_2577,11616.06
00e12e8b_2578,11616.07
00e12e8b_2579,11616.08
00e12e8b_2580,11616.08
00e12e8b_2581,11616.09
00e12e8b_2582,11616.1
00e12e8b_2583,11616.1
00e12e8b_2584,11616.09
00e12e8b_2585,11616.09
00e12e8b_2586,11616.1
00e12e8b_2587,11616.1
00e12e8b_2588,11616.1
00e12e8b_2589,11616.09
00e12e8b_2590,11616.07
00e12e8b_2591,11616.05
00e12e8b_2592,11616.02
00e12e8b_2593,11615.99
00e12e8b_2594,11615.96
00e12e8b_2595,11615.93
00e12e8b_2596,11615.9
00e12e8b_2597,11615.9
00e12e8b_2598,11615.87
00e12e8b_2599,11615.83
00e12e8b_2600,11615.8
00e12e8b_2601,11615.78
00e12e8b_2602,11615.75
00e12e8b_2603,11615.74
00e12e8b_2604,11615.71
00e12e8b_2605,11615.69
00e12e8b_2606,11615.67
00e12e8b_2607,11615.66
00e12e8b_2608,11615.64
00e12e8b_2609,11615.63
00e12e8b_2610,11615.6
00e12e8b_2611,11615.61
00e12e8b_2612,11615.63
00e12e8b_2613,11615.63
00e12e8b_2614,11615.6
00e12e8b_2615,11615.59
00e12e8b_2616,11615.56
00e12e8b_2617,11615.54
00e12e8b_2618,11615.51
00e12e8b_2619,11615.46
00e12e8b_2620,11615.42
00e12e8b_2621,11615.41
00e12e8b_2622,11615.41
00e12e8b_2623,11615.41
00e12e8b_2624,11615.43
00e12e8b_2625,11615.45
00e12e8b_2626,11615.49
00e12e8b_2627,11615.54
00e12e8b_2628,11615.57
00e12e8b_2629,11615.6
00e12e8b_2630,11615.62
00e12e8b_2631,11615.67
00e12e8b_2632,11615.69
00e12e8b_2633,11615.69
00e12e8b_2634,11615.67
00e12e8b_2635,11615.64
00e12e8b_2636,11615.63
00e12e8b_2637,11615.61
00e12e8b_2638,11615.58
00e12e8b_2639,11615.54
00e12e8b_2640,11615.52
00e12e8b_2641,11615.48
00e12e8b_2642,11615.45
00e12e8b_2643,11615.41
00e12e8b_2644,11615.38
00e12e8b_2645,11615.36
00e12e8b_2646,11615.36
00e12e8b_2647,11615.37
00e12e8b_2648,11615.36
00e12e8b_2649,11615.37
00e12e8b_2650,11615.39
00e12e8b_2651,11615.39
00e12e8b_2652,11615.41
00e12e8b_2653,11615.43
00e12e8b_2654,11615.44
00e12e8b_2655,11615.44
00e12e8b_2656,11615.44
00e12e8b_2657,11615.41
00e12e8b_2658,11615.39
00e12e8b_2659,11615.4
00e12e8b_2660,11615.35
00e12e8b_2661,11615.33
00e12e8b_2662,11615.34
00e12e8b_2663,11615.39
00e12e8b_2664,11615.48
00e12e8b_2665,11615.59
00e12e8b_2666,11615.68
00e12e8b_2667,11615.8
00e12e8b_2668,11615.96
00e12e8b_2669,11616.09
00e12e8b_2670,11616.19
00e12e8b_2671,11616.29
00e12e8b_2672,11616.34
00e12e8b_2673,11616.41
00e12e8b_2674,11616.44
00e12e8b_2675,11616.43
00e12e8b_2676,11616.37
00e12e8b_2677,11616.35
00e12e8b_2678,11616.29
00e12e8b_2679,11616.31
00e12e8b_2680,11616.28
00e12e8b_2681,11616.27
00e12e8b_2682,11616.23
00e12e8b_2683,11616.26
00e12e8b_2684,11616.22
00e12e8b_2685,11616.22
00e12e8b_2686,11616.19
00e12e8b_2687,11616.22
00e12e8b_2688,11616.18
00e12e8b_2689,11616.21
00e12e8b_2690,11616.16
00e12e8b_2691,11616.14
00e12e8b_2692,11616.13
00e12e8b_2693,11616.09
00e12e8b_2694,11616.06
00e12e8b_2695,11616.05
00e12e8b_2696,11616.03
00e12e8b_2697,11616.01
00e12e8b_2698,11615.98
00e12e8b_2699,11615.99
00e12e8b_2700,11615.95
00e12e8b_2701,11615.94
00e12e8b_2702,11615.9
00e12e8b_2703,11615.91
00e12e8b_2704,11615.87
00e12e8b_2705,11615.85
00e12e8b_2706,11615.83
00e12e8b_2707,11615.81
00e12e8b_2708,11615.78
00e12e8b_2709,11615.77
00e12e8b_2710,11615.76
00e12e8b_2711,11615.74
00e12e8b_2712,11615.72
00e12e8b_2713,11615.67
00e12e8b_2714,11615.65
00e12e8b_2715,11615.62
00e12e8b_2716,11615.61
00e12e8b_2717,11615.57
00e12e8b_2718,11615.55
00e12e8b_2719,11615.54
00e12e8b_2720,11615.5
00e12e8b_2721,11615.48
00e12e8b_2722,11615.47
00e12e8b_2723,11615.47
00e12e8b_2724,11615.45
00e12e8b_2725,11615.44
00e12e8b_2726,11615.39
00e12e8b_2727,11615.37
00e12e8b_2728,11615.34
00e12e8b_2729,11615.34
00e12e8b_2730,11615.36
00e12e8b_2731,11615.39
00e12e8b_2732,11615.45
00e12e8b_2733,11615.5
00e12e8b_2734,11615.55
00e12e8b_2735,11615.6
00e12e8b_2736,11615.64
00e12e8b_2737,11615.68
00e12e8b_2738,11615.71
00e12e8b_2739,11615.73
00e12e8b_2740,11615.71
00e12e8b_2741,11615.69
00e12e8b_2742,11615.65
00e12e8b_2743,11615.63
00e12e8b_2744,11615.62
00e12e8b_2745,11615.62
00e12e8b_2746,11615.63
00e12e8b_2747,11615.65
00e12e8b_2748,11615.65
00e12e8b_2749,11615.67
00e12e8b_2750,11615.64
00e12e8b_2751,11615.64
00e12e8b_2752,11615.62
00e12e8b_2753,11615.6
00e12e8b_2754,11615.57
00e12e8b_2755,11615.56
00e12e8b_2756,11615.57
00e12e8b_2757,11615.56
00e12e8b_2758,11615.54
00e12e8b_2759,11615.55
00e12e8b_2760,11615.54
00e12e8b_2761,11615.54
00e12e8b_2762,11615.54
00e12e8b_2763,11615.53
00e12e8b_2764,11615.52
00e12e8b_2765,11615.45
00e12e8b_2766,11615.42
00e12e8b_2767,11615.43
00e12e8b_2768,11615.46
00e12e8b_2769,11615.5
00e12e8b_2770,11615.56
00e12e8b_2771,11615.64
00e12e8b_2772,11615.72
00e12e8b_2773,11615.79
00e12e8b_2774,11615.86
00e12e8b_2775,11615.93
00e12e8b_2776,11615.95
00e12e8b_2777,11616.0
00e12e8b_2778,11616.02
00e12e8b_2779,11616.04
00e12e8b_2780,11616.02
00e12e8b_2781,11615.96
00e12e8b_2782,11615.98
00e12e8b_2783,11616.0
00e12e8b_2784,11616.01
00e12e8b_2785,11616.01
00e12e8b_2786,11616.03
00e12e8b_2787,11616.04
00e12e8b_2788,11616.08
00e12e8b_2789,11616.07
00e12e8b_2790,11616.09
00e12e8b_2791,11616.09
00e12e8b_2792,11616.07
00e12e8b_2793,11616.08
00e12e8b_2794,11616.08
00e12e8b_2795,11616.07
00e12e8b_2796,11616.05
00e12e8b_2797,11616.02
00e12e8b_2798,11616.01
00e12e8b_2799,11616.0
00e12e8b_2800,11615.97
00e12e8b_2801,11615.92
00e12e8b_2802,11615.92
00e12e8b_2803,11615.9
00e12e8b_2804,11615.86
00e12e8b_2805,11615.83
00e12e8b_2806,11615.85
00e12e8b_2807,11615.83
00e12e8b_2808,11615.83
00e12e8b_2809,11615.84
00e12e8b_2810,11615.82
00e12e8b_2811,11615.82
00e12e8b_2812,11615.82
00e12e8b_2813,11615.82
00e12e8b_2814,11615.79
00e12e8b_2815,11615.8
00e12e8b_2816,11615.81
00e12e8b_2817,11615.79
00e12e8b_2818,11615.76
00e12e8b_2819,11615.71
00e12e8b_2820,11615.64
00e12e8b_2821,11615.59
00e12e8b_2822,11615.53
00e12e8b_2823,11615.46
00e12e8b_2824,11615.39
00e12e8b_2825,11615.34
00e12e8b_2826,11615.28
00e12e8b_2827,11615.27
00e12e8b_2828,11615.24
00e12e8b_2829,11615.22
00e12e8b_2830,11615.21
00e12e8b_2831,11615.24
00e12e8b_2832,11615.26
00e12e8b_2833,11615.21
00e12e8b_2834,11615.18
00e12e8b_2835,11615.16
00e12e8b_2836,11615.14
00e12e8b_2837,11615.16
00e12e8b_2838,11615.19
00e12e8b_2839,11615.22
00e12e8b_2840,11615.27
00e12e8b_2841,11615.35
00e12e8b_2842,11615.43
00e12e8b_2843,11615.51
00e12e8b_2844,11615.58
00e12e8b_2845,11615.64
00e12e8b_2846,11615.68
00e12e8b_2847,11615.72
00e12e8b_2848,11615.73
00e12e8b_2849,11615.7
00e12e8b_2850,11615.69
00e12e8b_2851,11615.64
00e12e8b_2852,11615.59
00e12e8b_2853,11615.55
00e12e8b_2854,11615.46
00e12e8b_2855,11615.38
00e12e8b_2856,11615.29
00e12e8b_2857,11615.23
00e12e8b_2858,11615.15
00e12e8b_2859,11615.08
00e12e8b_2860,11615.03
00e12e8b_2861,11615.03
00e12e8b_2862,11615.01
00e12e8b_2863,11615.0
00e12e8b_2864,11615.01
00e12e8b_2865,11614.98
00e12e8b_2866,11614.96
00e12e8b_2867,11614.94
00e12e8b_2868,11614.9
00e12e8b_2869,11614.88
00e12e8b_2870,11614.84
00e12e8b_2871,11614.74
00e12e8b_2872,11614.71
00e12e8b_2873,11614.71
00e12e8b_2874,11614.74
00e12e8b_2875,11614.8
00e12e8b_2876,11614.92
00e12e8b_2877,11615.03
00e12e8b_2878,11615.15
00e12e8b_2879,11615.27
00e12e8b_2880,11615.41
00e12e8b_2881,11615.48
00e12e8b_2882,11615.59
00e12e8b_2883,11615.65
00e12e8b_2884,11615.69
00e12e8b_2885,11615.69
00e12e8b_2886,11615.68
00e12e8b_2887,11615.62
00e12e8b_2888,11615.61
00e12e8b_2889,11615.6
00e12e8b_2890,11615.61
00e12e8b_2891,11615.61
00e12e8b_2892,11615.63
00e12e8b_2893,11615.61
00e12e8b_2894,11615.65
00e12e8b_2895,11615.66
00e12e8b_2896,11615.67
00e12e8b_2897,11615.66
00e12e8b_2898,11615.7
00e12e8b_2899,11615.7
00e12e8b_2900,11615.7
00e12e8b_2901,11615.7
00e12e8b_2902,11615.72
00e12e8b_2903,11615.7
00e12e8b_2904,11615.67
00e12e8b_2905,11615.67
00e12e8b_2906,11615.63
00e12e8b_2907,11615.64
00e12e8b_2908,11615.61
00e12e8b_2909,11615.62
00e12e8b_2910,11615.62
00e12e8b_2911,11615.65
00e12e8b_2912,11615.66
00e12e8b_2913,11615.7
00e12e8b_2914,11615.73
00e12e8b_2915,11615.74
00e12e8b_2916,11615.78
00e12e8b_2917,11615.81
00e12e8b_2918,11615.81
00e12e8b_2919,11615.82
00e12e8b_2920,11615.86
00e12e8b_2921,11615.86
00e12e8b_2922,11615.86
00e12e8b_2923,11615.84
00e12e8b_2924,11615.77
00e12e8b_2925,11615.72
00e12e8b_2926,11615.63
00e12e8b_2927,11615.56
00e12e8b_2928,11615.46
00e12e8b_2929,11615.41
00e12e8b_2930,11615.31
00e12e8b_2931,11615.24
00e12e8b_2932,11615.2
00e12e8b_2933,11615.13
00e12e8b_2934,11615.12
00e12e8b_2935,11615.14
00e12e8b_2936,11615.16
00e12e8b_2937,11615.19
00e12e8b_2938,11615.22
00e12e8b_2939,11615.21
00e12e8b_2940,11615.22
00e12e8b_2941,11615.22
00e12e8b_2942,11615.22
00e12e8b_2943,11615.22
00e12e8b_2944,11615.23
00e12e8b_2945,11615.17
00e12e8b_2946,11615.09
00e12e8b_2947,11615.04
00e12e8b_2948,11615.0
00e12e8b_2949,11614.98
00e12e8b_2950,11614.95
00e12e8b_2951,11614.95
00e12e8b_2952,11614.94
00e12e8b_2953,11614.96
00e12e8b_2954,11614.98
00e12e8b_2955,11615.0
00e12e8b_2956,11615.01
00e12e8b_2957,11615.05
00e12e8b_2958,11615.08
00e12e8b_2959,11615.11
00e12e8b_2960,11615.11
00e12e8b_2961,11615.08
00e12e8b_2962,11615.08
00e12e8b_2963,11615.08
00e12e8b_2964,11615.11
00e12e8b_2965,11615.11
00e12e8b_2966,11615.11
00e12e8b_2967,11615.13
00e12e8b_2968,11615.16
00e12e8b_2969,11615.17
00e12e8b_2970,11615.16
00e12e8b_2971,11615.17
00e12e8b_2972,11615.19
00e12e8b_2973,11615.2
00e12e8b_2974,11615.19
00e12e8b_2975,11615.16
00e12e8b_2976,11615.11
00e12e8b_2977,11614.99
00e12e8b_2978,11614.89
00e12e8b_2979,11614.85
00e12e8b_2980,11614.85
00e12e8b_2981,11614.87
00e12e8b_2982,11614.93
00e12e8b_2983,11615.06
00e12e8b_2984,11615.18
00e12e8b_2985,11615.26
00e12e8b_2986,11615.36
00e12e8b_2987,11615.45
00e12e8b_2988,11615.52
00e12e8b_2989,11615.55
00e12e8b_2990,11615.54
00e12e8b_2991,11615.48
00e12e8b_2992,11615.38
00e12e8b_2993,11615.24
00e12e8b_2994,11615.17
00e12e8b_2995,11615.12
00e12e8b_2996,11615.08
00e12e8b_2997,11615.08
00e12e8b_2998,11615.08
00e12e8b_2999,11615.11
00e12e8b_3000,11615.11
00e12e8b_3001,11615.1
00e12e8b_3002,11615.1
00e12e8b_3003,11615.1
00e12e8b_3004,11615.1
00e12e8b_3005,11615.11
00e12e8b_3006,11615.12
00e12e8b_3007,11615.13
00e12e8b_3008,11615.13
00e12e8b_3009,11615.13
00e12e8b_3010,11615.13
00e12e8b_3011,11615.15
00e12e8b_3012,11615.18
00e12e8b_3013,11615.21
00e12e8b_3014,11615.25
00e12e8b_3015,11615.24
00e12e8b_3016,11615.24
00e12e8b_3017,11615.2
00e12e8b_3018,11615.15
00e12e8b_3019,11615.09
00e12e8b_3020,11615.03
00e12e8b_3021,11614.98
00e12e8b_3022,11614.93
00e12e8b_3023,11614.88
00e12e8b_3024,11614.81
00e12e8b_3025,11614.74
00e12e8b_3026,11614.66
00e12e8b_3027,11614.6
00e12e8b_3028,11614.55
00e12e8b_3029,11614.48
00e12e8b_3030,11614.42
00e12e8b_3031,11614.3
00e12e8b_3032,11614.19
00e12e8b_3033,11614.08
00e12e8b_3034,11614.02
00e12e8b_3035,11613.95
00e12e8b_3036,11613.91
00e12e8b_3037,11613.91
00e12e8b_3038,11613.93
00e12e8b_3039,11613.92
00e12e8b_3040,11613.91
00e12e8b_3041,11613.91
00e12e8b_3042,11613.91
00e12e8b_3043,11613.91
00e12e8b_3044,11613.92
00e12e8b_3045,11613.89
00e12e8b_3046,11613.84
00e12e8b_3047,11613.79
00e12e8b_3048,11613.77
00e12e8b_3049,11613.78
00e12e8b_3050,11613.81
00e12e8b_3051,11613.84
00e12e8b_3052,11613.88
00e12e8b_3053,11613.9
00e12e8b_3054,11613.93
00e12e8b_3055,11613.93
00e12e8b_3056,11613.96
00e12e8b_3057,11613.99
00e12e8b_3058,11614.01
00e12e8b_3059,11614.02
00e12e8b_3060,11614.03
00e12e8b_3061,11614.01
00e12e8b_3062,11613.97
00e12e8b_3063,11613.97
00e12e8b_3064,11613.98
00e12e8b_3065,11614.0
00e12e8b_3066,11614.03
00e12e8b_3067,11614.04
00e12e8b_3068,11614.04
00e12e8b_3069,11614.02
00e12e8b_3070,11614.06
00e12e8b_3071,11614.07
00e12e8b_3072,11614.08
00e12e8b_3073,11614.09
00e12e8b_3074,11614.09
00e12e8b_3075,11614.08
00e12e8b_3076,11614.07
00e12e8b_3077,11614.06
00e12e8b_3078,11614.05
00e12e8b_3079,11614.03
00e12e8b_3080,11614.01
00e12e8b_3081,11613.99
00e12e8b_3082,11613.95
00e12e8b_3083,11613.94
00e12e8b_3084,11613.95
00e12e8b_3085,11613.97
00e12e8b_3086,11614.0
00e12e8b_3087,11614.02
00e12e8b_3088,11614.05
00e12e8b_3089,11614.09
00e12e8b_3090,11614.12
00e12e8b_3091,11614.15
00e12e8b_3092,11614.18
00e12e8b_3093,11614.21
00e12e8b_3094,11614.22
00e12e8b_3095,11614.23
00e12e8b_3096,11614.22
00e12e8b_3097,11614.2
00e12e8b_3098,11614.18
00e12e8b_3099,11614.19
00e12e8b_3100,11614.18
00e12e8b_3101,11614.17
00e12e8b_3102,11614.17
00e12e8b_3103,11614.18
00e12e8b_3104,11614.18
00e12e8b_3105,11614.19
00e12e8b_3106,11614.18
00e12e8b_3107,11614.15
00e12e8b_3108,11614.12
00e12e8b_3109,11614.1
00e12e8b_3110,11614.07
00e12e8b_3111,11614.04
00e12e8b_3112,11614.01
00e12e8b_3113,11614.0
00e12e8b_3114,11613.98
00e12e8b_3115,11613.96
00e12e8b_3116,11613.95
00e12e8b_3117,11613.95
00e12e8b_3118,11613.97
00e12e8b_3119,11614.0
00e12e8b_3120,11614.01
00e12e8b_3121,11614.02
00e12e8b_3122,11614.03
00e12e8b_3123,11614.03
00e12e8b_3124,11614.04
00e12e8b_3125,11614.03
00e12e8b_3126,11614.03
00e12e8b_3127,11614.01
00e12e8b_3128,11613.98
00e12e8b_3129,11613.95
00e12e8b_3130,11613.93
00e12e8b_3131,11613.9
00e12e8b_3132,11613.87
00e12e8b_3133,11613.85
00e12e8b_3134,11613.83
00e12e8b_3135,11613.83
00e12e8b_3136,11613.8
00e12e8b_3137,11613.78
00e12e8b_3138,11613.73
00e12e8b_3139,11613.65
00e12e8b_3140,11613.56
00e12e8b_3141,11613.45
00e12e8b_3142,11613.34
00e12e8b_3143,11613.22
00e12e8b_3144,11613.12
00e12e8b_3145,11613.01
00e12e8b_3146,11612.9
00e12e8b_3147,11612.79
00e12e8b_3148,11612.69
00e12e8b_3149,11612.6
00e12e8b_3150,11612.52
00e12e8b_3151,11612.48
00e12e8b_3152,11612.42
00e12e8b_3153,11612.35
00e12e8b_3154,11612.25
00e12e8b_3155,11612.15
00e12e8b_3156,11612.05
00e12e8b_3157,11611.95
00e12e8b_3158,11611.88
00e12e8b_3159,11611.81
00e12e8b_3160,11611.73
00e12e8b_3161,11611.64
00e12e8b_3162,11611.58
00e12e8b_3163,11611.56
00e12e8b_3164,11611.55
00e12e8b_3165,11611.58
00e12e8b_3166,11611.62
00e12e8b_3167,11611.69
00e12e8b_3168,11611.74
00e12e8b_3169,11611.77
00e12e8b_3170,11611.79
00e12e8b_3171,11611.82
00e12e8b_3172,11611.81
00e12e8b_3173,11611.8
00e12e8b_3174,11611.77
00e12e8b_3175,11611.72
00e12e8b_3176,11611.63
00e12e8b_3177,11611.57
00e12e8b_3178,11611.53
00e12e8b_3179,11611.49
00e12e8b_3180,11611.46
00e12e8b_3181,11611.45
00e12e8b_3182,11611.46
00e12e8b_3183,11611.44
00e12e8b_3184,11611.42
00e12e8b_3185,11611.39
00e12e8b_3186,11611.37
00e12e8b_3187,11611.29
00e12e8b_3188,11611.23
00e12e8b_3189,11611.2
00e12e8b_3190,11611.18
00e12e8b_3191,11611.16
00e12e8b_3192,11611.17
00e12e8b_3193,11611.19
00e12e8b_3194,11611.22
00e12e8b_3195,11611.26
00e12e8b_3196,11611.3
00e12e8b_3197,11611.34
00e12e8b_3198,11611.39
00e12e8b_3199,11611.39
00e12e8b_3200,11611.39
00e12e8b_3201,11611.37
00e12e8b_3202,11611.34
00e12e8b_3203,11611.28
00e12e8b_3204,11611.27
00e12e8b_3205,11611.26
00e12e8b_3206,11611.26
00e12e8b_3207,11611.28
00e12e8b_3208,11611.3
00e12e8b_3209,11611.3
00e12e8b_3210,11611.29
00e12e8b_3211,11611.27
00e12e8b_3212,11611.24
00e12e8b_3213,11611.2
00e12e8b_3214,11611.15
00e12e8b_3215,11611.09
00e12e8b_3216,11611.04
00e12e8b_3217,11611.01
00e12e8b_3218,11610.95
00e12e8b_3219,11610.92
00e12e8b_3220,11610.92
00e12e8b_3221,11610.9
00e12e8b_3222,11610.91
00e12e8b_3223,11610.91
00e12e8b_3224,11610.92
00e12e8b_3225,11610.9
00e12e8b_3226,11610.9
00e12e8b_3227,11610.91
00e12e8b_3228,11610.88
00e12e8b_3229,11610.87
00e12e8b_3230,11610.84
00e12e8b_3231,11610.78
00e12e8b_3232,11610.74
00e12e8b_3233,11610.69
00e12e8b_3234,11610.63
00e12e8b_3235,11610.6
00e12e8b_3236,11610.58
00e12e8b_3237,11610.55
00e12e8b_3238,11610.56
00e12e8b_3239,11610.54
00e12e8b_3240,11610.53
00e12e8b_3241,11610.51
00e12e8b_3242,11610.5
00e12e8b_3243,11610.47
00e12e8b_3244,11610.45
00e12e8b_3245,11610.43
00e12e8b_3246,11610.41
00e12e8b_3247,11610.35
00e12e8b_3248,11610.28
00e12e8b_3249,11610.22
00e12e8b_3250,11610.15
00e12e8b_3251,11610.05
00e12e8b_3252,11609.91
00e12e8b_3253,11609.78
00e12e8b_3254,11609.64
00e12e8b_3255,11609.47
00e12e8b_3256,11609.31
00e12e8b_3257,11609.16
00e12e8b_3258,11609.01
00e12e8b_3259,11608.9
00e12e8b_3260,11608.83
00e12e8b_3261,11608.75
00e12e8b_3262,11608.65
00e12e8b_3263,11608.57
00e12e8b_3264,11608.58
00e12e8b_3265,11608.65
00e12e8b_3266,11608.75
00e12e8b_3267,11608.85
00e12e8b_3268,11609.0
00e12e8b_3269,11609.19
00e12e8b_3270,11609.36
00e12e8b_3271,11609.55
00e12e8b_3272,11609.7
00e12e8b_3273,11609.81
00e12e8b_3274,11609.88
00e12e8b_3275,11609.9
00e12e8b_3276,11609.86
00e12e8b_3277,11609.75
00e12e8b_3278,11609.64
00e12e8b_3279,11609.56
00e12e8b_3280,11609.47
00e12e8b_3281,11609.38
00e12e8b_3282,11609.28
00e12e8b_3283,11609.17
00e12e8b_3284,11609.08
00e12e8b_3285,11608.98
00e12e8b_3286,11608.9
00e12e8b_3287,11608.83
00e12e8b_3288,11608.71
00e12e8b_3289,11608.61
00e12e8b_3290,11608.54
00e12e8b_3291,11608.5
00e12e8b_3292,11608.48
00e12e8b_3293,11608.45
00e12e8b_3294,11608.4
00e12e8b_3295,11608.38
00e12e8b_3296,11608.43
00e12e8b_3297,11608.56
00e12e8b_3298,11608.72
00e12e8b_3299,11608.92
00e12e8b_3300,11609.16
00e12e8b_3301,11609.4
00e12e8b_3302,11609.66
00e12e8b_3303,11609.87
00e12e8b_3304,11610.07
00e12e8b_3305,11610.28
00e12e8b_3306,11610.44
00e12e8b_3307,11610.55
00e12e8b_3308,11610.59
00e12e8b_3309,11610.55
00e12e8b_3310,11610.48
00e12e8b_3311,11610.49
00e12e8b_3312,11610.52
00e12e8b_3313,11610.54
00e12e8b_3314,11610.55
00e12e8b_3315,11610.57
00e12e8b_3316,11610.56
00e12e8b_3317,11610.54
00e12e8b_3318,11610.51
00e12e8b_3319,11610.47
00e12e8b_3320,11610.44
00e12e8b_3321,11610.4
00e12e8b_3322,11610.36
00e12e8b_3323,11610.31
00e12e8b_3324,11610.29
00e12e8b_3325,11610.27
00e12e8b_3326,11610.25
00e12e8b_3327,11610.25
00e12e8b_3328,11610.27
00e12e8b_3329,11610.28
00e12e8b_3330,11610.29
00e12e8b_3331,11610.31
00e12e8b_3332,11610.31
00e12e8b_3333,11610.33
00e12e8b_3334,11610.34
00e12e8b_3335,11610.36
00e12e8b_3336,11610.39
00e12e8b_3337,11610.41
00e12e8b_3338,11610.43
00e12e8b_3339,11610.45
00e12e8b_3340,11610.48
00e12e8b_3341,11610.5
00e12e8b_3342,11610.52
00e12e8b_3343,11610.54
00e12e8b_3344,11610.56
00e12e8b_3345,11610.57
00e12e8b_3346,11610.58
00e12e8b_3347,11610.6
00e12e8b_3348,11610.59
00e12e8b_3349,11610.59
00e12e8b_3350,11610.56
00e12e8b_3351,11610.54
00e12e8b_3352,11610.53
00e12e8b_3353,11610.5
00e12e8b_3354,11610.47
00e12e8b_3355,11610.41
00e12e8b_3356,11610.34
00e12e8b_3357,11610.27
00e12e8b_3358,11610.19
00e12e8b_3359,11610.11
00e12e8b_3360,11610.04
00e12e8b_3361,11609.97
00e12e8b_3362,11609.88
00e12e8b_3363,11609.82
00e12e8b_3364,11609.79
00e12e8b_3365,11609.8
00e12e8b_3366,11609.83
00e12e8b_3367,11609.9
00e12e8b_3368,11610.01
00e12e8b_3369,11610.11
00e12e8b_3370,11610.21
00e12e8b_3371,11610.29
00e12e8b_3372,11610.36
00e12e8b_3373,11610.41
00e12e8b_3374,11610.45
00e12e8b_3375,11610.47
00e12e8b_3376,11610.46
00e12e8b_3377,11610.43
00e12e8b_3378,11610.37
00e12e8b_3379,11610.35
00e12e8b_3380,11610.34
00e12e8b_3381,11610.32
00e12e8b_3382,11610.3
00e12e8b_3383,11610.29
00e12e8b_3384,11610.29
00e12e8b_3385,11610.3
00e12e8b_3386,11610.29
00e12e8b_3387,11610.27
00e12e8b_3388,11610.25
00e12e8b_3389,11610.21
00e12e8b_3390,11610.18
00e12e8b_3391,11610.14
00e12e8b_3392,11610.11
00e12e8b_3393,11610.09
00e12e8b_3394,11610.08
00e12e8b_3395,11610.05
00e12e8b_3396,11610.02
00e12e8b_3397,11609.97
00e12e8b_3398,11609.91
00e12e8b_3399,11609.85
00e12e8b_3400,11609.8
00e12e8b_3401,11609.75
00e12e8b_3402,11609.63
00e12e8b_3403,11609.56
00e12e8b_3404,11609.53
00e12e8b_3405,11609.53
00e12e8b_3406,11609.57
00e12e8b_3407,11609.65
00e12e8b_3408,11609.77
00e12e8b_3409,11609.9
00e12e8b_3410,11610.05
00e12e8b_3411,11610.17
00e12e8b_3412,11610.29
00e12e8b_3413,11610.39
00e12e8b_3414,11610.47
00e12e8b_3415,11610.52
00e12e8b_3416,11610.55
00e12e8b_3417,11610.52
00e12e8b_3418,11610.47
00e12e8b_3419,11610.47
00e12e8b_3420,11610.47
00e12e8b_3421,11610.47
00e12e8b_3422,11610.48
00e12e8b_3423,11610.47
00e12e8b_3424,11610.46
00e12e8b_3425,11610.45
00e12e8b_3426,11610.42
00e12e8b_3427,11610.39
00e12e8b_3428,11610.36
00e12e8b_3429,11610.31
00e12e8b_3430,11610.27
00e12e8b_3431,11610.22
00e12e8b_3432,11610.16
00e12e8b_3433,11610.13
00e12e8b_3434,11610.12
00e12e8b_3435,11610.12
00e12e8b_3436,11610.12
00e12e8b_3437,11610.13
00e12e8b_3438,11610.17
00e12e8b_3439,11610.18
00e12e8b_3440,11610.19
00e12e8b_3441,11610.23
00e12e8b_3442,11610.25
00e12e8b_3443,11610.27
00e12e8b_3444,11610.27
00e12e8b_3445,11610.27
00e12e8b_3446,11610.27
00e12e8b_3447,11610.25
00e12e8b_3448,11610.24
00e12e8b_3449,11610.24
00e12e8b_3450,11610.26
00e12e8b_3451,11610.27
00e12e8b_3452,11610.25
00e12e8b_3453,11610.24
00e12e8b_3454,11610.23
00e12e8b_3455,11610.2
00e12e8b_3456,11610.18
00e12e8b_3457,11610.18
00e12e8b_3458,11610.13
00e12e8b_3459,11610.07
00e12e8b_3460,11609.99
00e12e8b_3461,11609.94
00e12e8b_3462,11609.85
00e12e8b_3463,11609.79
00e12e8b_3464,11609.68
00e12e8b_3465,11609.6
00e12e8b_3466,11609.6
00e12e8b_3467,11609.59
00e12e8b_3468,11609.61
00e12e8b_3469,11609.66
00e12e8b_3470,11609.71
00e12e8b_3471,11609.83
00e12e8b_3472,11609.93
00e12e8b_3473,11610.01
00e12e8b_3474,11610.07
00e12e8b_3475,11610.11
00e12e8b_3476,11610.15
00e12e8b_3477,11610.17
00e12e8b_3478,11610.14
00e12e8b_3479,11610.07
00e12e8b_3480,11609.93
00e12e8b_3481,11609.84
00e12e8b_3482,11609.78
00e12e8b_3483,11609.68
00e12e8b_3484,11609.6
00e12e8b_3485,11609.53
00e12e8b_3486,11609.49
00e12e8b_3487,11609.49
00e12e8b_3488,11609.44
00e12e8b_3489,11609.41
00e12e8b_3490,11609.39
00e12e8b_3491,11609.38
00e12e8b_3492,11609.39
00e12e8b_3493,11609.39
00e12e8b_3494,11609.4
00e12e8b_3495,11609.37
00e12e8b_3496,11609.36
00e12e8b_3497,11609.32
00e12e8b_3498,11609.3
00e12e8b_3499,11609.25
00e12e8b_3500,11609.2
00e12e8b_3501,11609.17
00e12e8b_3502,11609.16
00e12e8b_3503,11609.14
00e12e8b_3504,11609.15
00e12e8b_3505,11609.13
00e12e8b_3506,11609.1
00e12e8b_3507,11609.04
00e12e8b_3508,11609.01
00e12e8b_3509,11608.98
00e12e8b_3510,11608.82
00e12e8b_3511,11608.69
00e12e8b_3512,11608.57
00e12e8b_3513,11608.47
00e12e8b_3514,11608.41
00e12e8b_3515,11608.36
00e12e8b_3516,11608.34
00e12e8b_3517,11608.38
00e12e8b_3518,11608.48
00e12e8b_3519,11608.6
00e12e8b_3520,11608.74
00e12e8b_3521,11608.82
00e12e8b_3522,11608.87
00e12e8b_3523,11608.91
00e12e8b_3524,11608.92
00e12e8b_3525,11608.86
00e12e8b_3526,11608.71
00e12e8b_3527,11608.66
00e12e8b_3528,11608.61
00e12e8b_3529,11608.55
00e12e8b_3530,11608.5
00e12e8b_3531,11608.44
00e12e8b_3532,11608.4
00e12e8b_3533,11608.37
00e12e8b_3534,11608.36
00e12e8b_3535,11608.34
00e12e8b_3536,11608.32
00e12e8b_3537,11608.3
00e12e8b_3538,11608.26
00e12e8b_3539,11608.28
00e12e8b_3540,11608.25
00e12e8b_3541,11608.21
00e12e8b_3542,11608.17
00e12e8b_3543,11608.13
00e12e8b_3544,11608.1
00e12e8b_3545,11608.03
00e12e8b_3546,11608.0
00e12e8b_3547,11607.91
00e12e8b_3548,11607.82
00e12e8b_3549,11607.72
00e12e8b_3550,11607.65
00e12e8b_3551,11607.58
00e12e8b_3552,11607.52
00e12e8b_3553,11607.46
00e12e8b_3554,11607.42
00e12e8b_3555,11607.4
00e12e8b_3556,11607.35
00e12e8b_3557,11607.31
00e12e8b_3558,11607.28
00e12e8b_3559,11607.25
00e12e8b_3560,11607.25
00e12e8b_3561,11607.24
00e12e8b_3562,11607.23
00e12e8b_3563,11607.21
00e12e8b_3564,11607.2
00e12e8b_3565,11607.21
00e12e8b_3566,11607.17
00e12e8b_3567,11607.18
00e12e8b_3568,11607.2
00e12e8b_3569,11607.21
00e12e8b_3570,11607.24
00e12e8b_3571,11607.26
00e12e8b_3572,11607.28
00e12e8b_3573,11607.3
00e12e8b_3574,11607.3
00e12e8b_3575,11607.31
00e12e8b_3576,11607.31
00e12e8b_3577,11607.31
00e12e8b_3578,11607.32
00e12e8b_3579,11607.3
00e12e8b_3580,11607.27
00e12e8b_3581,11607.22
00e12e8b_3582,11607.13
00e12e8b_3583,11607.1
00e12e8b_3584,11607.05
00e12e8b_3585,11607.03
00e12e8b_3586,11606.99
00e12e8b_3587,11606.93
00e12e8b_3588,11606.85
00e12e8b_3589,11606.76
00e12e8b_3590,11606.67
00e12e8b_3591,11606.58
00e12e8b_3592,11606.45
00e12e8b_3593,11606.34
00e12e8b_3594,11606.24
00e12e8b_3595,11606.1
00e12e8b_3596,11605.96
00e12e8b_3597,11605.82
00e12e8b_3598,11605.71
00e12e8b_3599,11605.62
00e12e8b_3600,11605.57
00e12e8b_3601,11605.55
00e12e8b_3602,11605.52
00e12e8b_3603,11605.5
00e12e8b_3604,11605.48
00e12e8b_3605,11605.47
00e12e8b_3606,11605.48
00e12e8b_3607,11605.46
00e12e8b_3608,11605.42
00e12e8b_3609,11605.4
00e12e8b_3610,11605.37
00e12e8b_3611,11605.33
00e12e8b_3612,11605.28
00e12e8b_3613,11605.24
00e12e8b_3614,11605.21
00e12e8b_3615,11605.18
00e12e8b_3616,11605.14
00e12e8b_3617,11605.06
00e12e8b_3618,11605.01
00e12e8b_3619,11604.98
00e12e8b_3620,11604.98
00e12e8b_3621,11605.03
00e12e8b_3622,11605.08
00e12e8b_3623,11605.12
00e12e8b_3624,11605.19
00e12e8b_3625,11605.31
00e12e8b_3626,11605.44
00e12e8b_3627,11605.56
00e12e8b_3628,11605.68
00e12e8b_3629,11605.79
00e12e8b_3630,11605.87
00e12e8b_3631,11605.91
00e12e8b_3632,11605.92
00e12e8b_3633,11605.89
00e12e8b_3634,11605.88
00e12e8b_3635,11605.86
00e12e8b_3636,11605.86
00e12e8b_3637,11605.86
00e12e8b_3638,11605.85
00e12e8b_3639,11605.85
00e12e8b_3640,11605.88
00e12e8b_3641,11605.94
00e12e8b_3642,11605.98
00e12e8b_3643,11606.01
00e12e8b_3644,11606.04
00e12e8b_3645,11606.05
00e12e8b_3646,11606.05
00e12e8b_3647,11606.04
00e12e8b_3648,11606.0
00e12e8b_3649,11605.94
00e12e8b_3650,11605.9
00e12e8b_3651,11605.85
00e12e8b_3652,11605.82
00e12e8b_3653,11605.77
00e12e8b_3654,11605.71
00e12e8b_3655,11605.66
00e12e8b_3656,11605.6
00e12e8b_3657,11605.56
00e12e8b_3658,11605.53
00e12e8b_3659,11605.51
00e12e8b_3660,11605.47
00e12e8b_3661,11605.43
00e12e8b_3662,11605.39
00e12e8b_3663,11605.35
00e12e8b_3664,11605.3
00e12e8b_3665,11605.25
00e12e8b_3666,11605.2
00e12e8b_3667,11605.11
00e12e8b_3668,11605.04
00e12e8b_3669,11604.93
00e12e8b_3670,11604.8
00e12e8b_3671,11604.71
00e12e8b_3672,11604.66
00e12e8b_3673,11604.65
00e12e8b_3674,11604.57
00e12e8b_3675,11604.5
00e12e8b_3676,11604.52
00e12e8b_3677,11604.62
00e12e8b_3678,11604.79
00e12e8b_3679,11605.02
00e12e8b_3680,11605.27
00e12e8b_3681,11605.55
00e12e8b_3682,11605.8
00e12e8b_3683,11606.17
00e12e8b_3684,11606.44
00e12e8b_3685,11606.61
00e12e8b_3686,11606.65
00e12e8b_3687,11606.68
00e12e8b_3688,11606.58
00e12e8b_3689,11606.34
00e12e8b_3690,11605.96
00e12e8b_3691,11605.6
00e12e8b_3692,11605.28
00e12e8b_3693,11604.98
00e12e8b_3694,11604.71
00e12e8b_3695,11604.37
00e12e8b_3696,11604.28
00e12e8b_3697,11604.13
00e12e8b_3698,11604.25
00e12e8b_3699,11604.32
00e12e8b_3700,11604.33
00e12e8b_3701,11604.41
00e12e8b_3702,11604.63
00e12e8b_3703,11604.82
00e12e8b_3704,11604.92
00e12e8b_3705,11604.97
00e12e8b_3706,11604.94
00e12e8b_3707,11604.9
00e12e8b_3708,11604.78
00e12e8b_3709,11604.61
00e12e8b_3710,11604.4
00e12e8b_3711,11604.12
00e12e8b_3712,11604.0
00e12e8b_3713,11603.74
00e12e8b_3714,11603.63
00e12e8b_3715,11603.38
00e12e8b_3716,11603.29
00e12e8b_3717,11603.28
00e12e8b_3718,11603.36
00e12e8b_3719,11603.34
00e12e8b_3720,11603.32
00e12e8b_3721,11603.3
00e12e8b_3722,11603.27
00e12e8b_3723,11603.28
00e12e8b_3724,11603.26
00e12e8b_3725,11603.21
00e12e8b_3726,11603.18
00e12e8b_3727,11603.16
00e12e8b_3728,11603.15
00e12e8b_3729,11603.15
00e12e8b_3730,11603.15
00e12e8b_3731,11603.17
00e12e8b_3732,11603.17
00e12e8b_3733,11603.18
00e12e8b_3734,11603.19
00e12e8b_3735,11603.19
00e12e8b_3736,11603.18
00e12e8b_3737,11603.16
00e12e8b_3738,11603.14
00e12e8b_3739,11603.14
00e12e8b_3740,11603.09
00e12e8b_3741,11603.06
00e12e8b_3742,11603.06
00e12e8b_3743,11603.04
00e12e8b_3744,11603.0
00e12e8b_3745,11602.98
00e12e8b_3746,11602.95
00e12e8b_3747,11602.88
00e12e8b_3748,11602.8
00e12e8b_3749,11602.71
00e12e8b_3750,11602.61
00e12e8b_3751,11602.49
00e12e8b_3752,11602.35
00e12e8b_3753,11602.23
00e12e8b_3754,11602.13
00e12e8b_3755,11602.06
00e12e8b_3756,11601.96
00e12e8b_3757,11601.87
00e12e8b_3758,11601.78
00e12e8b_3759,11601.69
00e12e8b_3760,11601.61
00e12e8b_3761,11601.54
00e12e8b_3762,11601.48
00e12e8b_3763,11601.4
00e12e8b_3764,11601.36
00e12e8b_3765,11601.3
00e12e8b_3766,11601.26
00e12e8b_3767,11601.22
00e12e8b_3768,11601.19
00e12e8b_3769,11601.18
00e12e8b_3770,11601.21
00e12e8b_3771,11601.21
00e12e8b_3772,11601.19
00e12e8b_3773,11601.16
00e12e8b_3774,11601.13
00e12e8b_3775,11601.13
00e12e8b_3776,11601.12
00e12e8b_3777,11601.09
00e12e8b_3778,11601.06
00e12e8b_3779,11601.03
00e12e8b_3780,11600.98
00e12e8b_3781,11600.94
00e12e8b_3782,11600.89
00e12e8b_3783,11600.84
00e12e8b_3784,11600.8
00e12e8b_3785,11600.76
00e12e8b_3786,11600.73
00e12e8b_3787,11600.69
00e12e8b_3788,11600.65
00e12e8b_3789,11600.6
00e12e8b_3790,11600.57
00e12e8b_3791,11600.54
00e12e8b_3792,11600.48
00e12e8b_3793,11600.42
00e12e8b_3794,11600.36
00e12e8b_3795,11600.28
00e12e8b_3796,11600.2
00e12e8b_3797,11600.14
00e12e8b_3798,11600.07
00e12e8b_3799,11600.03
00e12e8b_3800,11599.99
00e12e8b_3801,11599.96
00e12e8b_3802,11599.94
00e12e8b_3803,11599.9
00e12e8b_3804,11599.86
00e12e8b_3805,11599.82
00e12e8b_3806,11599.77
00e12e8b_3807,11599.71
00e12e8b_3808,11599.66
00e12e8b_3809,11599.6
00e12e8b_3810,11599.54
00e12e8b_3811,11599.49
00e12e8b_3812,11599.42
00e12e8b_3813,11599.36
00e12e8b_3814,11599.29
00e12e8b_3815,11599.22
00e12e8b_3816,11599.15
00e12e8b_3817,11599.09
00e12e8b_3818,11599.02
00e12e8b_3819,11598.96
00e12e8b_3820,11598.9
00e12e8b_3821,11598.86
00e12e8b_3822,11598.83
00e12e8b_3823,11598.82
00e12e8b_3824,11598.81
00e12e8b_3825,11598.82
00e12e8b_3826,11598.83
00e12e8b_3827,11598.86
00e12e8b_3828,11598.86
00e12e8b_3829,11598.86
00e12e8b_3830,11598.85
00e12e8b_3831,11598.84
00e12e8b_3832,11598.83
00e12e8b_3833,11598.79
00e12e8b_3834,11598.77
00e12e8b_3835,11598.75
00e12e8b_3836,11598.74
00e12e8b_3837,11598.73
00e12e8b_3838,11598.73
00e12e8b_3839,11598.74
00e12e8b_3840,11598.75
00e12e8b_3841,11598.77
00e12e8b_3842,11598.8
00e12e8b_3843,11598.83
00e12e8b_3844,11598.84
00e12e8b_3845,11598.85
00e12e8b_3846,11598.85
00e12e8b_3847,11598.84
00e12e8b_3848,11598.81
00e12e8b_3849,11598.77
00e12e8b_3850,11598.74
00e12e8b_3851,11598.72
00e12e8b_3852,11598.68
00e12e8b_3853,11598.64
00e12e8b_3854,11598.59
00e12e8b_3855,11598.55
00e12e8b_3856,11598.51
00e12e8b_3857,11598.48
00e12e8b_3858,11598.45
00e12e8b_3859,11598.41
00e12e8b_3860,11598.39
00e12e8b_3861,11598.37
00e12e8b_3862,11598.35
00e12e8b_3863,11598.33
00e12e8b_3864,11598.3
00e12e8b_3865,11598.28
00e12e8b_3866,11598.27
00e12e8b_3867,11598.25
00e12e8b_3868,11598.25
00e12e8b_3869,11598.24
00e12e8b_3870,11598.22
00e12e8b_3871,11598.2
00e12e8b_3872,11598.18
00e12e8b_3873,11598.15
00e12e8b_3874,11598.1
00e12e8b_3875,11598.06
00e12e8b_3876,11597.99
00e12e8b_3877,11597.95
00e12e8b_3878,11597.93
00e12e8b_3879,11597.93
00e12e8b_3880,11597.95
00e12e8b_3881,11597.99
00e12e8b_3882,11598.04
00e12e8b_3883,11598.11
00e12e8b_3884,11598.18
00e12e8b_3885,11598.25
00e12e8b_3886,11598.3
00e12e8b_3887,11598.36
00e12e8b_3888,11598.39
00e12e8b_3889,11598.38
00e12e8b_3890,11598.35
00e12e8b_3891,11598.3
00e12e8b_3892,11598.22
00e12e8b_3893,11598.18
00e12e8b_3894,11598.15
00e12e8b_3895,11598.11
00e12e8b_3896,11598.08
00e12e8b_3897,11598.05
00e12e8b_3898,11598.01
00e12e8b_3899,11597.97
00e12e8b_3900,11597.93
00e12e8b_3901,11597.91
00e12e8b_3902,11597.89
00e12e8b_3903,11597.89
00e12e8b_3904,11597.85
00e12e8b_3905,11597.79
00e12e8b_3906,11597.75
00e12e8b_3907,11597.69
00e12e8b_3908,11597.62
00e12e8b_3909,11597.57
00e12e8b_3910,11597.51
00e12e8b_3911,11597.47
00e12e8b_3912,11597.44
00e12e8b_3913,11597.42
00e12e8b_3914,11597.4
00e12e8b_3915,11597.39
00e12e8b_3916,11597.41
00e12e8b_3917,11597.44
00e12e8b_3918,11597.48
00e12e8b_3919,11597.51
00e12e8b_3920,11597.53
00e12e8b_3921,11597.55
00e12e8b_3922,11597.57
00e12e8b_3923,11597.57
00e12e8b_3924,11597.55
00e12e8b_3925,11597.57
00e12e8b_3926,11597.54
00e12e8b_3927,11597.53
00e12e8b_3928,11597.5
00e12e8b_3929,11597.47
00e12e8b_3930,11597.43
00e12e8b_3931,11597.39
00e12e8b_3932,11597.35
00e12e8b_3933,11597.3
00e12e8b_3934,11597.24
00e12e8b_3935,11597.18
00e12e8b_3936,11597.14
00e12e8b_3937,11597.1
00e12e8b_3938,11597.07
00e12e8b_3939,11597.03
00e12e8b_3940,11597.01
00e12e8b_3941,11596.95
00e12e8b_3942,11596.9
00e12e8b_3943,11596.92
00e12e8b_3944,11596.96
00e12e8b_3945,11597.0
00e12e8b_3946,11597.05
00e12e8b_3947,11597.1
00e12e8b_3948,11597.13
00e12e8b_3949,11597.16
00e12e8b_3950,11597.18
00e12e8b_3951,11597.2
00e12e8b_3952,11597.2
00e12e8b_3953,11597.17
00e12e8b_3954,11597.15
00e12e8b_3955,11597.07
00e12e8b_3956,11596.98
00e12e8b_3957,11596.85
00e12e8b_3958,11596.81
00e12e8b_3959,11596.78
00e12e8b_3960,11596.73
00e12e8b_3961,11596.68
00e12e8b_3962,11596.65
00e12e8b_3963,11596.61
00e12e8b_3964,11596.58
00e12e8b_3965,11596.55
00e12e8b_3966,11596.51
00e12e8b_3967,11596.49
00e12e8b_3968,11596.47
00e12e8b_3969,11596.44
00e12e8b_3970,11596.39
00e12e8b_3971,11596.31
00e12e8b_3972,11596.23
00e12e8b_3973,11596.14
00e12e8b_3974,11596.05
00e12e8b_3975,11595.95
00e12e8b_3976,11595.85
00e12e8b_3977,11595.76
00e12e8b_3978,11595.61
00e12e8b_3979,11595.49
00e12e8b_3980,11595.44
00e12e8b_3981,11595.47
00e12e8b_3982,11595.54
00e12e8b_3983,11595.66
00e12e8b_3984,11595.76
00e12e8b_3985,11595.87
00e12e8b_3986,11595.96
00e12e8b_3987,11596.03
00e12e8b_3988,11596.09
00e12e8b_3989,11596.13
00e12e8b_3990,11596.14
00e12e8b_3991,11596.12
00e12e8b_3992,11596.06
00e12e8b_3993,11595.98
00e12e8b_3994,11595.83
00e12e8b_3995,11595.76
00e12e8b_3996,11595.72
00e12e8b_3997,11595.69
00e12e8b_3998,11595.64
00e12e8b_3999,11595.59
00e12e8b_4000,11595.53
00e12e8b_4001,11595.48
00e12e8b_4002,11595.42
00e12e8b_4003,11595.38
00e12e8b_4004,11595.34
00e12e8b_4005,11595.32
00e12e8b_4006,11595.3
00e12e8b_4007,11595.29
00e12e8b_4008,11595.27
00e12e8b_4009,11595.28
00e12e8b_4010,11595.26
00e12e8b_4011,11595.25
00e12e8b_4012,11595.23
00e12e8b_4013,11595.18
00e12e8b_4014,11595.13
00e12e8b_4015,11595.07
00e12e8b_4016,11594.98
00e12e8b_4017,11594.9
00e12e8b_4018,11594.81
00e12e8b_4019,11594.72
00e12e8b_4020,11594.64
00e12e8b_4021,11594.54
00e12e8b_4022,11594.43
00e12e8b_4023,11594.3
00e12e8b_4024,11594.18
00e12e8b_4025,11594.05
00e12e8b_4026,11593.92
00e12e8b_4027,11593.82
00e12e8b_4028,11593.72
00e12e8b_4029,11593.62
00e12e8b_4030,11593.53
00e12e8b_4031,11593.46
00e12e8b_4032,11593.39
00e12e8b_4033,11593.36
00e12e8b_4034,11593.33
00e12e8b_4035,11593.32
00e12e8b_4036,11593.33
00e12e8b_4037,11593.34
00e12e8b_4038,11593.34
00e12e8b_4039,11593.33
00e12e8b_4040,11593.31
00e12e8b_4041,11593.29
00e12e8b_4042,11593.27
00e12e8b_4043,11593.25
00e12e8b_4044,11593.19
00e12e8b_4045,11593.13
00e12e8b_4046,11593.06
00e12e8b_4047,11592.94
00e12e8b_4048,11592.86
00e12e8b_4049,11592.82
00e12e8b_4050,11592.78
00e12e8b_4051,11592.76
00e12e8b_4052,11592.77
00e12e8b_4053,11592.8
00e12e8b_4054,11592.82
00e12e8b_4055,11592.82
00e12e8b_4056,11592.82
00e12e8b_4057,11592.81
00e12e8b_4058,11592.79
00e12e8b_4059,11592.77
00e12e8b_4060,11592.73
00e12e8b_4061,11592.68
00e12e8b_4062,11592.62
00e12e8b_4063,11592.54
00e12e8b_4064,11592.53
00e12e8b_4065,11592.5
00e12e8b_4066,11592.47
00e12e8b_4067,11592.45
00e12e8b_4068,11592.45
00e12e8b_4069,11592.44
00e12e8b_4070,11592.43
00e12e8b_4071,11592.41
00e12e8b_4072,11592.37
00e12e8b_4073,11592.31
00e12e8b_4074,11592.25
00e12e8b_4075,11592.19
00e12e8b_4076,11592.11
00e12e8b_4077,11592.05
00e12e8b_4078,11591.98
00e12e8b_4079,11591.91
00e12e8b_4080,11591.82
00e12e8b_4081,11591.65
00e12e8b_4082,11591.56
00e12e8b_4083,11591.52
00e12e8b_4084,11591.51
00e12e8b_4085,11591.55
00e12e8b_4086,11591.63
00e12e8b_4087,11591.72
00e12e8b_4088,11591.82
00e12e8b_4089,11591.94
00e12e8b_4090,11592.05
00e12e8b_4091,11592.16
00e12e8b_4092,11592.24
00e12e8b_4093,11592.29
00e12e8b_4094,11592.28
00e12e8b_4095,11592.25
00e12e8b_4096,11592.16
00e12e8b_4097,11592.04
00e12e8b_4098,11591.98
00e12e8b_4099,11591.89
00e12e8b_4100,11591.81
00e12e8b_4101,11591.75
00e12e8b_4102,11591.69
00e12e8b_4103,11591.65
00e12e8b_4104,11591.63
00e12e8b_4105,11591.6
00e12e8b_4106,11591.57
00e12e8b_4107,11591.57
00e12e8b_4108,11591.54
00e12e8b_4109,11591.52
00e12e8b_4110,11591.53
00e12e8b_4111,11591.54
00e12e8b_4112,11591.56
00e12e8b_4113,11591.59
00e12e8b_4114,11591.62
00e12e8b_4115,11591.61
00e12e8b_4116,11591.61
00e12e8b_4117,11591.61
00e12e8b_4118,11591.57
00e12e8b_4119,11591.57
00e12e8b_4120,11591.56
00e12e8b_4121,11591.53
00e12e8b_4122,11591.5
00e12e8b_4123,11591.49
00e12e8b_4124,11591.42
00e12e8b_4125,11591.36
00e12e8b_4126,11591.31
00e12e8b_4127,11591.25
00e12e8b_4128,11591.21
00e12e8b_4129,11591.13
00e12e8b_4130,11591.04
00e12e8b_4131,11590.96
00e12e8b_4132,11590.87
00e12e8b_4133,11590.8
00e12e8b_4134,11590.77
00e12e8b_4135,11590.76
00e12e8b_4136,11590.74
00e12e8b_4137,11590.71
00e12e8b_4138,11590.7
00e12e8b_4139,11590.69
00e12e8b_4140,11590.67
00e12e8b_4141,11590.67
00e12e8b_4142,11590.65
00e12e8b_4143,11590.65
00e12e8b_4144,11590.66
00e12e8b_4145,11590.63
00e12e8b_4146,11590.62
00e12e8b_4147,11590.62
00e12e8b_4148,11590.58
00e12e8b_4149,11590.57
00e12e8b_4150,11590.59
00e12e8b_4151,11590.59
00e12e8b_4152,11590.57
00e12e8b_4153,11590.54
00e12e8b_4154,11590.56
00e12e8b_4155,11590.55
00e12e8b_4156,11590.54
00e12e8b_4157,11590.54
00e12e8b_4158,11590.53
00e12e8b_4159,11590.57
00e12e8b_4160,11590.6
00e12e8b_4161,11590.62
00e12e8b_4162,11590.62
00e12e8b_4163,11590.59
00e12e8b_4164,11590.58
00e12e8b_4165,11590.58
00e12e8b_4166,11590.58
00e12e8b_4167,11590.59
00e12e8b_4168,11590.59
00e12e8b_4169,11590.61
00e12e8b_4170,11590.65
00e12e8b_4171,11590.66
00e12e8b_4172,11590.66
00e12e8b_4173,11590.64
00e12e8b_4174,11590.63
00e12e8b_4175,11590.63
00e12e8b_4176,11590.64
00e12e8b_4177,11590.65
00e12e8b_4178,11590.65
00e12e8b_4179,11590.64
00e12e8b_4180,11590.63
00e12e8b_4181,11590.62
00e12e8b_4182,11590.61
00e12e8b_4183,11590.62
00e12e8b_4184,11590.64
00e12e8b_4185,11590.64
00e12e8b_4186,11590.64
00e12e8b_4187,11590.57
00e12e8b_4188,11590.51
00e12e8b_4189,11590.47
00e12e8b_4190,11590.46
00e12e8b_4191,11590.49
00e12e8b_4192,11590.55
00e12e8b_4193,11590.62
00e12e8b_4194,11590.69
00e12e8b_4195,11590.78
00e12e8b_4196,11590.87
00e12e8b_4197,11590.96
00e12e8b_4198,11591.04
00e12e8b_4199,11591.12
00e12e8b_4200,11591.17
00e12e8b_4201,11591.2
00e12e8b_4202,11591.19
00e12e8b_4203,11591.16
00e12e8b_4204,11591.15
00e12e8b_4205,11591.12
00e12e8b_4206,11591.11
00e12e8b_4207,11591.11
00e12e8b_4208,11591.12
00e12e8b_4209,11591.13
00e12e8b_4210,11591.16
00e12e8b_4211,11591.18
00e12e8b_4212,11591.21
00e12e8b_4213,11591.24
00e12e8b_4214,11591.29
00e12e8b_4215,11591.33
00e12e8b_4216,11591.37
00e12e8b_4217,11591.4
00e12e8b_4218,11591.43
00e12e8b_4219,11591.44
00e12e8b_4220,11591.45
00e12e8b_4221,11591.43
00e12e8b_4222,11591.43
00e12e8b_4223,11591.44
00e12e8b_4224,11591.43
00e12e8b_4225,11591.43
00e12e8b_4226,11591.41
00e12e8b_4227,11591.4
00e12e8b_4228,11591.4
00e12e8b_4229,11591.39
00e12e8b_4230,11591.4
00e12e8b_4231,11591.4
00e12e8b_4232,11591.4
00e12e8b_4233,11591.4
00e12e8b_4234,11591.39
00e12e8b_4235,11591.39
00e12e8b_4236,11591.37
00e12e8b_4237,11591.35
00e12e8b_4238,11591.33
00e12e8b_4239,11591.31
00e12e8b_4240,11591.28
00e12e8b_4241,11591.25
00e12e8b_4242,11591.22
00e12e8b_4243,11591.2
00e12e8b_4244,11591.19
00e12e8b_4245,11591.18
00e12e8b_4246,11591.18
00e12e8b_4247,11591.17
00e12e8b_4248,11591.17
00e12e8b_4249,11591.15
00e12e8b_4250,11591.15
00e12e8b_4251,11591.16
00e12e8b_4252,11591.18
00e12e8b_4253,11591.21
00e12e8b_4254,11591.25
00e12e8b_4255,11591.3
00e12e8b_4256,11591.35
00e12e8b_4257,11591.4
00e12e8b_4258,11591.41
00e12e8b_4259,11591.46
00e12e8b_4260,11591.53
00e12e8b_4261,11591.61
00e12e8b_4262,11591.69
00e12e8b_4263,11591.77
00e12e8b_4264,11591.85
00e12e8b_4265,11591.92
00e12e8b_4266,11592.01
00e12e8b_4267,11592.1
00e12e8b_4268,11592.18
00e12e8b_4269,11592.26
00e12e8b_4270,11592.31
00e12e8b_4271,11592.35
00e12e8b_4272,11592.37
00e12e8b_4273,11592.36
00e12e8b_4274,11592.31
00e12e8b_4275,11592.33
00e12e8b_4276,11592.33
00e12e8b_4277,11592.34
00e12e8b_4278,11592.34
00e12e8b_4279,11592.35
00e12e8b_4280,11592.35
00e12e8b_4281,11592.34
00e12e8b_4282,11592.33
00e12e8b_4283,11592.34
00e12e8b_4284,11592.36
00e12e8b_4285,11592.39
00e12e8b_4286,11592.41
00e12e8b_4287,11592.46
00e12e8b_4288,11592.51
00e12e8b_4289,11592.55
00e12e8b_4290,11592.59
00e12e8b_4291,11592.64
00e12e8b_4292,11592.68
00e12e8b_4293,11592.73
00e12e8b_4294,11592.75
00e12e8b_4295,11592.77
00e12e8b_4296,11592.8
00e12e8b_4297,11592.81
00e12e8b_4298,11592.86
00e12e8b_4299,11592.92
00e12e8b_4300,11592.98
00e12e8b_4301,11593.03
00e12e8b_4302,11593.07
00e12e8b_4303,11593.12
00e12e8b_4304,11593.17
00e12e8b_4305,11593.22
00e12e8b_4306,11593.27
00e12e8b_4307,11593.32
00e12e8b_4308,11593.37
00e12e8b_4309,11593.41
00e12e8b_4310,11593.44
00e12e8b_4311,11593.48
00e12e8b_4312,11593.52
00e12e8b_4313,11593.54
00e12e8b_4314,11593.57
00e12e8b_4315,11593.59
00e12e8b_4316,11593.6
00e12e8b_4317,11593.6
00e12e8b_4318,11593.59
00e12e8b_4319,11593.58
00e12e8b_4320,11593.57
00e12e8b_4321,11593.56
00e12e8b_4322,11593.55
00e12e8b_4323,11593.53
00e12e8b_4324,11593.51
00e12e8b_4325,11593.5
00e12e8b_4326,11593.49
00e12e8b_4327,11593.49
00e12e8b_4328,11593.51
00e12e8b_4329,11593.53
00e12e8b_4330,11593.57
00e12e8b_4331,11593.61
00e12e8b_4332,11593.65
00e12e8b_4333,11593.69
00e12e8b_4334,11593.73
00e12e8b_4335,11593.77
00e12e8b_4336,11593.83
00e12e8b_4337,11593.9
00e12e8b_4338,11593.97
00e12e8b_4339,11594.04
00e12e8b_4340,11594.12
00e12e8b_4341,11594.19
00e12e8b_4342,11594.27
00e12e8b_4343,11594.36
00e12e8b_4344,11594.43
00e12e8b_4345,11594.48
00e12e8b_4346,11594.52
00e12e8b_4347,11594.54
00e12e8b_4348,11594.55
00e12e8b_4349,11594.53
00e12e8b_4350,11594.5
00e12e8b_4351,11594.46
00e12e8b_4352,11594.41
00e12e8b_4353,11594.38
00e12e8b_4354,11594.35
00e12e8b_4355,11594.32
00e12e8b_4356,11594.31
00e12e8b_4357,11594.3
00e12e8b_4358,11594.3
00e12e8b_4359,11594.32
00e12e8b_4360,11594.32
00e12e8b_4361,11594.34
00e12e8b_4362,11594.36
00e12e8b_4363,11594.39
00e12e8b_4364,11594.39
00e12e8b_4365,11594.38
00e12e8b_4366,11594.39
00e12e8b_4367,11594.41
00e12e8b_4368,11594.45
00e12e8b_4369,11594.51
00e12e8b_4370,11594.56
00e12e8b_4371,11594.63
00e12e8b_4372,11594.7
00e12e8b_4373,11594.76
00e12e8b_4374,11594.82
00e12e8b_4375,11594.87
00e12e8b_4376,11594.91
00e12e8b_4377,11594.94
00e12e8b_4378,11594.95
00e12e8b_4379,11594.98
00e12e8b_4380,11594.98
00e12e8b_4381,11595.01
00e12e8b_4382,11595.05
00e12e8b_4383,11595.08
00e12e8b_4384,11595.11
00e12e8b_4385,11595.13
00e12e8b_4386,11595.16
00e12e8b_4387,11595.23
00e12e8b_4388,11595.29
00e12e8b_4389,11595.37
00e12e8b_4390,11595.44
00e12e8b_4391,11595.51
00e12e8b_4392,11595.59
00e12e8b_4393,11595.65
00e12e8b_4394,11595.73
00e12e8b_4395,11595.82
00e12e8b_4396,11595.9
00e12e8b_4397,11595.96
00e12e8b_4398,11596.0
00e12e8b_4399,11596.02
00e12e8b_4400,11595.98
00e12e8b_4401,11595.95
00e12e8b_4402,11595.99
00e12e8b_4403,11596.04
00e12e8b_4404,11596.12
00e12e8b_4405,11596.21
00e12e8b_4406,11596.32
00e12e8b_4407,11596.46
00e12e8b_4408,11596.63
00e12e8b_4409,11596.79
00e12e8b_4410,11596.95
00e12e8b_4411,11597.11
00e12e8b_4412,11597.29
00e12e8b_4413,11597.42
00e12e8b_4414,11597.5
00e12e8b_4415,11597.54
00e12e8b_4416,11597.51
00e12e8b_4417,11597.51
00e12e8b_4418,11597.5
00e12e8b_4419,11597.47
00e12e8b_4420,11597.43
00e12e8b_4421,11597.38
00e12e8b_4422,11597.35
00e12e8b_4423,11597.33
00e12e8b_4424,11597.32
00e12e8b_4425,11597.27
00e12e8b_4426,11597.24
00e12e8b_4427,11597.24
00e12e8b_4428,11597.27
00e12e8b_4429,11597.27
00e12e8b_4430,11597.27
00e12e8b_4431,11597.28
00e12e8b_4432,11597.3
00e12e8b_4433,11597.33
00e12e8b_4434,11597.36
00e12e8b_4435,11597.4
00e12e8b_4436,11597.42
00e12e8b_4437,11597.45
00e12e8b_4438,11597.47
00e12e8b_4439,11597.48
00e12e8b_4440,11597.5
00e12e8b_4441,11597.49
00e12e8b_4442,11597.48
00e12e8b_4443,11597.47
00e12e8b_4444,11597.45
00e12e8b_4445,11597.43
00e12e8b_4446,11597.39
00e12e8b_4447,11597.37
00e12e8b_4448,11597.35
00e12e8b_4449,11597.33
00e12e8b_4450,11597.32
00e12e8b_4451,11597.32
00e12e8b_4452,11597.31
00e12e8b_4453,11597.31
00e12e8b_4454,11597.32
00e12e8b_4455,11597.33
00e12e8b_4456,11597.36
00e12e8b_4457,11597.38
00e12e8b_4458,11597.42
00e12e8b_4459,11597.46
00e12e8b_4460,11597.5
00e12e8b_4461,11597.52
00e12e8b_4462,11597.54
00e12e8b_4463,11597.54
00e12e8b_4464,11597.54
00e12e8b_4465,11597.55
00e12e8b_4466,11597.56
00e12e8b_4467,11597.56
00e12e8b_4468,11597.55
00e12e8b_4469,11597.55
00e12e8b_4470,11597.55
00e12e8b_4471,11597.56
00e12e8b_4472,11597.57
00e12e8b_4473,11597.61
00e12e8b_4474,11597.64
00e12e8b_4475,11597.67
00e12e8b_4476,11597.69
00e12e8b_4477,11597.71
00e12e8b_4478,11597.71
00e12e8b_4479,11597.7
00e12e8b_4480,11597.69
00e12e8b_4481,11597.68
00e12e8b_4482,11597.67
00e12e8b_4483,11597.66
00e12e8b_4484,11597.64
00e12e8b_4485,11597.62
00e12e8b_4486,11597.62
00e12e8b_4487,11597.64
00e12e8b_4488,11597.66
00e12e8b_4489,11597.7
00e12e8b_4490,11597.73
00e12e8b_4491,11597.77
00e12e8b_4492,11597.8
00e12e8b_4493,11597.83
00e12e8b_4494,11597.87
00e12e8b_4495,11597.89
00e12e8b_4496,11597.92
00e12e8b_4497,11597.93
00e12e8b_4498,11597.94
00e12e8b_4499,11597.96
00e12e8b_4500,11597.98
00e12e8b_4501,11598.01
00e12e8b_4502,11598.04
00e12e8b_4503,11598.06
00e12e8b_4504,11598.09
00e12e8b_4505,11598.1
00e12e8b_4506,11598.12
00e12e8b_4507,11598.13
00e12e8b_4508,11598.15
00e12e8b_4509,11598.18
00e12e8b_4510,11598.22
00e12e8b_4511,11598.23
00e12e8b_4512,11598.26
00e12e8b_4513,11598.29
00e12e8b_4514,11598.34
00e12e8b_4515,11598.4
00e12e8b_4516,11598.47
00e12e8b_4517,11598.54
00e12e8b_4518,11598.59
00e12e8b_4519,11598.65
00e12e8b_4520,11598.72
00e12e8b_4521,11598.78
00e12e8b_4522,11598.84
00e12e8b_4523,11598.9
00e12e8b_4524,11598.97
00e12e8b_4525,11599.04
00e12e8b_4526,11599.1
00e12e8b_4527,11599.15
00e12e8b_4528,11599.19
00e12e8b_4529,11599.22
00e12e8b_4530,11599.27
00e12e8b_4531,11599.3
00e12e8b_4532,11599.32
00e12e8b_4533,11599.34
00e12e8b_4534,11599.35
00e12e8b_4535,11599.36
00e12e8b_4536,11599.38
00e12e8b_4537,11599.4
00e12e8b_4538,11599.4
00e12e8b_4539,11599.42
00e12e8b_4540,11599.43
00e12e8b_4541,11599.45
00e12e8b_4542,11599.46
00e12e8b_4543,11599.46
00e12e8b_4544,11599.46
00e12e8b_4545,11599.45
00e12e8b_4546,11599.45
00e12e8b_4547,11599.45
00e12e8b_4548,11599.44
00e12e8b_4549,11599.45
00e12e8b_4550,11599.45
00e12e8b_4551,11599.45
00e12e8b_4552,11599.45
00e12e8b_4553,11599.45
00e12e8b_4554,11599.45
00e12e8b_4555,11599.45
00e12e8b_4556,11599.45
00e12e8b_4557,11599.44
00e12e8b_4558,11599.45
00e12e8b_4559,11599.44
00e12e8b_4560,11599.44
00e12e8b_4561,11599.43
00e12e8b_4562,11599.42
00e12e8b_4563,11599.4
00e12e8b_4564,11599.39
00e12e8b_4565,11599.37
00e12e8b_4566,11599.35
00e12e8b_4567,11599.34
00e12e8b_4568,11599.32
00e12e8b_4569,11599.31
00e12e8b_4570,11599.29
00e12e8b_4571,11599.28
00e12e8b_4572,11599.27
00e12e8b_4573,11599.28
00e12e8b_4574,11599.29
00e12e8b_4575,11599.28
00e12e8b_4576,11599.29
00e12e8b_4577,11599.32
00e12e8b_4578,11599.36
00e12e8b_4579,11599.41
00e12e8b_4580,11599.47
00e12e8b_4581,11599.52
00e12e8b_4582,11599.58
00e12e8b_4583,11599.63
00e12e8b_4584,11599.68
00e12e8b_4585,11599.72
00e12e8b_4586,11599.74
00e12e8b_4587,11599.76
00e12e8b_4588,11599.78
00e12e8b_4589,11599.77
00e12e8b_4590,11599.77
00e12e8b_4591,11599.75
00e12e8b_4592,11599.76
00e12e8b_4593,11599.76
00e12e8b_4594,11599.76
00e12e8b_4595,11599.77
00e12e8b_4596,11599.77
00e12e8b_4597,11599.77
00e12e8b_4598,11599.77
00e12e8b_4599,11599.76
00e12e8b_4600,11599.76
00e12e8b_4601,11599.76
00e12e8b_4602,11599.76
00e12e8b_4603,11599.76
00e12e8b_4604,11599.76
00e12e8b_4605,11599.76
00e12e8b_4606,11599.77
00e12e8b_4607,11599.78
00e12e8b_4608,11599.8
00e12e8b_4609,11599.81
00e12e8b_4610,11599.8
00e12e8b_4611,11599.81
00e12e8b_4612,11599.83
00e12e8b_4613,11599.86
00e12e8b_4614,11599.9
00e12e8b_4615,11599.94
00e12e8b_4616,11599.98
00e12e8b_4617,11600.03
00e12e8b_4618,11600.08
00e12e8b_4619,11600.13
00e12e8b_4620,11600.17
00e12e8b_4621,11600.22
00e12e8b_4622,11600.26
00e12e8b_4623,11600.29
00e12e8b_4624,11600.32
00e12e8b_4625,11600.33
00e12e8b_4626,11600.34
00e12e8b_4627,11600.37
00e12e8b_4628,11600.4
00e12e8b_4629,11600.44
00e12e8b_4630,11600.46
00e12e8b_4631,11600.48
00e12e8b_4632,11600.5
00e12e8b_4633,11600.52
00e12e8b_4634,11600.53
00e12e8b_4635,11600.54
00e12e8b_4636,11600.55
00e12e8b_4637,11600.56
00e12e8b_4638,11600.57
00e12e8b_4639,11600.59
00e12e8b_4640,11600.61
00e12e8b_4641,11600.64
00e12e8b_4642,11600.66
00e12e8b_4643,11600.68
00e12e8b_4644,11600.69
00e12e8b_4645,11600.71
00e12e8b_4646,11600.73
00e12e8b_4647,11600.74
00e12e8b_4648,11600.75
00e12e8b_4649,11600.75
00e12e8b_4650,11600.76
00e12e8b_4651,11600.76
00e12e8b_4652,11600.76
00e12e8b_4653,11600.77
00e12e8b_4654,11600.77
00e12e8b_4655,11600.79
00e12e8b_4656,11600.8
00e12e8b_4657,11600.81
00e12e8b_4658,11600.8
00e12e8b_4659,11600.78
00e12e8b_4660,11600.75
00e12e8b_4661,11600.72
00e12e8b_4662,11600.68
00e12e8b_4663,11600.66
00e12e8b_4664,11600.64
00e12e8b_4665,11600.64
00e12e8b_4666,11600.66
00e12e8b_4667,11600.7
00e12e8b_4668,11600.75
00e12e8b_4669,11600.82
00e12e8b_4670,11600.92
00e12e8b_4671,11601.02
00e12e8b_4672,11601.13
00e12e8b_4673,11601.23
00e12e8b_4674,11601.32
00e12e8b_4675,11601.4
00e12e8b_4676,11601.47
00e12e8b_4677,11601.52
00e12e8b_4678,11601.56
00e12e8b_4679,11601.6
00e12e8b_4680,11601.65
00e12e8b_4681,11601.68
00e12e8b_4682,11601.72
00e12e8b_4683,11601.76
00e12e8b_4684,11601.77
00e12e8b_4685,11601.78
00e12e8b_4686,11601.79
00e12e8b_4687,11601.78
00e12e8b_4688,11601.78
00e12e8b_4689,11601.77
00e12e8b_4690,11601.79
00e12e8b_4691,11601.79
00e12e8b_4692,11601.81
00e12e8b_4693,11601.8
00e12e8b_4694,11601.81
00e12e8b_4695,11601.83
00e12e8b_4696,11601.86
00e12e8b_4697,11601.88
00e12e8b_4698,11601.89
00e12e8b_4699,11601.9
00e12e8b_4700,11601.9
00e12e8b_4701,11601.9
00e12e8b_4702,11601.9
00e12e8b_4703,11601.89
00e12e8b_4704,11601.91
00e12e8b_4705,11601.9
00e12e8b_4706,11601.93
00e12e8b_4707,11601.93
00e12e8b_4708,11601.95
00e12e8b_4709,11601.93
00e12e8b_4710,11601.95
00e12e8b_4711,11601.97
00e12e8b_4712,11602.0
00e12e8b_4713,11602.0
00e12e8b_4714,11601.99
00e12e8b_4715,11602.0
00e12e8b_4716,11601.99
00e12e8b_4717,11602.0
00e12e8b_4718,11602.0
00e12e8b_4719,11602.0
00e12e8b_4720,11602.0
00e12e8b_4721,11602.0
00e12e8b_4722,11602.0
00e12e8b_4723,11601.99
00e12e8b_4724,11601.97
00e12e8b_4725,11601.97
00e12e8b_4726,11601.99
00e12e8b_4727,11601.99
00e12e8b_4728,11602.01
00e12e8b_4729,11602.02
00e12e8b_4730,11602.02
00e12e8b_4731,11602.0
00e12e8b_4732,11602.0
00e12e8b_4733,11602.01
00e12e8b_4734,11602.02
00e12e8b_4735,11602.02
00e12e8b_4736,11602.04
00e12e8b_4737,11602.06
00e12e8b_4738,11602.09
00e12e8b_4739,11602.12
00e12e8b_4740,11602.17
00e12e8b_4741,11602.2
00e12e8b_4742,11602.24
00e12e8b_4743,11602.27
00e12e8b_4744,11602.29
00e12e8b_4745,11602.29
00e12e8b_4746,11602.25
00e12e8b_4747,11602.22
00e12e8b_4748,11602.19
00e12e8b_4749,11602.14
00e12e8b_4750,11602.12
00e12e8b_4751,11602.1
00e12e8b_4752,11602.1
00e12e8b_4753,11602.11
00e12e8b_4754,11602.13
00e12e8b_4755,11602.16
00e12e8b_4756,11602.18
00e12e8b_4757,11602.18
00e12e8b_4758,11602.21
00e12e8b_4759,11602.21
00e12e8b_4760,11602.2
00e12e8b_4761,11602.17
00e12e8b_4762,11602.14
00e12e8b_4763,11602.1
00e12e8b_4764,11602.06
00e12e8b_4765,11602.03
00e12e8b_4766,11602.0
00e12e8b_4767,11601.97
00e12e8b_4768,11601.96
00e12e8b_4769,11601.94
00e12e8b_4770,11601.93
00e12e8b_4771,11601.91
00e12e8b_4772,11601.89
00e12e8b_4773,11601.88
00e12e8b_4774,11601.87
00e12e8b_4775,11601.87
00e12e8b_4776,11601.87
00e12e8b_4777,11601.86
00e12e8b_4778,11601.86
00e12e8b_4779,11601.85
00e12e8b_4780,11601.84
00e12e8b_4781,11601.82
00e12e8b_4782,11601.8
00e12e8b_4783,11601.78
00e12e8b_4784,11601.73
00e12e8b_4785,11601.7
00e12e8b_4786,11601.69
00e12e8b_4787,11601.67
00e12e8b_4788,11601.65
00e12e8b_4789,11601.63
00e12e8b_4790,11601.62
00e12e8b_4791,11601.62
00e12e8b_4792,11601.62
00e12e8b_4793,11601.63
00e12e8b_4794,11601.64
00e12e8b_4795,11601.66
00e12e8b_4796,11601.69
00e12e8b_4797,11601.7
00e12e8b_4798,11601.71
00e12e8b_4799,11601.71
00e12e8b_4800,11601.71
00e12e8b_4801,11601.73
00e12e8b_4802,11601.74
00e12e8b_4803,11601.73
00e12e8b_4804,11601.72
00e12e8b_4805,11601.71
00e12e8b_4806,11601.7
00e12e8b_4807,11601.7
00e12e8b_4808,11601.71
00e12e8b_4809,11601.71
00e12e8b_4810,11601.72
00e12e8b_4811,11601.73
00e12e8b_4812,11601.74
00e12e8b_4813,11601.73
00e12e8b_4814,11601.73
00e12e8b_4815,11601.72
00e12e8b_4816,11601.72
00e12e8b_4817,11601.71
00e12e8b_4818,11601.71
00e12e8b_4819,11601.7
00e12e8b_4820,11601.69
00e12e8b_4821,11601.66
00e12e8b_4822,11601.64
00e12e8b_4823,11601.62
00e12e8b_4824,11601.63
00e12e8b_4825,11601.65
00e12e8b_4826,11601.69
00e12e8b_4827,11601.73
00e12e8b_4828,11601.78
00e12e8b_4829,11601.83
00e12e8b_4830,11601.87
00e12e8b_4831,11601.94
00e12e8b_4832,11601.99
00e12e8b_4833,11602.02
00e12e8b_4834,11602.03
00e12e8b_4835,11602.02
00e12e8b_4836,11601.98
00e12e8b_4837,11601.95
00e12e8b_4838,11601.9
00e12e8b_4839,11601.87
00e12e8b_4840,11601.87
00e12e8b_4841,11601.84
00e12e8b_4842,11601.83
00e12e8b_4843,11601.83
00e12e8b_4844,11601.84
00e12e8b_4845,11601.87
00e12e8b_4846,11601.91
00e12e8b_4847,11601.93
00e12e8b_4848,11601.93
00e12e8b_4849,11601.93
00e12e8b_4850,11601.94
00e12e8b_4851,11601.97
00e12e8b_4852,11602.0
00e12e8b_4853,11602.05
00e12e8b_4854,11602.08
00e12e8b_4855,11602.12
00e12e8b_4856,11602.15
00e12e8b_4857,11602.17
00e12e8b_4858,11602.18
00e12e8b_4859,11602.2
00e12e8b_4860,11602.23
00e12e8b_4861,11602.27
00e12e8b_4862,11602.29
00e12e8b_4863,11602.28
00e12e8b_4864,11602.26
00e12e8b_4865,11602.25
00e12e8b_4866,11602.23
00e12e8b_4867,11602.21
00e12e8b_4868,11602.18
00e12e8b_4869,11602.14
00e12e8b_4870,11602.11
00e12e8b_4871,11602.07
00e12e8b_4872,11602.02
00e12e8b_4873,11601.99
00e12e8b_4874,11601.94
00e12e8b_4875,11601.92
00e12e8b_4876,11601.94
00e12e8b_4877,11601.95
00e12e8b_4878,11601.97
00e12e8b_4879,11601.98
00e12e8b_4880,11601.99
00e12e8b_4881,11602.0
00e12e8b_4882,11602.01
00e12e8b_4883,11602.02
00e12e8b_4884,11602.01
00e12e8b_4885,11602.02
00e12e8b_4886,11602.0
00e12e8b_4887,11602.0
00e12e8b_4888,11602.01
00e12e8b_4889,11602.01
00e12e8b_4890,11602.0
00e12e8b_4891,11602.0
00e12e8b_4892,11602.0
00e12e8b_4893,11601.98
00e12e8b_4894,11601.98
00e12e8b_4895,11601.97
00e12e8b_4896,11601.94
00e12e8b_4897,11601.93
00e12e8b_4898,11601.91
00e12e8b_4899,11601.9
00e12e8b_4900,11601.88
00e12e8b_4901,11601.86
00e12e8b_4902,11601.84
00e12e8b_4903,11601.84
00e12e8b_4904,11601.84
00e12e8b_4905,11601.83
00e12e8b_4906,11601.84
00e12e8b_4907,11601.84
00e12e8b_4908,11601.85
00e12e8b_4909,11601.86
00e12e8b_4910,11601.86
00e12e8b_4911,11601.85
00e12e8b_4912,11601.85
00e12e8b_4913,11601.85
00e12e8b_4914,11601.83
00e12e8b_4915,11601.82
00e12e8b_4916,11601.8
00e12e8b_4917,11601.78
00e12e8b_4918,11601.75
00e12e8b_4919,11601.72
00e12e8b_4920,11601.72
00e12e8b_4921,11601.72
00e12e8b_4922,11601.75
00e12e8b_4923,11601.8
00e12e8b_4924,11601.84
00e12e8b_4925,11601.9
00e12e8b_4926,11601.98
00e12e8b_4927,11602.06
00e12e8b_4928,11602.08
00e12e8b_4929,11602.14
00e12e8b_4930,11602.19
00e12e8b_4931,11602.25
00e12e8b_4932,11602.3
00e12e8b_4933,11602.35
00e12e8b_4934,11602.38
00e12e8b_4935,11602.41
00e12e8b_4936,11602.45
00e12e8b_4937,11602.48
00e12e8b_4938,11602.51
00e12e8b_4939,11602.53
00e12e8b_4940,11602.52
00e12e8b_4941,11602.53
00e12e8b_4942,11602.52
00e12e8b_4943,11602.47
00e12e8b_4944,11602.4
00e12e8b_4945,11602.39
00e12e8b_4946,11602.35
00e12e8b_4947,11602.33
00e12e8b_4948,11602.31
00e12e8b_4949,11602.29
00e12e8b_4950,11602.28
00e12e8b_4951,11602.29
00e12e8b_4952,11602.3
00e12e8b_4953,11602.31
00e12e8b_4954,11602.32
00e12e8b_4955,11602.34
00e12e8b_4956,11602.36
00e12e8b_4957,11602.38
00e12e8b_4958,11602.41
00e12e8b_4959,11602.44
00e12e8b_4960,11602.47
00e12e8b_4961,11602.48
00e12e8b_4962,11602.48
00e12e8b_4963,11602.48
00e12e8b_4964,11602.48
00e12e8b_4965,11602.49
00e12e8b_4966,11602.51
00e12e8b_4967,11602.51
00e12e8b_4968,11602.52
00e12e8b_4969,11602.52
00e12e8b_4970,11602.53
00e12e8b_4971,11602.55
00e12e8b_4972,11602.57
00e12e8b_4973,11602.6
00e12e8b_4974,11602.62
00e12e8b_4975,11602.64
00e12e8b_4976,11602.65
00e12e8b_4977,11602.65
00e12e8b_4978,11602.63
00e12e8b_4979,11602.61
00e12e8b_4980,11602.59
00e12e8b_4981,11602.56
00e12e8b_4982,11602.51
00e12e8b_4983,11602.47
00e12e8b_4984,11602.42
00e12e8b_4985,11602.37
00e12e8b_4986,11602.33
00e12e8b_4987,11602.29
00e12e8b_4988,11602.25
00e12e8b_4989,11602.22
00e12e8b_4990,11602.22
00e12e8b_4991,11602.25
00e12e8b_4992,11602.28
00e12e8b_4993,11602.29
00e12e8b_4994,11602.3
00e12e8b_4995,11602.29
00e12e8b_4996,11602.26
00e12e8b_4997,11602.19
00e12e8b_4998,11602.14
00e12e8b_4999,11602.09
00e12e8b_5000,11602.02
00e12e8b_5001,11601.96
00e12e8b_5002,11601.91
00e12e8b_5003,11601.87
00e12e8b_5004,11601.83
00e12e8b_5005,11601.81
00e12e8b_5006,11601.83
00e12e8b_5007,11601.86
00e12e8b_5008,11601.87
00e12e8b_5009,11601.85
00e12e8b_5010,11601.83
00e12e8b_5011,11601.78
00e12e8b_5012,11601.72
00e12e8b_5013,11601.64
00e12e8b_5014,11601.6
00e12e8b_5015,11601.54
00e12e8b_5016,11601.5
00e12e8b_5017,11601.49
00e12e8b_5018,11601.49
00e12e8b_5019,11601.5
00e12e8b_5020,11601.52
00e12e8b_5021,11601.55
00e12e8b_5022,11601.6
00e12e8b_5023,11601.66
00e12e8b_5024,11601.7
00e12e8b_5025,11601.75
00e12e8b_5026,11601.81
00e12e8b_5027,11601.88
00e12e8b_5028,11601.93
00e12e8b_5029,11601.95
00e12e8b_5030,11601.98
00e12e8b_5031,11601.98
00e12e8b_5032,11601.98
00e12e8b_5033,11601.98
00e12e8b_5034,11601.94
00e12e8b_5035,11601.88
00e12e8b_5036,11601.81
00e12e8b_5037,11601.72
00e12e8b_5038,11601.65
00e12e8b_5039,11601.58
00e12e8b_5040,11601.51
00e12e8b_5041,11601.45
00e12e8b_5042,11601.39
00e12e8b_5043,11601.34
00e12e8b_5044,11601.27
00e12e8b_5045,11601.18
00e12e8b_5046,11601.12
00e12e8b_5047,11601.05
00e12e8b_5048,11600.98
00e12e8b_5049,11600.92
00e12e8b_5050,11600.85
00e12e8b_5051,11600.79
00e12e8b_5052,11600.75
00e12e8b_5053,11600.73
00e12e8b_5054,11600.72
00e12e8b_5055,11600.72
00e12e8b_5056,11600.72
00e12e8b_5057,11600.73
00e12e8b_5058,11600.74
00e12e8b_5059,11600.76
00e12e8b_5060,11600.77
00e12e8b_5061,11600.81
00e12e8b_5062,11600.83
00e12e8b_5063,11600.85
00e12e8b_5064,11600.88
00e12e8b_5065,11600.9
00e12e8b_5066,11600.9
00e12e8b_5067,11600.91
00e12e8b_5068,11600.89
00e12e8b_5069,11600.87
00e12e8b_5070,11600.84
00e12e8b_5071,11600.81
00e12e8b_5072,11600.79
00e12e8b_5073,11600.76
00e12e8b_5074,11600.71
00e12e8b_5075,11600.71
00e12e8b_5076,11600.71
00e12e8b_5077,11600.72
00e12e8b_5078,11600.72
00e12e8b_5079,11600.73
00e12e8b_5080,11600.73
00e12e8b_5081,11600.71
00e12e8b_5082,11600.68
00e12e8b_5083,11600.65
00e12e8b_5084,11600.61
00e12e8b_5085,11600.56
00e12e8b_5086,11600.52
00e12e8b_5087,11600.48
00e12e8b_5088,11600.43
00e12e8b_5089,11600.36
00e12e8b_5090,11600.33
00e12e8b_5091,11600.34
00e12e8b_5092,11600.35
00e12e8b_5093,11600.35
00e12e8b_5094,11600.33
00e12e8b_5095,11600.35
00e12e8b_5096,11600.36
00e12e8b_5097,11600.35
00e12e8b_5098,11600.29
00e12e8b_5099,11600.28
00e12e8b_5100,11600.24
00e12e8b_5101,11600.18
00e12e8b_5102,11600.13
00e12e8b_5103,11600.07
00e12e8b_5104,11600.0
00e12e8b_5105,11599.95
00e12e8b_5106,11599.92
00e12e8b_5107,11599.91
00e12e8b_5108,11599.9
00e12e8b_5109,11599.85
00e12e8b_5110,11599.87
00e12e8b_5111,11599.87
00e12e8b_5112,11599.88
00e12e8b_5113,11599.87
00e12e8b_5114,11599.88
00e12e8b_5115,11599.89
00e12e8b_5116,11599.88
00e12e8b_5117,11599.83
00e12e8b_5118,11599.8
00e12e8b_5119,11599.79
00e12e8b_5120,11599.74
00e12e8b_5121,11599.74
00e12e8b_5122,11599.67
00e12e8b_5123,11599.65
00e12e8b_5124,11599.62
00e12e8b_5125,11599.56
00e12e8b_5126,11599.56
00e12e8b_5127,11599.55
00e12e8b_5128,11599.55
00e12e8b_5129,11599.55
00e12e8b_5130,11599.55
00e12e8b_5131,11599.55
00e12e8b_5132,11599.56
00e12e8b_5133,11599.53
00e12e8b_5134,11599.54
00e12e8b_5135,11599.56
00e12e8b_5136,11599.56
00e12e8b_5137,11599.55
00e12e8b_5138,11599.5
00e12e8b_5139,11599.48
00e12e8b_5140,11599.45
00e12e8b_5141,11599.41
00e12e8b_5142,11599.4
00e12e8b_5143,11599.4
00e12e8b_5144,11599.4
00e12e8b_5145,11599.39
00e12e8b_5146,11599.39
00e12e8b_5147,11599.41
00e12e8b_5148,11599.41
00e12e8b_5149,11599.43
00e12e8b_5150,11599.46
00e12e8b_5151,11599.49
00e12e8b_5152,11599.52
00e12e8b_5153,11599.51
00e12e8b_5154,11599.52
00e12e8b_5155,11599.53
00e12e8b_5156,11599.52
00e12e8b_5157,11599.53
00e12e8b_5158,11599.53
00e12e8b_5159,11599.52
00e12e8b_5160,11599.52
00e12e8b_5161,11599.48
00e12e8b_5162,11599.45
00e12e8b_5163,11599.43
00e12e8b_5164,11599.43
00e12e8b_5165,11599.41
00e12e8b_5166,11599.4
00e12e8b_5167,11599.4
00e12e8b_5168,11599.4
00e12e8b_5169,11599.41
00e12e8b_5170,11599.42
00e12e8b_5171,11599.43
00e12e8b_5172,11599.43
00e12e8b_5173,11599.42
00e12e8b_5174,11599.41
00e12e8b_5175,11599.39
00e12e8b_5176,11599.37
00e12e8b_5177,11599.34
00e12e8b_5178,11599.3
00e12e8b_5179,11599.27
00e12e8b_5180,11599.23
00e12e8b_5181,11599.2
00e12e8b_5182,11599.18
00e12e8b_5183,11599.15
00e12e8b_5184,11599.12
00e12e8b_5185,11599.09
00e12e8b_5186,11599.07
00e12e8b_5187,11599.03
00e12e8b_5188,11598.98
00e12e8b_5189,11598.94
00e12e8b_5190,11598.9
00e12e8b_5191,11598.86
00e12e8b_5192,11598.84
00e12e8b_5193,11598.84
00e12e8b_5194,11598.8
00e12e8b_5195,11598.77
00e12e8b_5196,11598.77
00e12e8b_5197,11598.74
00e12e8b_5198,11598.74
00e12e8b_5199,11598.7
00e12e8b_5200,11598.68
00e12e8b_5201,11598.66
00e12e8b_5202,11598.64
00e12e8b_5203,11598.6
00e12e8b_5204,11598.59
00e12e8b_5205,11598.55
00e12e8b_5206,11598.56
00e12e8b_5207,11598.56
00e12e8b_5208,11598.56
00e12e8b_5209,11598.51
00e12e8b_5210,11598.47
00e12e8b_5211,11598.46
00e12e8b_5212,11598.44
00e12e8b_5213,11598.4
00e12e8b_5214,11598.39
00e12e8b_5215,11598.35
00e12e8b_5216,11598.34
00e12e8b_5217,11598.34
00e12e8b_5218,11598.34
00e12e8b_5219,11598.31
00e12e8b_5220,11598.32
00e12e8b_5221,11598.3
00e12e8b_5222,11598.33
00e12e8b_5223,11598.31
00e12e8b_5224,11598.28
00e12e8b_5225,11598.23
00e12e8b_5226,11598.24
00e12e8b_5227,11598.24
00e12e8b_5228,11598.23
00e12e8b_5229,11598.23
00e12e8b_5230,11598.23
00e12e8b_5231,11598.23
00e12e8b_5232,11598.23
00e12e8b_5233,11598.24
00e12e8b_5234,11598.24
00e12e8b_5235,11598.23
00e12e8b_5236,11598.23
00e12e8b_5237,11598.22
00e12e8b_5238,11598.21
00e12e8b_5239,11598.21
00e12e8b_5240,11598.21
00e12e8b_5241,11598.2
00e12e8b_5242,11598.19
00e12e8b_5243,11598.18
00e12e8b_5244,11598.16
00e12e8b_5245,11598.14
00e12e8b_5246,11598.12
00e12e8b_5247,11598.08
00e12e8b_5248,11598.05
00e12e8b_5249,11598.01
00e12e8b_5250,11597.98
00e12e8b_5251,11597.95
00e12e8b_5252,11597.94
00e12e8b_5253,11597.94
00e12e8b_5254,11597.94
00e12e8b_5255,11597.95
00e12e8b_5256,11597.96
00e12e8b_5257,11597.98
00e12e8b_5258,11597.99
00e12e8b_5259,11598.0
00e12e8b_5260,11598.0
00e12e8b_5261,11598.01
00e12e8b_5262,11598.0
00e12e8b_5263,11597.99
00e12e8b_5264,11597.98
00e12e8b_5265,11597.98
00e12e8b_5266,11597.98
00e12e8b_5267,11597.97
00e12e8b_5268,11597.98
00e12e8b_5269,11597.98
00e12e8b_5270,11597.99
00e12e8b_5271,11597.98
00e12e8b_5272,11597.99
00e12e8b_5273,11598.0
00e12e8b_5274,11598.02
00e12e8b_5275,11598.03
00e12e8b_5276,11598.04
00e12e8b_5277,11598.06
00e12e8b_5278,11598.06
00e12e8b_5279,11598.07
00e12e8b_5280,11598.07
00e12e8b_5281,11598.07
00e12e8b_5282,11598.07
00e12e8b_5283,11598.07
00e12e8b_5284,11598.06
00e12e8b_5285,11598.05
00e12e8b_5286,11598.06
00e12e8b_5287,11598.05
00e12e8b_5288,11598.05
00e12e8b_5289,11598.06
00e12e8b_5290,11598.07
00e12e8b_5291,11598.07
00e12e8b_5292,11598.08
00e12e8b_5293,11598.09
00e12e8b_5294,11598.1
00e12e8b_5295,11598.1
00e12e8b_5296,11598.1
00e12e8b_5297,11598.1
00e12e8b_5298,11598.1
00e12e8b_5299,11598.1
00e12e8b_5300,11598.1
00e12e8b_5301,11598.1
00e12e8b_5302,11598.11
00e12e8b_5303,11598.11
00e12e8b_5304,11598.11
00e12e8b_5305,11598.11
00e12e8b_5306,11598.11
00e12e8b_5307,11598.11
00e12e8b_5308,11598.12
00e12e8b_5309,11598.11
00e12e8b_5310,11598.1
00e12e8b_5311,11598.1
00e12e8b_5312,11598.09
00e12e8b_5313,11598.08
00e12e8b_5314,11598.09
00e12e8b_5315,11598.06
00e12e8b_5316,11598.04
00e12e8b_5317,11598.04
00e12e8b_5318,11598.03
00e12e8b_5319,11598.03
00e12e8b_5320,11598.03
00e12e8b_5321,11598.03
00e12e8b_5322,11598.03
00e12e8b_5323,11598.04
00e12e8b_5324,11598.05
00e12e8b_5325,11598.07
00e12e8b_5326,11598.08
00e12e8b_5327,11598.09
00e12e8b_5328,11598.1
00e12e8b_5329,11598.1
00e12e8b_5330,11598.1
00e12e8b_5331,11598.07
00e12e8b_5332,11598.06
00e12e8b_5333,11598.05
00e12e8b_5334,11598.05
00e12e8b_5335,11598.04
00e12e8b_5336,11598.03
00e12e8b_5337,11598.03
00e12e8b_5338,11598.03
00e12e8b_5339,11598.02
00e12e8b_5340,11598.0
00e12e8b_5341,11597.98
00e12e8b_5342,11597.95
00e12e8b_5343,11597.93
00e12e8b_5344,11597.91
00e12e8b_5345,11597.88
00e12e8b_5346,11597.84
00e12e8b_5347,11597.81
00e12e8b_5348,11597.79
00e12e8b_5349,11597.78
00e12e8b_5350,11597.77
00e12e8b_5351,11597.76
00e12e8b_5352,11597.76
00e12e8b_5353,11597.72
00e12e8b_5354,11597.69
00e12e8b_5355,11597.69
00e12e8b_5356,11597.71
00e12e8b_5357,11597.76
00e12e8b_5358,11597.81
00e12e8b_5359,11597.89
00e12e8b_5360,11597.97
00e12e8b_5361,11598.04
00e12e8b_5362,11598.12
00e12e8b_5363,11598.19
00e12e8b_5364,11598.26
00e12e8b_5365,11598.32
00e12e8b_5366,11598.34
00e12e8b_5367,11598.35
00e12e8b_5368,11598.33
00e12e8b_5369,11598.29
00e12e8b_5370,11598.29
00e12e8b_5371,11598.29
00e12e8b_5372,11598.3
00e12e8b_5373,11598.31
00e12e8b_5374,11598.31
00e12e8b_5375,11598.32
00e12e8b_5376,11598.32
00e12e8b_5377,11598.33
00e12e8b_5378,11598.34
00e12e8b_5379,11598.33
00e12e8b_5380,11598.33
00e12e8b_5381,11598.33
00e12e8b_5382,11598.33
00e12e8b_5383,11598.34
00e12e8b_5384,11598.35
00e12e8b_5385,11598.36
00e12e8b_5386,11598.37
00e12e8b_5387,11598.38
00e12e8b_5388,11598.38
00e12e8b_5389,11598.39
00e12e8b_5390,11598.39
00e12e8b_5391,11598.4
00e12e8b_5392,11598.4
00e12e8b_5393,11598.41
00e12e8b_5394,11598.41
00e12e8b_5395,11598.41
00e12e8b_5396,11598.41
00e12e8b_5397,11598.42
00e12e8b_5398,11598.43
00e12e8b_5399,11598.44
00e12e8b_5400,11598.45
00e12e8b_5401,11598.45
00e12e8b_5402,11598.45
00e12e8b_5403,11598.45
00e12e8b_5404,11598.44
00e12e8b_5405,11598.45
00e12e8b_5406,11598.45
00e12e8b_5407,11598.44
00e12e8b_5408,11598.42
00e12e8b_5409,11598.4
00e12e8b_5410,11598.37
00e12e8b_5411,11598.32
00e12e8b_5412,11598.26
00e12e8b_5413,11598.2
00e12e8b_5414,11598.15
00e12e8b_5415,11598.1
00e12e8b_5416,11598.04
00e12e8b_5417,11598.0
00e12e8b_5418,11597.92
00e12e8b_5419,11597.88
00e12e8b_5420,11597.88
00e12e8b_5421,11597.91
00e12e8b_5422,11597.94
00e12e8b_5423,11598.0
00e12e8b_5424,11598.08
00e12e8b_5425,11598.18
00e12e8b_5426,11598.26
00e12e8b_5427,11598.34
00e12e8b_5428,11598.42
00e12e8b_5429,11598.5
00e12e8b_5430,11598.56
00e12e8b_5431,11598.6
00e12e8b_5432,11598.62
00e12e8b_5433,11598.61
00e12e8b_5434,11598.57
00e12e8b_5435,11598.57
00e12e8b_5436,11598.57
00e12e8b_5437,11598.57
00e12e8b_5438,11598.55
00e12e8b_5439,11598.55
00e12e8b_5440,11598.56
00e12e8b_5441,11598.57
00e12e8b_5442,11598.6
00e12e8b_5443,11598.64
00e12e8b_5444,11598.67
00e12e8b_5445,11598.69
00e12e8b_5446,11598.7
00e12e8b_5447,11598.74
00e12e8b_5448,11598.75
00e12e8b_5449,11598.74
00e12e8b_5450,11598.72
00e12e8b_5451,11598.68
00e12e8b_5452,11598.62
00e12e8b_5453,11598.54
00e12e8b_5454,11598.46
00e12e8b_5455,11598.4
00e12e8b_5456,11598.35
00e12e8b_5457,11598.31
00e12e8b_5458,11598.29
00e12e8b_5459,11598.25
00e12e8b_5460,11598.23
00e12e8b_5461,11598.24
00e12e8b_5462,11598.28
00e12e8b_5463,11598.34
00e12e8b_5464,11598.4
00e12e8b_5465,11598.45
00e12e8b_5466,11598.52
00e12e8b_5467,11598.58
00e12e8b_5468,11598.63
00e12e8b_5469,11598.69
00e12e8b_5470,11598.73
00e12e8b_5471,11598.76
00e12e8b_5472,11598.78
00e12e8b_5473,11598.79
00e12e8b_5474,11598.75
00e12e8b_5475,11598.71
00e12e8b_5476,11598.71
00e12e8b_5477,11598.74
00e12e8b_5478,11598.77
00e12e8b_5479,11598.84
00e12e8b_5480,11598.93
00e12e8b_5481,11599.02
00e12e8b_5482,11599.14
00e12e8b_5483,11599.25
00e12e8b_5484,11599.32
00e12e8b_5485,11599.37
00e12e8b_5486,11599.39
00e12e8b_5487,11599.37
00e12e8b_5488,11599.31
00e12e8b_5489,11599.23
00e12e8b_5490,11599.12
00e12e8b_5491,11599.02
00e12e8b_5492,11598.92
00e12e8b_5493,11598.84
00e12e8b_5494,11598.76
00e12e8b_5495,11598.73
00e12e8b_5496,11598.71
00e12e8b_5497,11598.71
00e12e8b_5498,11598.74
00e12e8b_5499,11598.74
00e12e8b_5500,11598.75
00e12e8b_5501,11598.77
00e12e8b_5502,11598.78
00e12e8b_5503,11598.78
00e12e8b_5504,11598.79
00e12e8b_5505,11598.8
00e12e8b_5506,11598.8
00e12e8b_5507,11598.8
00e12e8b_5508,11598.8
00e12e8b_5509,11598.8
00e12e8b_5510,11598.8
00e12e8b_5511,11598.8
00e12e8b_5512,11598.79
00e12e8b_5513,11598.79
00e12e8b_5514,11598.78
00e12e8b_5515,11598.77
00e12e8b_5516,11598.77
00e12e8b_5517,11598.76
00e12e8b_5518,11598.75
00e12e8b_5519,11598.74
00e12e8b_5520,11598.74
00e12e8b_5521,11598.74
00e12e8b_5522,11598.74
00e12e8b_5523,11598.74
00e12e8b_5524,11598.75
00e12e8b_5525,11598.76
00e12e8b_5526,11598.77
00e12e8b_5527,11598.78
00e12e8b_5528,11598.78
00e12e8b_5529,11598.79
00e12e8b_5530,11598.79
00e12e8b_5531,11598.8
00e12e8b_5532,11598.81
00e12e8b_5533,11598.81
00e12e8b_5534,11598.81
00e12e8b_5535,11598.79
00e12e8b_5536,11598.78
00e12e8b_5537,11598.75
00e12e8b_5538,11598.72
00e12e8b_5539,11598.7
00e12e8b_5540,11598.68
00e12e8b_5541,11598.67
00e12e8b_5542,11598.66
00e12e8b_5543,11598.66
00e12e8b_5544,11598.66
00e12e8b_5545,11598.66
00e12e8b_5546,11598.67
00e12e8b_5547,11598.68
00e12e8b_5548,11598.69
00e12e8b_5549,11598.69
00e12e8b_5550,11598.69
00e12e8b_5551,11598.69
00e12e8b_5552,11598.68
00e12e8b_5553,11598.66
00e12e8b_5554,11598.65
00e12e8b_5555,11598.64
00e12e8b_5556,11598.64
00e12e8b_5557,11598.64
00e12e8b_5558,11598.64
00e12e8b_5559,11598.64
00e12e8b_5560,11598.65
00e12e8b_5561,11598.65
00e12e8b_5562,11598.66
00e12e8b_5563,11598.67
00e12e8b_5564,11598.68
00e12e8b_5565,11598.68
00e12e8b_5566,11598.68
00e12e8b_5567,11598.68
00e12e8b_5568,11598.68
00e12e8b_5569,11598.69
00e12e8b_5570,11598.7
00e12e8b_5571,11598.71
00e12e8b_5572,11598.72
00e12e8b_5573,11598.74
00e12e8b_5574,11598.75
00e12e8b_5575,11598.77
00e12e8b_5576,11598.78
00e12e8b_5577,11598.78
00e12e8b_5578,11598.78
00e12e8b_5579,11598.77
00e12e8b_5580,11598.75
00e12e8b_5581,11598.73
00e12e8b_5582,11598.71
00e12e8b_5583,11598.7
00e12e8b_5584,11598.69
00e12e8b_5585,11598.68
00e12e8b_5586,11598.68
00e12e8b_5587,11598.68
00e12e8b_5588,11598.68
00e12e8b_5589,11598.69
00e12e8b_5590,11598.7
00e12e8b_5591,11598.71
00e12e8b_5592,11598.72
00e12e8b_5593,11598.72
00e12e8b_5594,11598.72
00e12e8b_5595,11598.71
00e12e8b_5596,11598.72
00e12e8b_5597,11598.73
00e12e8b_5598,11598.74
00e12e8b_5599,11598.76
00e12e8b_5600,11598.78
00e12e8b_5601,11598.81
00e12e8b_5602,11598.84
00e12e8b_5603,11598.87
00e12e8b_5604,11598.9
00e12e8b_5605,11598.93
00e12e8b_5606,11598.95
00e12e8b_5607,11598.97
00e12e8b_5608,11598.98
00e12e8b_5609,11598.99
00e12e8b_5610,11599.0
00e12e8b_5611,11599.0
00e12e8b_5612,11599.0
00e12e8b_5613,11599.0
00e12e8b_5614,11599.0
00e12e8b_5615,11599.01
00e12e8b_5616,11599.01
00e12e8b_5617,11599.01
00e12e8b_5618,11599.01
00e12e8b_5619,11599.01
00e12e8b_5620,11599.01
00e12e8b_5621,11599.01
00e12e8b_5622,11599.01
00e12e8b_5623,11599.0
00e12e8b_5624,11599.0
00e12e8b_5625,11599.01
00e12e8b_5626,11599.02
00e12e8b_5627,11598.99
00e12e8b_5628,11599.0
00e12e8b_5629,11599.03
00e12e8b_5630,11599.08
00e12e8b_5631,11599.14
00e12e8b_5632,11599.22
00e12e8b_5633,11599.31
00e12e8b_5634,11599.39
00e12e8b_5635,11599.48
00e12e8b_5636,11599.56
00e12e8b_5637,11599.62
00e12e8b_5638,11599.66
00e12e8b_5639,11599.69
00e12e8b_5640,11599.71
00e12e8b_5641,11599.72
00e12e8b_5642,11599.69
00e12e8b_5643,11599.65
00e12e8b_5644,11599.65
00e12e8b_5645,11599.66
00e12e8b_5646,11599.66
00e12e8b_5647,11599.67
00e12e8b_5648,11599.71
00e12e8b_5649,11599.74
00e12e8b_5650,11599.76
00e12e8b_5651,11599.79
00e12e8b_5652,11599.82
00e12e8b_5653,11599.85
00e12e8b_5654,11599.85
00e12e8b_5655,11599.88
00e12e8b_5656,11599.9
00e12e8b_5657,11599.92
00e12e8b_5658,11599.91
00e12e8b_5659,11599.93
00e12e8b_5660,11599.94
00e12e8b_5661,11599.95
00e12e8b_5662,11599.97
00e12e8b_5663,11599.99
00e12e8b_5664,11600.0
00e12e8b_5665,11600.01
00e12e8b_5666,11600.0
00e12e8b_5667,11600.01
00e12e8b_5668,11600.01
00e12e8b_5669,11600.01
00e12e8b_5670,11600.0
00e12e8b_5671,11600.03
00e12e8b_5672,11600.03
00e12e8b_5673,11600.04
00e12e8b_5674,11600.04
00e12e8b_5675,11600.07
00e12e8b_5676,11600.07
00e12e8b_5677,11600.09
00e12e8b_5678,11600.12
00e12e8b_5679,11600.13
00e12e8b_5680,11600.15
00e12e8b_5681,11600.16
00e12e8b_5682,11600.16
00e12e8b_5683,11600.15
00e12e8b_5684,11600.14
00e12e8b_5685,11600.14
00e12e8b_5686,11600.13
00e12e8b_5687,11600.13
00e12e8b_5688,11600.13
00e12e8b_5689,11600.14
00e12e8b_5690,11600.13
00e12e8b_5691,11600.13
00e12e8b_5692,11600.14
00e12e8b_5693,11600.14
00e12e8b_5694,11600.16
00e12e8b_5695,11600.17
00e12e8b_5696,11600.2
00e12e8b_5697,11600.22
00e12e8b_5698,11600.23
00e12e8b_5699,11600.22
00e12e8b_5700,11600.22
00e12e8b_5701,11600.23
00e12e8b_5702,11600.22
00e12e8b_5703,11600.22
00e12e8b_5704,11600.21
00e12e8b_5705,11600.2
00e12e8b_5706,11600.2
00e12e8b_5707,11600.21
00e12e8b_5708,11600.22
00e12e8b_5709,11600.25
00e12e8b_5710,11600.28
00e12e8b_5711,11600.32
00e12e8b_5712,11600.35
00e12e8b_5713,11600.38
00e12e8b_5714,11600.4
00e12e8b_5715,11600.4
00e12e8b_5716,11600.4
00e12e8b_5717,11600.38
00e12e8b_5718,11600.36
00e12e8b_5719,11600.33
00e12e8b_5720,11600.31
00e12e8b_5721,11600.28
00e12e8b_5722,11600.27
00e12e8b_5723,11600.26
00e12e8b_5724,11600.26
00e12e8b_5725,11600.27
00e12e8b_5726,11600.29
00e12e8b_5727,11600.31
00e12e8b_5728,11600.33
00e12e8b_5729,11600.34
00e12e8b_5730,11600.36
00e12e8b_5731,11600.37
00e12e8b_5732,11600.39
00e12e8b_5733,11600.38
00e12e8b_5734,11600.38
00e12e8b_5735,11600.4
00e12e8b_5736,11600.44
00e12e8b_5737,11600.49
00e12e8b_5738,11600.55
00e12e8b_5739,11600.61
00e12e8b_5740,11600.7
00e12e8b_5741,11600.78
00e12e8b_5742,11600.85
00e12e8b_5743,11600.91
00e12e8b_5744,11600.97
00e12e8b_5745,11601.02
00e12e8b_5746,11601.05
00e12e8b_5747,11601.08
00e12e8b_5748,11601.09
00e12e8b_5749,11601.07
00e12e8b_5750,11601.08
00e12e8b_5751,11601.09
00e12e8b_5752,11601.09
00e12e8b_5753,11601.08
00e12e8b_5754,11601.06
00e12e8b_5755,11601.05
00e12e8b_5756,11601.03
00e12e8b_5757,11601.02
00e12e8b_5758,11601.0
00e12e8b_5759,11600.99
00e12e8b_5760,11600.99
00e12e8b_5761,11600.98
00e12e8b_5762,11600.99
00e12e8b_5763,11600.99
00e12e8b_5764,11600.99
00e12e8b_5765,11600.99
00e12e8b_5766,11600.98
00e12e8b_5767,11600.98
00e12e8b_5768,11600.98
00e12e8b_5769,11600.96
00e12e8b_5770,11600.94
00e12e8b_5771,11600.93
00e12e8b_5772,11600.92
00e12e8b_5773,11600.92
00e12e8b_5774,11600.92
00e12e8b_5775,11600.92
00e12e8b_5776,11600.92
00e12e8b_5777,11600.92
00e12e8b_5778,11600.9
00e12e8b_5779,11600.89
00e12e8b_5780,11600.9
00e12e8b_5781,11600.92
00e12e8b_5782,11600.96
00e12e8b_5783,11601.0
00e12e8b_5784,11601.04
00e12e8b_5785,11601.09
00e12e8b_5786,11601.13
00e12e8b_5787,11601.17
00e12e8b_5788,11601.2
00e12e8b_5789,11601.23
00e12e8b_5790,11601.25
00e12e8b_5791,11601.27
00e12e8b_5792,11601.28
00e12e8b_5793,11601.27
00e12e8b_5794,11601.26
00e12e8b_5795,11601.27
00e12e8b_5796,11601.27
00e12e8b_5797,11601.29
00e12e8b_5798,11601.3
00e12e8b_5799,11601.31
00e12e8b_5800,11601.32
00e12e8b_5801,11601.34
00e12e8b_5802,11601.36
00e12e8b_5803,11601.38
00e12e8b_5804,11601.4
00e12e8b_5805,11601.43
00e12e8b_5806,11601.47
00e12e8b_5807,11601.5
00e12e8b_5808,11601.53
00e12e8b_5809,11601.56
00e12e8b_5810,11601.59
00e12e8b_5811,11601.61
00e12e8b_5812,11601.62
00e12e8b_5813,11601.64
00e12e8b_5814,11601.65
00e12e8b_5815,11601.66
00e12e8b_5816,11601.68
00e12e8b_5817,11601.7
00e12e8b_5818,11601.72
00e12e8b_5819,11601.74
00e12e8b_5820,11601.77
00e12e8b_5821,11601.79
00e12e8b_5822,11601.79
00e12e8b_5823,11601.8
00e12e8b_5824,11601.8
00e12e8b_5825,11601.81
00e12e8b_5826,11601.8
00e12e8b_5827,11601.79
00e12e8b_5828,11601.78
00e12e8b_5829,11601.78
00e12e8b_5830,11601.78
00e12e8b_5831,11601.77
00e12e8b_5832,11601.78
00e12e8b_5833,11601.8
00e12e8b_5834,11601.84
00e12e8b_5835,11601.88
00e12e8b_5836,11601.93
00e12e8b_5837,11601.97
00e12e8b_5838,11602.02
00e12e8b_5839,11602.07
00e12e8b_5840,11602.11
00e12e8b_5841,11602.14
00e12e8b_5842,11602.17
00e12e8b_5843,11602.19
00e12e8b_5844,11602.21
00e12e8b_5845,11602.21
00e12e8b_5846,11602.21
00e12e8b_5847,11602.19
00e12e8b_5848,11602.19
00e12e8b_5849,11602.2
00e12e8b_5850,11602.2
00e12e8b_5851,11602.2
00e12e8b_5852,11602.2
00e12e8b_5853,11602.2
00e12e8b_5854,11602.19
00e12e8b_5855,11602.2
00e12e8b_5856,11602.2
00e12e8b_5857,11602.23
00e12e8b_5858,11602.24
00e12e8b_5859,11602.26
00e12e8b_5860,11602.28
00e12e8b_5861,11602.3
00e12e8b_5862,11602.31
00e12e8b_5863,11602.32
00e12e8b_5864,11602.33
00e12e8b_5865,11602.34
00e12e8b_5866,11602.34
00e12e8b_5867,11602.33
00e12e8b_5868,11602.31
00e12e8b_5869,11602.29
00e12e8b_5870,11602.28
00e12e8b_5871,11602.29
00e12e8b_5872,11602.29
00e12e8b_5873,11602.3
00e12e8b_5874,11602.3
00e12e8b_5875,11602.3
00e12e8b_5876,11602.29
00e12e8b_5877,11602.3
00e12e8b_5878,11602.31
00e12e8b_5879,11602.31
00e12e8b_5880,11602.32
00e12e8b_5881,11602.33
00e12e8b_5882,11602.37
00e12e8b_5883,11602.41
00e12e8b_5884,11602.45
00e12e8b_5885,11602.51
00e12e8b_5886,11602.61
00e12e8b_5887,11602.7
00e12e8b_5888,11602.81
00e12e8b_5889,11602.91
00e12e8b_5890,11602.99
00e12e8b_5891,11603.06
00e12e8b_5892,11603.11
00e12e8b_5893,11603.16
00e12e8b_5894,11603.17
00e12e8b_5895,11603.17
00e12e8b_5896,11603.17
00e12e8b_5897,11603.17
00e12e8b_5898,11603.17
00e12e8b_5899,11603.17
00e12e8b_5900,11603.16
00e12e8b_5901,11603.17
00e12e8b_5902,11603.19
00e12e8b_5903,11603.22
00e12e8b_5904,11603.25
00e12e8b_5905,11603.26
00e12e8b_5906,11603.27
00e12e8b_5907,11603.28
00e12e8b_5908,11603.29
00e12e8b_5909,11603.29
00e12e8b_5910,11603.29
00e12e8b_5911,11603.3
00e12e8b_5912,11603.32
00e12e8b_5913,11603.34
00e12e8b_5914,11603.36
00e12e8b_5915,11603.39
00e12e8b_5916,11603.42
00e12e8b_5917,11603.44
00e12e8b_5918,11603.48
00e12e8b_5919,11603.54
00e12e8b_5920,11603.63
00e12e8b_5921,11603.71
00e12e8b_5922,11603.81
00e12e8b_5923,11603.91
00e12e8b_5924,11603.97
00e12e8b_5925,11604.04
00e12e8b_5926,11604.14
00e12e8b_5927,11604.2
00e12e8b_5928,11604.25
00e12e8b_5929,11604.28
00e12e8b_5930,11604.3
00e12e8b_5931,11604.3
00e12e8b_5932,11604.29
00e12e8b_5933,11604.29
00e12e8b_5934,11604.29
00e12e8b_5935,11604.32
00e12e8b_5936,11604.36
00e12e8b_5937,11604.38
00e12e8b_5938,11604.43
00e12e8b_5939,11604.45
00e12e8b_5940,11604.49
00e12e8b_5941,11604.56
00e12e8b_5942,11604.62
00e12e8b_5943,11604.64
00e12e8b_5944,11604.7
00e12e8b_5945,11604.76
00e12e8b_5946,11604.81
00e12e8b_5947,11604.85
00e12e8b_5948,11604.88
00e12e8b_5949,11604.92
00e12e8b_5950,11604.94
00e12e8b_5951,11604.96
00e12e8b_5952,11604.95
00e12e8b_5953,11604.95
00e12e8b_5954,11604.95
00e12e8b_5955,11604.98
00e12e8b_5956,11605.01
00e12e8b_5957,11605.0
00e12e8b_5958,11604.97
00e12e8b_5959,11604.91
00e12e8b_5960,11604.88
00e12e8b_5961,11604.88
00e12e8b_5962,11604.88
00e12e8b_5963,11604.88
00e12e8b_5964,11604.91
00e12e8b_5965,11604.95
00e12e8b_5966,11604.98
00e12e8b_5967,11605.03
00e12e8b_5968,11605.08
00e12e8b_5969,11605.14
00e12e8b_5970,11605.21
00e12e8b_5971,11605.29
00e12e8b_5972,11605.34
00e12e8b_5973,11605.37
00e12e8b_5974,11605.37
00e12e8b_5975,11605.36
00e12e8b_5976,11605.36
00e12e8b_5977,11605.36
00e12e8b_5978,11605.35
00e12e8b_5979,11605.35
00e12e8b_5980,11605.37
00e12e8b_5981,11605.4
00e12e8b_5982,11605.42
00e12e8b_5983,11605.45
00e12e8b_5984,11605.49
00e12e8b_5985,11605.55
00e12e8b_5986,11605.59
00e12e8b_5987,11605.64
00e12e8b_5988,11605.67
00e12e8b_5989,11605.72
00e12e8b_5990,11605.72
00e12e8b_5991,11605.72
00e12e8b_5992,11605.68
00e12e8b_5993,11605.66
00e12e8b_5994,11605.65
00e12e8b_5995,11605.66
00e12e8b_5996,11605.65
00e12e8b_5997,11605.66
00e12e8b_5998,11605.63
00e12e8b_5999,11605.6
00e12e8b_6000,11605.58
00e12e8b_6001,11605.58
00e12e8b_6002,11605.57
00e12e8b_6003,11605.58
00e12e8b_6004,11605.59
00e12e8b_6005,11605.61
00e12e8b_6006,11605.62
00e12e8b_6007,11605.65
00e12e8b_6008,11605.67
00e12e8b_6009,11605.73
00e12e8b_6010,11605.78
00e12e8b_6011,11605.83
00e12e8b_6012,11605.87
00e12e8b_6013,11605.89
00e12e8b_6014,11605.88
00e12e8b_6015,11605.86
00e12e8b_6016,11605.85
00e12e8b_6017,11605.86
00e12e8b_6018,11605.87
00e12e8b_6019,11605.88
00e12e8b_6020,11605.9
00e12e8b_6021,11605.91
00e12e8b_6022,11605.92
00e12e8b_6023,11605.93
00e12e8b_6024,11605.93
00e12e8b_6025,11605.95
00e12e8b_6026,11605.95
00e12e8b_6027,11605.94
00e12e8b_6028,11605.95
00e12e8b_6029,11605.93
00e12e8b_6030,11605.92
00e12e8b_6031,11605.91
00e12e8b_6032,11605.91
00e12e8b_6033,11605.91
00e12e8b_6034,11605.92
00e12e8b_6035,11605.93
00e12e8b_6036,11605.94
00e12e8b_6037,11605.93
00e12e8b_6038,11605.93
00e12e8b_6039,11605.93
00e12e8b_6040,11605.92
00e12e8b_6041,11605.9
00e12e8b_6042,11605.88
00e12e8b_6043,11605.86
00e12e8b_6044,11605.81
00e12e8b_6045,11605.76
00e12e8b_6046,11605.72
00e12e8b_6047,11605.69
00e12e8b_6048,11605.64
00e12e8b_6049,11605.6
00e12e8b_6050,11605.56
00e12e8b_6051,11605.55
00e12e8b_6052,11605.55
00e12e8b_6053,11605.54
00e12e8b_6054,11605.54
00e12e8b_6055,11605.51
00e12e8b_6056,11605.48
00e12e8b_6057,11605.45
00e12e8b_6058,11605.42
00e12e8b_6059,11605.37
00e12e8b_6060,11605.32
00e12e8b_6061,11605.27
00e12e8b_6062,11605.25
00e12e8b_6063,11605.25
00e12e8b_6064,11605.24
00e12e8b_6065,11605.27
00e12e8b_6066,11605.32
00e12e8b_6067,11605.38
00e12e8b_6068,11605.42
00e12e8b_6069,11605.46
00e12e8b_6070,11605.48
00e12e8b_6071,11605.5
00e12e8b_6072,11605.5
00e12e8b_6073,11605.48
00e12e8b_6074,11605.46
00e12e8b_6075,11605.43
00e12e8b_6076,11605.38
00e12e8b_6077,11605.32
00e12e8b_6078,11605.27
00e12e8b_6079,11605.23
00e12e8b_6080,11605.16
00e12e8b_6081,11605.12
00e12e8b_6082,11605.08
00e12e8b_6083,11605.03
00e12e8b_6084,11605.0
00e12e8b_6085,11604.97
00e12e8b_6086,11604.95
00e12e8b_6087,11604.93
00e12e8b_6088,11604.91
00e12e8b_6089,11604.88
00e12e8b_6090,11604.85
00e12e8b_6091,11604.8
00e12e8b_6092,11604.74
00e12e8b_6093,11604.66
00e12e8b_6094,11604.59
00e12e8b_6095,11604.52
00e12e8b_6096,11604.44
00e12e8b_6097,11604.39
00e12e8b_6098,11604.35
00e12e8b_6099,11604.31
00e12e8b_6100,11604.29
00e12e8b_6101,11604.27
00e12e8b_6102,11604.27
00e12e8b_6103,11604.29
00e12e8b_6104,11604.3
00e12e8b_6105,11604.32
00e12e8b_6106,11604.34
00e12e8b_6107,11604.35
00e12e8b_6108,11604.34
00e12e8b_6109,11604.33
00e12e8b_6110,11604.31
00e12e8b_6111,11604.3
00e12e8b_6112,11604.31
00e12e8b_6113,11604.3
00e12e8b_6114,11604.27
00e12e8b_6115,11604.19
00e12e8b_6116,11604.1
00e12e8b_6117,11603.99
00e12e8b_6118,11603.88
00e12e8b_6119,11603.76
00e12e8b_6120,11603.64
00e12e8b_6121,11603.51
00e12e8b_6122,11603.37
00e12e8b_6123,11603.24
00e12e8b_6124,11603.13
00e12e8b_6125,11603.04
00e12e8b_6126,11602.99
00e12e8b_6127,11602.98
00e12e8b_6128,11603.0
00e12e8b_6129,11603.02
00e12e8b_6130,11603.05
00e12e8b_6131,11603.08
00e12e8b_6132,11603.12
00e12e8b_6133,11603.14
00e12e8b_6134,11603.17
00e12e8b_6135,11603.18
00e12e8b_6136,11603.17
00e12e8b_6137,11603.15
00e12e8b_6138,11603.13
00e12e8b_6139,11603.11
00e12e8b_6140,11603.09
00e12e8b_6141,11603.08
00e12e8b_6142,11603.07
00e12e8b_6143,11603.07
00e12e8b_6144,11603.08
00e12e8b_6145,11603.11
00e12e8b_6146,11603.14
00e12e8b_6147,11603.16
00e12e8b_6148,11603.17
00e12e8b_6149,11603.18
00e12e8b_6150,11603.18
00e12e8b_6151,11603.18
00e12e8b_6152,11603.17
00e12e8b_6153,11603.17
00e12e8b_6154,11603.16
00e12e8b_6155,11603.15
00e12e8b_6156,11603.14
00e12e8b_6157,11603.13
00e12e8b_6158,11603.13
00e12e8b_6159,11603.12
00e12e8b_6160,11603.11
00e12e8b_6161,11603.13
00e12e8b_6162,11603.14
00e12e8b_6163,11603.16
00e12e8b_6164,11603.17
00e12e8b_6165,11603.19
00e12e8b_6166,11603.21
00e12e8b_6167,11603.24
00e12e8b_6168,11603.26
00e12e8b_6169,11603.24
00e12e8b_6170,11603.2
00e12e8b_6171,11603.13
00e12e8b_6172,11603.06
00e12e8b_6173,11602.97
00e12e8b_6174,11602.88
00e12e8b_6175,11602.79
00e12e8b_6176,11602.72
00e12e8b_6177,11602.68
00e12e8b_6178,11602.65
00e12e8b_6179,11602.63
00e12e8b_6180,11602.6
00e12e8b_6181,11602.6
00e12e8b_6182,11602.6
00e12e8b_6183,11602.59
00e12e8b_6184,11602.54
00e12e8b_6185,11602.48
00e12e8b_6186,11602.4
00e12e8b_6187,11602.32
00e12e8b_6188,11602.24
00e12e8b_6189,11602.16
00e12e8b_6190,11602.12
00e12e8b_6191,11602.09
00e12e8b_6192,11602.07
00e12e8b_6193,11602.08
00e12e8b_6194,11602.1
00e12e8b_6195,11602.12
00e12e8b_6196,11602.14
00e12e8b_6197,11602.17
00e12e8b_6198,11602.19
00e12e8b_6199,11602.2
00e12e8b_6200,11602.21
00e12e8b_6201,11602.23
00e12e8b_6202,11602.23
00e12e8b_6203,11602.24
00e12e8b_6204,11602.24
00e12e8b_6205,11602.22
00e12e8b_6206,11602.2
00e12e8b_6207,11602.13
00e12e8b_6208,11602.1
00e12e8b_6209,11602.07
00e12e8b_6210,11602.02
00e12e8b_6211,11601.97
00e12e8b_6212,11601.92
00e12e8b_6213,11601.86
00e12e8b_6214,11601.81
00e12e8b_6215,11601.76
00e12e8b_6216,11601.71
00e12e8b_6217,11601.7
00e12e8b_6218,11601.68
00e12e8b_6219,11601.67
00e12e8b_6220,11601.64
00e12e8b_6221,11601.61
00e12e8b_6222,11601.56
00e12e8b_6223,11601.55
00e12e8b_6224,11601.58
00e12e8b_6225,11601.58
00e12e8b_6226,11601.56
00e12e8b_6227,11601.57
00e12e8b_6228,11601.58
00e12e8b_6229,11601.57
00e12e8b_6230,11601.54
00e12e8b_6231,11601.53
00e12e8b_6232,11601.52
00e12e8b_6233,11601.52
00e12e8b_6234,11601.53
00e12e8b_6235,11601.54
00e12e8b_6236,11601.53
00e12e8b_6237,11601.54
00e12e8b_6238,11601.53
00e12e8b_6239,11601.53
00e12e8b_6240,11601.52
00e12e8b_6241,11601.48
00e12e8b_6242,11601.46
00e12e8b_6243,11601.47
00e12e8b_6244,11601.42
00e12e8b_6245,11601.4
00e12e8b_6246,11601.36
00e12e8b_6247,11601.39
00e12e8b_6248,11601.38
00e12e8b_6249,11601.42
00e12e8b_6250,11601.45
00e12e8b_6251,11601.47
00e12e8b_6252,11601.46
00e12e8b_6253,11601.48
00e12e8b_6254,11601.43
00e12e8b_6255,11601.38
00e12e8b_6256,11601.37
00e12e8b_6257,11601.3
00e12e8b_6258,11601.29
00e12e8b_6259,11601.23
00e12e8b_6260,11601.19
00e12e8b_6261,11601.2
00e12e8b_6262,11601.17
00e12e8b_6263,11601.19
00e12e8b_6264,11601.17
00e12e8b_6265,11601.19
00e12e8b_6266,11601.18
00e12e8b_6267,11601.17
00e12e8b_6268,11601.15
00e12e8b_6269,11601.16
00e12e8b_6270,11601.15
00e12e8b_6271,11601.12
00e12e8b_6272,11601.08
00e12e8b_6273,11601.02
00e12e8b_6274,11601.01
00e12e8b_6275,11600.93
00e12e8b_6276,11600.89
00e12e8b_6277,11600.84
00e12e8b_6278,11600.77
00e12e8b_6279,11600.72
00e12e8b_6280,11600.64
00e12e8b_6281,11600.59
00e12e8b_6282,11600.53
00e12e8b_6283,11600.46
00e12e8b_6284,11600.42
00e12e8b_6285,11600.36
00e12e8b_6286,11600.26
00e12e8b_6287,11600.13
00e12e8b_6288,11600.02
00e12e8b_6289,11599.91
00e12e8b_6290,11599.81
00e12e8b_6291,11599.68
00e12e8b_6292,11599.6
00e12e8b_6293,11599.51
00e12e8b_6294,11599.44
00e12e8b_6295,11599.39
00e12e8b_6296,11599.35
00e12e8b_6297,11599.3
00e12e8b_6298,11599.27
00e12e8b_6299,11599.24
00e12e8b_6300,11599.2
00e12e8b_6301,11599.18
00e12e8b_6302,11599.13
00e12e8b_6303,11599.1
00e12e8b_6304,11599.05
00e12e8b_6305,11598.99
00e12e8b_6306,11598.92
00e12e8b_6307,11598.87
00e12e8b_6308,11598.82
00e12e8b_6309,11598.75
00e12e8b_6310,11598.69
00e12e8b_6311,11598.65
00e12e8b_6312,11598.6
00e12e8b_6313,11598.55
00e12e8b_6314,11598.54
00e12e8b_6315,11598.51
00e12e8b_6316,11598.49
00e12e8b_6317,11598.46
00e12e8b_6318,11598.42
00e12e8b_6319,11598.36
00e12e8b_6320,11598.29
00e12e8b_6321,11598.22
00e12e8b_6322,11598.17
00e12e8b_6323,11598.13
00e12e8b_6324,11598.1
00e12e8b_6325,11598.06
00e12e8b_6326,11598.03
00e12e8b_6327,11598.01
00e12e8b_6328,11597.97
00e12e8b_6329,11597.94
00e12e8b_6330,11597.93
00e12e8b_6331,11597.9
00e12e8b_6332,11597.86
00e12e8b_6333,11597.82
00e12e8b_6334,11597.79
00e12e8b_6335,11597.73
00e12e8b_6336,11597.69
00e12e8b_6337,11597.67
00e12e8b_6338,11597.66
00e12e8b_6339,11597.67
00e12e8b_6340,11597.68
00e12e8b_6341,11597.68
00e12e8b_6342,11597.69
00e12e8b_6343,11597.69
00e12e8b_6344,11597.69
00e12e8b_6345,11597.71
00e12e8b_6346,11597.73
00e12e8b_6347,11597.75
00e12e8b_6348,11597.77
00e12e8b_6349,11597.79
00e12e8b_6350,11597.79
00e12e8b_6351,11597.79
00e12e8b_6352,11597.79
00e12e8b_6353,11597.79
00e12e8b_6354,11597.79
00e12e8b_6355,11597.78
00e12e8b_6356,11597.79
00e12e8b_6357,11597.79
00e12e8b_6358,11597.79
00e12e8b_6359,11597.78
00e12e8b_6360,11597.78
00e12e8b_6361,11597.78
00e12e8b_6362,11597.78
00e12e8b_6363,11597.77
00e12e8b_6364,11597.75
00e12e8b_6365,11597.73
00e12e8b_6366,11597.7
00e12e8b_6367,11597.68
00e12e8b_6368,11597.64
00e12e8b_6369,11597.62
00e12e8b_6370,11597.59
00e12e8b_6371,11597.57
00e12e8b_6372,11597.55
00e12e8b_6373,11597.53
00e12e8b_6374,11597.51
00e12e8b_6375,11597.5
00e12e8b_6376,11597.49
00e12e8b_6377,11597.49
00e12e8b_6378,11597.5
00e12e8b_6379,11597.5
00e12e8b_6380,11597.5
00e12e8b_6381,11597.51
00e12e8b_6382,11597.51
00e12e8b_6383,11597.52
