id,tvt
000d7d20_1442,11747.741
000d7d20_1443,11747.754
000d7d20_1444,11747.77
000d7d20_1445,11747.706
000d7d20_1446,11747.708
000d7d20_1447,11747.737
000d7d20_1448,11747.835
000d7d20_1449,11747.777
000d7d20_1450,11747.721
000d7d20_1451,11747.734
000d7d20_1452,11747.819
000d7d20_1453,11747.751
000d7d20_1454,11747.714
000d7d20_1455,11747.816
000d7d20_1456,11747.767
000d7d20_1457,11747.682
000d7d20_1458,11747.799
000d7d20_1459,11747.786
000d7d20_1460,11747.801
000d7d20_1461,11747.812
000d7d20_1462,11747.879
000d7d20_1463,11747.947
000d7d20_1464,11747.853
000d7d20_1465,11747.899
000d7d20_1466,11747.955
000d7d20_1467,11747.952
000d7d20_1468,11747.975
000d7d20_1469,11748.039
000d7d20_1470,11748.011
000d7d20_1471,11748.039
000d7d20_1472,11748.009
000d7d20_1473,11748.037
000d7d20_1474,11747.998
000d7d20_1475,11748.015
000d7d20_1476,11747.977
000d7d20_1477,11747.987
000d7d20_1478,11747.959
000d7d20_1479,11747.987
000d7d20_1480,11747.963
000d7d20_1481,11748.114
000d7d20_1482,11748.27
000d7d20_1483,11748.324
000d7d20_1484,11748.567
000d7d20_1485,11748.555
000d7d20_1486,11748.514
000d7d20_1487,11748.577
000d7d20_1488,11748.554
000d7d20_1489,11748.468
000d7d20_1490,11748.534
000d7d20_1491,11748.278
000d7d20_1492,11748.2
000d7d20_1493,11748.1455
000d7d20_1494,11748.214
000d7d20_1495,11748.21
000d7d20_1496,11748.182
000d7d20_1497,11748.211
000d7d20_1498,11748.149
000d7d20_1499,11748.166
000d7d20_1500,11748.182
000d7d20_1501,11748.196
000d7d20_1502,11748.286
000d7d20_1503,11748.383
000d7d20_1504,11748.528
000d7d20_1505,11748.488
000d7d20_1506,11748.5
000d7d20_1507,11748.522
000d7d20_1508,11748.403
000d7d20_1509,11748.372
000d7d20_1510,11748.41
000d7d20_1511,11748.332
000d7d20_1512,11748.369
000d7d20_1513,11748.376
000d7d20_1514,11748.404
000d7d20_1515,11748.376
000d7d20_1516,11748.398
000d7d20_1517,11748.359
000d7d20_1518,11748.38
000d7d20_1519,11748.382
000d7d20_1520,11748.405
000d7d20_1521,11748.391
000d7d20_1522,11748.401
000d7d20_1523,11748.485
000d7d20_1524,11748.598
000d7d20_1525,11748.638
000d7d20_1526,11748.691
000d7d20_1527,11748.73
000d7d20_1528,11748.692
000d7d20_1529,11748.632
000d7d20_1530,11748.843
000d7d20_1531,11748.554
000d7d20_1532,11748.471
000d7d20_1533,11748.444
000d7d20_1534,11748.441
000d7d20_1535,11748.469
000d7d20_1536,11748.439
000d7d20_1537,11748.447
000d7d20_1538,11748.339
000d7d20_1539,11748.573
000d7d20_1540,11748.3955
000d7d20_1541,11748.349
000d7d20_1542,11748.407
000d7d20_1543,11748.42
000d7d20_1544,11748.548
000d7d20_1545,11748.77
000d7d20_1546,11748.564
000d7d20_1547,11748.651
000d7d20_1548,11748.798
000d7d20_1549,11748.902
000d7d20_1550,11748.662
000d7d20_1551,11748.427
000d7d20_1552,11748.455
000d7d20_1553,11748.582
000d7d20_1554,11748.363
000d7d20_1555,11748.339
000d7d20_1556,11748.565
000d7d20_1557,11748.376
000d7d20_1558,11748.328
000d7d20_1559,11748.331
000d7d20_1560,11748.544
000d7d20_1561,11748.362
000d7d20_1562,11748.594
000d7d20_1563,11748.437
000d7d20_1564,11748.444
000d7d20_1565,11748.75
000d7d20_1566,11748.592
000d7d20_1567,11748.746
000d7d20_1568,11748.634
000d7d20_1569,11748.458
000d7d20_1570,11748.673
000d7d20_1571,11748.492
000d7d20_1572,11748.544
000d7d20_1573,11748.318
000d7d20_1574,11748.434
000d7d20_1575,11748.274
000d7d20_1576,11748.366
000d7d20_1577,11748.126
000d7d20_1578,11748.277
000d7d20_1579,11748.067
000d7d20_1580,11748.247
000d7d20_1581,11748.082
000d7d20_1582,11748.297
000d7d20_1583,11748.1045
000d7d20_1584,11748.322
000d7d20_1585,11748.128
000d7d20_1586,11748.33
000d7d20_1587,11748.4795
000d7d20_1588,11748.153
000d7d20_1589,11748.473
000d7d20_1590,11748.271
000d7d20_1591,11748.393
000d7d20_1592,11748.319
000d7d20_1593,11747.993
000d7d20_1594,11748.196
000d7d20_1595,11748.275
000d7d20_1596,11748.007
000d7d20_1597,11748.219
000d7d20_1598,11748.281
000d7d20_1599,11747.923
000d7d20_1600,11748.172
000d7d20_1601,11748.159
000d7d20_1602,11747.909
000d7d20_1603,11748.206
000d7d20_1604,11748.228
000d7d20_1605,11748.076
000d7d20_1606,11748.335
000d7d20_1607,11748.455
000d7d20_1608,11748.106
000d7d20_1609,11748.316
000d7d20_1610,11748.023
000d7d20_1611,11748.261
000d7d20_1612,11748.128
000d7d20_1613,11747.923
000d7d20_1614,11748.077
000d7d20_1615,11748.041
000d7d20_1616,11747.895
000d7d20_1617,11748.008
000d7d20_1618,11747.87
000d7d20_1619,11748.043
000d7d20_1620,11748.082
000d7d20_1621,11747.861
000d7d20_1622,11747.886
000d7d20_1623,11747.999
000d7d20_1624,11747.793
000d7d20_1625,11748.045
000d7d20_1626,11747.784
000d7d20_1627,11748.042
000d7d20_1628,11748.121
000d7d20_1629,11747.77
000d7d20_1630,11748.004
000d7d20_1631,11747.691
000d7d20_1632,11747.979
000d7d20_1633,11747.919
000d7d20_1634,11747.62
000d7d20_1635,11747.674
000d7d20_1636,11747.448
000d7d20_1637,11747.709
000d7d20_1638,11747.709
000d7d20_1639,11747.432
000d7d20_1640,11747.694
000d7d20_1641,11747.443
000d7d20_1642,11747.689
000d7d20_1643,11747.391
000d7d20_1644,11747.712
000d7d20_1645,11747.681
000d7d20_1646,11747.354
000d7d20_1647,11747.646
000d7d20_1648,11747.4375
000d7d20_1649,11747.636
000d7d20_1650,11747.39
000d7d20_1651,11747.646
000d7d20_1652,11747.394
000d7d20_1653,11747.726
000d7d20_1654,11747.708
000d7d20_1655,11747.418
000d7d20_1656,11747.567
000d7d20_1657,11747.376
000d7d20_1658,11747.609
000d7d20_1659,11747.376
000d7d20_1660,11747.592
000d7d20_1661,11747.393
000d7d20_1662,11747.624
000d7d20_1663,11747.607
000d7d20_1664,11747.395
000d7d20_1665,11747.662
000d7d20_1666,11747.507
000d7d20_1667,11747.679
000d7d20_1668,11747.563
000d7d20_1669,11747.762
000d7d20_1670,11747.644
000d7d20_1671,11747.786
000d7d20_1672,11747.667
000d7d20_1673,11747.754
000d7d20_1674,11747.719
000d7d20_1675,11747.772
000d7d20_1676,11747.688
000d7d20_1677,11747.651
000d7d20_1678,11747.565
000d7d20_1679,11747.616
000d7d20_1680,11747.575
000d7d20_1681,11747.657
000d7d20_1682,11747.573
000d7d20_1683,11747.674
000d7d20_1684,11747.589
000d7d20_1685,11747.739
000d7d20_1686,11747.665
000d7d20_1687,11747.69
000d7d20_1688,11747.607
000d7d20_1689,11747.727
000d7d20_1690,11747.642
000d7d20_1691,11747.842
000d7d20_1692,11747.577
000d7d20_1693,11747.757
000d7d20_1694,11747.55
000d7d20_1695,11747.586
000d7d20_1696,11747.816
000d7d20_1697,11747.633
000d7d20_1698,11747.658
000d7d20_1699,11747.596
000d7d20_1700,11747.788
000d7d20_1701,11747.501
000d7d20_1702,11747.525
000d7d20_1703,11747.392
000d7d20_1704,11747.39
000d7d20_1705,11747.44
000d7d20_1706,11747.597
000d7d20_1707,11747.487
000d7d20_1708,11747.44
000d7d20_1709,11747.433
000d7d20_1710,11747.438
000d7d20_1711,11747.441
000d7d20_1712,11747.502
000d7d20_1713,11747.502
000d7d20_1714,11747.526
000d7d20_1715,11747.643
000d7d20_1716,11747.538
000d7d20_1717,11747.467
000d7d20_1718,11747.47
000d7d20_1719,11747.443
000d7d20_1720,11747.473
000d7d20_1721,11747.5625
000d7d20_1722,11747.397
000d7d20_1723,11747.497
000d7d20_1724,11747.473
000d7d20_1725,11747.592
000d7d20_1726,11747.451
000d7d20_1727,11747.429
000d7d20_1728,11747.58
000d7d20_1729,11747.303
000d7d20_1730,11747.472
000d7d20_1731,11747.382
000d7d20_1732,11747.425
000d7d20_1733,11747.298
000d7d20_1734,11747.46
000d7d20_1735,11747.254
000d7d20_1736,11747.456
000d7d20_1737,11747.294
000d7d20_1738,11747.51
000d7d20_1739,11747.461
000d7d20_1740,11747.345
000d7d20_1741,11747.5625
000d7d20_1742,11747.533
000d7d20_1743,11747.443
000d7d20_1744,11747.582
000d7d20_1745,11747.5625
000d7d20_1746,11747.532
000d7d20_1747,11747.612
000d7d20_1748,11747.476
000d7d20_1749,11747.634
000d7d20_1750,11747.653
000d7d20_1751,11747.695
000d7d20_1752,11747.495
000d7d20_1753,11747.546
000d7d20_1754,11747.566
000d7d20_1755,11747.6
000d7d20_1756,11747.568
000d7d20_1757,11747.582
000d7d20_1758,11747.633
000d7d20_1759,11747.664
000d7d20_1760,11747.63
000d7d20_1761,11747.669
000d7d20_1762,11747.613
000d7d20_1763,11747.475
000d7d20_1764,11747.58
000d7d20_1765,11747.62
000d7d20_1766,11747.631
000d7d20_1767,11747.477
000d7d20_1768,11747.394
000d7d20_1769,11747.4795
000d7d20_1770,11747.547
000d7d20_1771,11747.432
000d7d20_1772,11747.427
000d7d20_1773,11747.498
000d7d20_1774,11747.336
000d7d20_1775,11747.428
000d7d20_1776,11747.363
000d7d20_1777,11747.495
000d7d20_1778,11747.447
000d7d20_1779,11747.591
000d7d20_1780,11747.506
000d7d20_1781,11747.663
000d7d20_1782,11747.535
000d7d20_1783,11747.497
000d7d20_1784,11747.632
000d7d20_1785,11747.534
000d7d20_1786,11747.613
000d7d20_1787,11747.528
000d7d20_1788,11747.613
000d7d20_1789,11747.614
000d7d20_1790,11747.7
000d7d20_1791,11747.657
000d7d20_1792,11747.7295
000d7d20_1793,11747.627
000d7d20_1794,11747.727
000d7d20_1795,11747.813
000d7d20_1796,11747.656
000d7d20_1797,11747.735
000d7d20_1798,11747.624
000d7d20_1799,11747.765
000d7d20_1800,11747.847
000d7d20_1801,11747.787
000d7d20_1802,11747.707
000d7d20_1803,11747.741
000d7d20_1804,11747.782
000d7d20_1805,11747.788
000d7d20_1806,11747.656
000d7d20_1807,11747.735
000d7d20_1808,11747.81
000d7d20_1809,11747.791
000d7d20_1810,11747.805
000d7d20_1811,11747.832
000d7d20_1812,11747.752
000d7d20_1813,11747.787
000d7d20_1814,11747.86
000d7d20_1815,11747.833
000d7d20_1816,11747.813
000d7d20_1817,11747.816
000d7d20_1818,11747.811
000d7d20_1819,11747.741
000d7d20_1820,11747.698
000d7d20_1821,11747.745
000d7d20_1822,11747.714
000d7d20_1823,11747.72
000d7d20_1824,11747.714
000d7d20_1825,11747.755
000d7d20_1826,11747.619
000d7d20_1827,11747.77
000d7d20_1828,11747.725
000d7d20_1829,11747.718
000d7d20_1830,11747.735
000d7d20_1831,11747.767
000d7d20_1832,11747.644
000d7d20_1833,11747.771
000d7d20_1834,11747.777
000d7d20_1835,11747.662
000d7d20_1836,11747.585
000d7d20_1837,11747.725
000d7d20_1838,11747.706
000d7d20_1839,11747.559
000d7d20_1840,11747.705
000d7d20_1841,11747.639
000d7d20_1842,11747.496
000d7d20_1843,11747.638
000d7d20_1844,11747.491
000d7d20_1845,11747.582
000d7d20_1846,11747.434
000d7d20_1847,11747.539
000d7d20_1848,11747.453
000d7d20_1849,11747.578
000d7d20_1850,11747.453
000d7d20_1851,11747.583
000d7d20_1852,11747.431
000d7d20_1853,11747.456
000d7d20_1854,11747.362
000d7d20_1855,11747.529
000d7d20_1856,11747.247
000d7d20_1857,11747.197
000d7d20_1858,11747.319
000d7d20_1859,11747.128
000d7d20_1860,11747.197
000d7d20_1861,11747.405
000d7d20_1862,11747.256
000d7d20_1863,11747.381
000d7d20_1864,11747.391
000d7d20_1865,11747.454
000d7d20_1866,11747.315
000d7d20_1867,11747.459
000d7d20_1868,11747.474
000d7d20_1869,11747.476
000d7d20_1870,11747.474
000d7d20_1871,11747.561
000d7d20_1872,11747.398
000d7d20_1873,11747.486
000d7d20_1874,11747.454
000d7d20_1875,11747.419
000d7d20_1876,11747.509
000d7d20_1877,11747.508
000d7d20_1878,11747.503
000d7d20_1879,11747.389
000d7d20_1880,11747.42
000d7d20_1881,11747.378
000d7d20_1882,11747.334
000d7d20_1883,11747.394
000d7d20_1884,11747.509
000d7d20_1885,11747.226
000d7d20_1886,11747.326
000d7d20_1887,11747.272
000d7d20_1888,11747.274
000d7d20_1889,11747.274
000d7d20_1890,11747.398
000d7d20_1891,11747.248
000d7d20_1892,11747.27
000d7d20_1893,11747.293
000d7d20_1894,11747.26
000d7d20_1895,11747.403
000d7d20_1896,11747.339
000d7d20_1897,11747.44
000d7d20_1898,11747.417
000d7d20_1899,11747.558
000d7d20_1900,11747.37
000d7d20_1901,11747.417
000d7d20_1902,11747.558
000d7d20_1903,11747.363
000d7d20_1904,11747.462
000d7d20_1905,11747.553
000d7d20_1906,11747.375
000d7d20_1907,11747.45
000d7d20_1908,11747.528
000d7d20_1909,11747.412
000d7d20_1910,11747.582
000d7d20_1911,11747.337
000d7d20_1912,11747.509
000d7d20_1913,11747.593
000d7d20_1914,11747.443
000d7d20_1915,11747.651
000d7d20_1916,11747.463
000d7d20_1917,11747.492
000d7d20_1918,11747.456
000d7d20_1919,11747.641
000d7d20_1920,11747.439
000d7d20_1921,11747.553
000d7d20_1922,11747.433
000d7d20_1923,11747.566
000d7d20_1924,11747.411
000d7d20_1925,11747.573
000d7d20_1926,11747.495
000d7d20_1927,11747.406
000d7d20_1928,11747.544
000d7d20_1929,11747.362
000d7d20_1930,11747.506
000d7d20_1931,11747.505
000d7d20_1932,11747.415
000d7d20_1933,11747.549
000d7d20_1934,11747.52
000d7d20_1935,11747.438
000d7d20_1936,11747.588
000d7d20_1937,11747.546
000d7d20_1938,11747.439
000d7d20_1939,11747.666
000d7d20_1940,11747.606
000d7d20_1941,11747.634
000d7d20_1942,11747.246
000d7d20_1943,11747.384
000d7d20_1944,11747.357
000d7d20_1945,11747.415
000d7d20_1946,11747.412
000d7d20_1947,11747.216
000d7d20_1948,11747.381
000d7d20_1949,11747.362
000d7d20_1950,11747.298
000d7d20_1951,11747.358
000d7d20_1952,11747.327
000d7d20_1953,11747.373
000d7d20_1954,11747.201
000d7d20_1955,11747.396
000d7d20_1956,11747.182
000d7d20_1957,11747.256
000d7d20_1958,11747.124
000d7d20_1959,11747.277
000d7d20_1960,11747.067
000d7d20_1961,11747.123
000d7d20_1962,11747.087
000d7d20_1963,11747.143
000d7d20_1964,11747.108
000d7d20_1965,11747.174
000d7d20_1966,11747.129
000d7d20_1967,11747.209
000d7d20_1968,11747.182
000d7d20_1969,11747.1875
000d7d20_1970,11747.18
000d7d20_1971,11747.21
000d7d20_1972,11747.179
000d7d20_1973,11747.042
000d7d20_1974,11747.136
000d7d20_1975,11747.221
000d7d20_1976,11747.238
000d7d20_1977,11747.214
000d7d20_1978,11747.228
000d7d20_1979,11747.129
000d7d20_1980,11747.175
000d7d20_1981,11747.226
000d7d20_1982,11747.229
000d7d20_1983,11747.086
000d7d20_1984,11747.173
000d7d20_1985,11747.225
000d7d20_1986,11747.121
000d7d20_1987,11747.17
000d7d20_1988,11747.278
000d7d20_1989,11747.194
000d7d20_1990,11747.2295
000d7d20_1991,11747.169
000d7d20_1992,11747.245
000d7d20_1993,11747.153
000d7d20_1994,11747.261
000d7d20_1995,11747.229
000d7d20_1996,11747.286
000d7d20_1997,11747.19
000d7d20_1998,11747.283
000d7d20_1999,11747.212
000d7d20_2000,11747.273
000d7d20_2001,11747.217
000d7d20_2002,11747.298
000d7d20_2003,11747.2
000d7d20_2004,11747.208
000d7d20_2005,11747.298
000d7d20_2006,11747.197
000d7d20_2007,11747.226
000d7d20_2008,11747.304
000d7d20_2009,11747.227
000d7d20_2010,11747.2295
000d7d20_2011,11747.201
000d7d20_2012,11747.296
000d7d20_2013,11747.247
000d7d20_2014,11747.1875
000d7d20_2015,11747.251
000d7d20_2016,11747.288
000d7d20_2017,11747.408
000d7d20_2018,11747.311
000d7d20_2019,11747.29
000d7d20_2020,11747.244
000d7d20_2021,11747.279
000d7d20_2022,11747.28
000d7d20_2023,11747.252
000d7d20_2024,11747.224
000d7d20_2025,11747.28
000d7d20_2026,11747.264
000d7d20_2027,11747.24
000d7d20_2028,11747.334
000d7d20_2029,11747.35
000d7d20_2030,11747.38
000d7d20_2031,11747.419
000d7d20_2032,11747.433
000d7d20_2033,11747.413
000d7d20_2034,11747.397
000d7d20_2035,11747.37
000d7d20_2036,11747.385
000d7d20_2037,11747.433
000d7d20_2038,11747.448
000d7d20_2039,11747.339
000d7d20_2040,11747.371
000d7d20_2041,11747.412
000d7d20_2042,11747.251
000d7d20_2043,11747.27
000d7d20_2044,11747.2705
000d7d20_2045,11747.363
000d7d20_2046,11747.345
000d7d20_2047,11747.3545
000d7d20_2048,11747.469
000d7d20_2049,11747.453
000d7d20_2050,11747.3955
000d7d20_2051,11747.468
000d7d20_2052,11747.416
000d7d20_2053,11747.445
000d7d20_2054,11747.49
000d7d20_2055,11747.432
000d7d20_2056,11747.489
000d7d20_2057,11747.48
000d7d20_2058,11747.506
000d7d20_2059,11747.566
000d7d20_2060,11747.537
000d7d20_2061,11747.54
000d7d20_2062,11747.56
000d7d20_2063,11747.545
000d7d20_2064,11747.512
000d7d20_2065,11747.673
000d7d20_2066,11747.661
000d7d20_2067,11747.714
000d7d20_2068,11747.711
000d7d20_2069,11747.738
000d7d20_2070,11747.707
000d7d20_2071,11747.711
000d7d20_2072,11747.65
000d7d20_2073,11747.65
000d7d20_2074,11747.731
000d7d20_2075,11747.712
000d7d20_2076,11747.828
000d7d20_2077,11747.858
000d7d20_2078,11747.989
000d7d20_2079,11747.955
000d7d20_2080,11747.929
000d7d20_2081,11748.016
000d7d20_2082,11747.977
000d7d20_2083,11748.083
000d7d20_2084,11748.04
000d7d20_2085,11748.151
000d7d20_2086,11748.112
000d7d20_2087,11748.156
000d7d20_2088,11748.136
000d7d20_2089,11748.185
000d7d20_2090,11748.218
000d7d20_2091,11748.279
000d7d20_2092,11748.273
000d7d20_2093,11748.226
000d7d20_2094,11748.243
000d7d20_2095,11748.238
000d7d20_2096,11748.274
000d7d20_2097,11748.225
000d7d20_2098,11748.258
000d7d20_2099,11748.29
000d7d20_2100,11748.262
000d7d20_2101,11748.294
000d7d20_2102,11748.274
000d7d20_2103,11748.321
000d7d20_2104,11748.309
000d7d20_2105,11748.26
000d7d20_2106,11748.33
000d7d20_2107,11748.325
000d7d20_2108,11748.255
000d7d20_2109,11748.357
000d7d20_2110,11748.331
000d7d20_2111,11748.278
000d7d20_2112,11748.334
000d7d20_2113,11748.264
000d7d20_2114,11748.2705
000d7d20_2115,11748.392
000d7d20_2116,11748.366
000d7d20_2117,11748.329
000d7d20_2118,11748.295
000d7d20_2119,11748.378
000d7d20_2120,11748.3545
000d7d20_2121,11748.328
000d7d20_2122,11748.295
000d7d20_2123,11748.365
000d7d20_2124,11748.395
000d7d20_2125,11748.392
000d7d20_2126,11748.329
000d7d20_2127,11748.344
000d7d20_2128,11748.359
000d7d20_2129,11748.324
000d7d20_2130,11748.355
000d7d20_2131,11748.308
000d7d20_2132,11748.271
000d7d20_2133,11748.343
000d7d20_2134,11748.36
000d7d20_2135,11748.374
000d7d20_2136,11748.388
000d7d20_2137,11748.366
000d7d20_2138,11748.362
000d7d20_2139,11748.325
000d7d20_2140,11748.2705
000d7d20_2141,11748.412
000d7d20_2142,11748.37
000d7d20_2143,11748.377
000d7d20_2144,11748.406
000d7d20_2145,11748.422
000d7d20_2146,11748.396
000d7d20_2147,11748.386
000d7d20_2148,11748.398
000d7d20_2149,11748.358
000d7d20_2150,11748.335
000d7d20_2151,11748.361
000d7d20_2152,11748.402
000d7d20_2153,11748.415
000d7d20_2154,11748.39
000d7d20_2155,11748.388
000d7d20_2156,11748.411
000d7d20_2157,11748.424
000d7d20_2158,11748.461
000d7d20_2159,11748.435
000d7d20_2160,11748.42
000d7d20_2161,11748.448
000d7d20_2162,11748.494
000d7d20_2163,11748.469
000d7d20_2164,11748.484
000d7d20_2165,11748.504
000d7d20_2166,11748.518
000d7d20_2167,11748.5
000d7d20_2168,11748.5
000d7d20_2169,11748.422
000d7d20_2170,11748.433
000d7d20_2171,11748.407
000d7d20_2172,11748.421
000d7d20_2173,11748.422
000d7d20_2174,11748.446
000d7d20_2175,11748.419
000d7d20_2176,11748.403
000d7d20_2177,11748.402
000d7d20_2178,11748.446
000d7d20_2179,11748.42
000d7d20_2180,11748.427
000d7d20_2181,11748.41
000d7d20_2182,11748.319
000d7d20_2183,11748.31
000d7d20_2184,11748.227
000d7d20_2185,11748.343
000d7d20_2186,11748.365
000d7d20_2187,11748.362
000d7d20_2188,11748.376
000d7d20_2189,11748.315
000d7d20_2190,11748.378
000d7d20_2191,11748.394
000d7d20_2192,11748.3955
000d7d20_2193,11748.321
000d7d20_2194,11748.443
000d7d20_2195,11748.443
000d7d20_2196,11748.459
000d7d20_2197,11748.505
000d7d20_2198,11748.485
000d7d20_2199,11748.471
000d7d20_2200,11748.43
000d7d20_2201,11748.563
000d7d20_2202,11748.57
000d7d20_2203,11748.551
000d7d20_2204,11748.556
000d7d20_2205,11748.5
000d7d20_2206,11748.553
000d7d20_2207,11748.63
000d7d20_2208,11748.643
000d7d20_2209,11748.604
000d7d20_2210,11748.7295
000d7d20_2211,11748.732
000d7d20_2212,11748.745
000d7d20_2213,11748.794
000d7d20_2214,11748.742
000d7d20_2215,11748.819
000d7d20_2216,11748.805
000d7d20_2217,11748.749
000d7d20_2218,11748.753
000d7d20_2219,11748.793
000d7d20_2220,11748.752
000d7d20_2221,11748.644
000d7d20_2222,11748.716
000d7d20_2223,11748.704
000d7d20_2224,11748.663
000d7d20_2225,11748.738
000d7d20_2226,11748.683
000d7d20_2227,11748.601
000d7d20_2228,11748.771
000d7d20_2229,11748.764
000d7d20_2230,11748.723
000d7d20_2231,11748.781
000d7d20_2232,11748.748
000d7d20_2233,11748.721
000d7d20_2234,11748.785
000d7d20_2235,11748.789
000d7d20_2236,11748.734
000d7d20_2237,11748.79
000d7d20_2238,11748.733
000d7d20_2239,11748.751
000d7d20_2240,11748.782
000d7d20_2241,11748.657
000d7d20_2242,11748.715
000d7d20_2243,11748.67
000d7d20_2244,11748.708
000d7d20_2245,11748.599
000d7d20_2246,11748.53
000d7d20_2247,11748.581
000d7d20_2248,11748.533
000d7d20_2249,11748.584
000d7d20_2250,11748.526
000d7d20_2251,11748.582
000d7d20_2252,11748.528
000d7d20_2253,11748.736
000d7d20_2254,11748.681
000d7d20_2255,11748.758
000d7d20_2256,11748.745
000d7d20_2257,11748.711
000d7d20_2258,11748.779
000d7d20_2259,11748.807
000d7d20_2260,11748.78
000d7d20_2261,11748.744
000d7d20_2262,11748.805
000d7d20_2263,11748.739
000d7d20_2264,11748.808
000d7d20_2265,11748.866
000d7d20_2266,11748.839
000d7d20_2267,11748.862
000d7d20_2268,11748.818
000d7d20_2269,11748.825
000d7d20_2270,11748.739
000d7d20_2271,11748.774
000d7d20_2272,11748.622
000d7d20_2273,11748.729
000d7d20_2274,11748.644
000d7d20_2275,11748.764
000d7d20_2276,11748.643
000d7d20_2277,11748.765
000d7d20_2278,11748.643
000d7d20_2279,11748.723
000d7d20_2280,11748.727
000d7d20_2281,11748.762
000d7d20_2282,11748.658
000d7d20_2283,11748.72
000d7d20_2284,11748.771
000d7d20_2285,11748.702
000d7d20_2286,11748.748
000d7d20_2287,11748.71
000d7d20_2288,11748.698
000d7d20_2289,11748.757
000d7d20_2290,11748.8
000d7d20_2291,11748.708
000d7d20_2292,11748.67
000d7d20_2293,11748.751
000d7d20_2294,11748.749
000d7d20_2295,11748.699
000d7d20_2296,11748.761
000d7d20_2297,11748.673
000d7d20_2298,11748.759
000d7d20_2299,11748.748
000d7d20_2300,11748.681
000d7d20_2301,11748.758
000d7d20_2302,11748.712
000d7d20_2303,11748.686
000d7d20_2304,11748.579
000d7d20_2305,11748.674
000d7d20_2306,11748.696
000d7d20_2307,11748.513
000d7d20_2308,11748.484
000d7d20_2309,11748.408
000d7d20_2310,11748.769
000d7d20_2311,11748.497
000d7d20_2312,11748.405
000d7d20_2313,11748.377
000d7d20_2314,11748.614
000d7d20_2315,11748.433
000d7d20_2316,11748.342
000d7d20_2317,11748.613
000d7d20_2318,11748.689
000d7d20_2319,11748.419
000d7d20_2320,11748.634
000d7d20_2321,11748.465
000d7d20_2322,11748.659
000d7d20_2323,11748.704
000d7d20_2324,11748.745
000d7d20_2325,11748.715
000d7d20_2326,11748.427
000d7d20_2327,11748.71
000d7d20_2328,11748.725
000d7d20_2329,11748.754
000d7d20_2330,11748.752
000d7d20_2331,11748.856
000d7d20_2332,11748.827
000d7d20_2333,11748.709
000d7d20_2334,11748.672
000d7d20_2335,11748.745
000d7d20_2336,11748.668
000d7d20_2337,11748.593
000d7d20_2338,11748.731
000d7d20_2339,11748.654
000d7d20_2340,11748.792
000d7d20_2341,11748.7
000d7d20_2342,11748.774
000d7d20_2343,11748.827
000d7d20_2344,11748.657
000d7d20_2345,11748.72
000d7d20_2346,11748.782
000d7d20_2347,11748.761
000d7d20_2348,11748.826
000d7d20_2349,11748.784
000d7d20_2350,11748.756
000d7d20_2351,11748.803
000d7d20_2352,11748.537
000d7d20_2353,11748.702
000d7d20_2354,11748.765
000d7d20_2355,11748.741
000d7d20_2356,11748.717
000d7d20_2357,11748.719
000d7d20_2358,11748.7
000d7d20_2359,11748.695
000d7d20_2360,11748.789
000d7d20_2361,11748.767
000d7d20_2362,11748.77
000d7d20_2363,11748.78
000d7d20_2364,11748.811
000d7d20_2365,11748.649
000d7d20_2366,11748.616
000d7d20_2367,11748.667
000d7d20_2368,11748.739
000d7d20_2369,11748.694
000d7d20_2370,11748.67
000d7d20_2371,11748.639
000d7d20_2372,11748.572
000d7d20_2373,11748.574
000d7d20_2374,11748.558
000d7d20_2375,11748.507
000d7d20_2376,11748.531
000d7d20_2377,11748.619
000d7d20_2378,11748.512
000d7d20_2379,11748.398
000d7d20_2380,11748.382
000d7d20_2381,11748.388
000d7d20_2382,11748.484
000d7d20_2383,11748.386
000d7d20_2384,11748.335
000d7d20_2385,11748.271
000d7d20_2386,11748.312
000d7d20_2387,11748.435
000d7d20_2388,11748.328
000d7d20_2389,11748.194
000d7d20_2390,11748.255
000d7d20_2391,11748.114
000d7d20_2392,11748.063
000d7d20_2393,11748.095
000d7d20_2394,11748.078
000d7d20_2395,11747.85
000d7d20_2396,11747.682
000d7d20_2397,11747.842
000d7d20_2398,11747.791
000d7d20_2399,11747.721
000d7d20_2400,11747.825
000d7d20_2401,11747.871
000d7d20_2402,11747.916
000d7d20_2403,11747.804
000d7d20_2404,11747.8125
000d7d20_2405,11747.885
000d7d20_2406,11747.636
000d7d20_2407,11747.739
000d7d20_2408,11747.6
000d7d20_2409,11747.679
000d7d20_2410,11747.557
000d7d20_2411,11747.576
000d7d20_2412,11747.374
000d7d20_2413,11747.41
000d7d20_2414,11747.357
000d7d20_2415,11747.51
000d7d20_2416,11747.353
000d7d20_2417,11747.438
000d7d20_2418,11747.294
000d7d20_2419,11747.351
000d7d20_2420,11747.256
000d7d20_2421,11747.389
000d7d20_2422,11747.375
000d7d20_2423,11747.301
000d7d20_2424,11747.406
000d7d20_2425,11747.238
000d7d20_2426,11747.291
000d7d20_2427,11747.097
000d7d20_2428,11747.136
000d7d20_2429,11747.316
000d7d20_2430,11747.121
000d7d20_2431,11747.252
000d7d20_2432,11747.317
000d7d20_2433,11747.036
000d7d20_2434,11747.085
000d7d20_2435,11747.223
000d7d20_2436,11747.026
000d7d20_2437,11747.158
000d7d20_2438,11747.133
000d7d20_2439,11747.1455
000d7d20_2440,11746.964
000d7d20_2441,11746.97
000d7d20_2442,11746.883
000d7d20_2443,11746.846
000d7d20_2444,11746.616
000d7d20_2445,11746.692
000d7d20_2446,11746.576
000d7d20_2447,11746.636
000d7d20_2448,11746.701
000d7d20_2449,11746.301
000d7d20_2450,11746.134
000d7d20_2451,11745.983
000d7d20_2452,11745.83
000d7d20_2453,11745.709
000d7d20_2454,11745.661
000d7d20_2455,11745.757
000d7d20_2456,11745.676
000d7d20_2457,11745.67
000d7d20_2458,11745.587
000d7d20_2459,11745.65
000d7d20_2460,11745.59
000d7d20_2461,11745.583
000d7d20_2462,11745.576
000d7d20_2463,11745.501
000d7d20_2464,11745.509
000d7d20_2465,11745.449
000d7d20_2466,11745.508
000d7d20_2467,11745.599
000d7d20_2468,11745.603
000d7d20_2469,11745.574
000d7d20_2470,11745.533
000d7d20_2471,11745.577
000d7d20_2472,11745.508
000d7d20_2473,11745.569
000d7d20_2474,11745.675
000d7d20_2475,11745.646
000d7d20_2476,11745.542
000d7d20_2477,11745.599
000d7d20_2478,11745.476
000d7d20_2479,11745.373
000d7d20_2480,11745.451
000d7d20_2481,11745.3545
000d7d20_2482,11745.425
000d7d20_2483,11745.36
000d7d20_2484,11745.425
000d7d20_2485,11745.367
000d7d20_2486,11745.294
000d7d20_2487,11745.451
000d7d20_2488,11745.42
000d7d20_2489,11745.367
000d7d20_2490,11745.424
000d7d20_2491,11745.615
000d7d20_2492,11745.499
000d7d20_2493,11745.503
000d7d20_2494,11745.479
000d7d20_2495,11745.499
000d7d20_2496,11745.443
000d7d20_2497,11745.506
000d7d20_2498,11745.531
000d7d20_2499,11745.478
000d7d20_2500,11745.506
000d7d20_2501,11745.532
000d7d20_2502,11745.538
000d7d20_2503,11745.179
000d7d20_2504,11745.4375
000d7d20_2505,11745.482
000d7d20_2506,11745.441
000d7d20_2507,11745.113
000d7d20_2508,11745.393
000d7d20_2509,11745.417
000d7d20_2510,11745.173
000d7d20_2511,11745.369
000d7d20_2512,11745.085
000d7d20_2513,11745.393
000d7d20_2514,11745.149
000d7d20_2515,11745.367
000d7d20_2516,11745.075
000d7d20_2517,11745.367
000d7d20_2518,11745.061
000d7d20_2519,11745.091
000d7d20_2520,11745.394
000d7d20_2521,11745.156
000d7d20_2522,11745.148
000d7d20_2523,11745.114
000d7d20_2524,11745.151
000d7d20_2525,11745.182
000d7d20_2526,11745.391
000d7d20_2527,11745.145
000d7d20_2528,11745.146
000d7d20_2529,11745.153
000d7d20_2530,11745.13
000d7d20_2531,11745.067
000d7d20_2532,11744.951
000d7d20_2533,11745.004
000d7d20_2534,11745.102
000d7d20_2535,11745.106
000d7d20_2536,11745.111
000d7d20_2537,11745.051
000d7d20_2538,11744.89
000d7d20_2539,11744.99
000d7d20_2540,11745.016
000d7d20_2541,11745.039
000d7d20_2542,11744.905
000d7d20_2543,11744.996
000d7d20_2544,11745.096
000d7d20_2545,11744.938
000d7d20_2546,11745.034
000d7d20_2547,11745.085
000d7d20_2548,11744.942
000d7d20_2549,11745.037
000d7d20_2550,11744.922
000d7d20_2551,11745.015
000d7d20_2552,11745.0625
000d7d20_2553,11744.918
000d7d20_2554,11745.014
000d7d20_2555,11744.918
000d7d20_2556,11744.968
000d7d20_2557,11744.909
000d7d20_2558,11745.014
000d7d20_2559,11744.918
000d7d20_2560,11745.013
000d7d20_2561,11744.914
000d7d20_2562,11745.012
000d7d20_2563,11744.911
000d7d20_2564,11744.852
000d7d20_2565,11745.005
000d7d20_2566,11744.912
000d7d20_2567,11745.012
000d7d20_2568,11744.914
000d7d20_2569,11744.846
000d7d20_2570,11744.97
000d7d20_2571,11744.86
000d7d20_2572,11744.847
000d7d20_2573,11744.955
000d7d20_2574,11744.782
000d7d20_2575,11744.747
000d7d20_2576,11744.874
000d7d20_2577,11744.732
000d7d20_2578,11744.705
000d7d20_2579,11744.732
000d7d20_2580,11744.702
000d7d20_2581,11744.783
000d7d20_2582,11744.751
000d7d20_2583,11744.732
000d7d20_2584,11744.702
000d7d20_2585,11744.732
000d7d20_2586,11744.73
000d7d20_2587,11744.884
000d7d20_2588,11744.768
000d7d20_2589,11744.574
000d7d20_2590,11744.623
000d7d20_2591,11744.569
000d7d20_2592,11744.592
000d7d20_2593,11744.545
000d7d20_2594,11744.543
000d7d20_2595,11744.622
000d7d20_2596,11744.695
000d7d20_2597,11744.727
000d7d20_2598,11744.681
000d7d20_2599,11744.754
000d7d20_2600,11744.736
000d7d20_2601,11744.76
000d7d20_2602,11744.746
000d7d20_2603,11744.755
000d7d20_2604,11744.741
000d7d20_2605,11744.778
000d7d20_2606,11744.852
000d7d20_2607,11744.708
000d7d20_2608,11744.776
000d7d20_2609,11744.731
000d7d20_2610,11744.763
000d7d20_2611,11744.731
000d7d20_2612,11744.834
000d7d20_2613,11744.689
000d7d20_2614,11744.762
000d7d20_2615,11744.73
000d7d20_2616,11744.779
000d7d20_2617,11744.84
000d7d20_2618,11744.695
000d7d20_2619,11744.787
000d7d20_2620,11744.84
000d7d20_2621,11744.714
000d7d20_2622,11744.777
000d7d20_2623,11744.844
000d7d20_2624,11744.845
000d7d20_2625,11744.768
000d7d20_2626,11744.854
000d7d20_2627,11744.721
000d7d20_2628,11744.876
000d7d20_2629,11744.827
000d7d20_2630,11744.884
000d7d20_2631,11745.033
000d7d20_2632,11744.918
000d7d20_2633,11745.072
000d7d20_2634,11744.935
000d7d20_2635,11744.945
000d7d20_2636,11745.016
000d7d20_2637,11744.882
000d7d20_2638,11744.986
000d7d20_2639,11744.86
000d7d20_2640,11744.934
000d7d20_2641,11745.016
000d7d20_2642,11744.877
000d7d20_2643,11744.902
000d7d20_2644,11745.047
000d7d20_2645,11744.902
000d7d20_2646,11744.928
000d7d20_2647,11744.976
000d7d20_2648,11745.041
000d7d20_2649,11744.9
000d7d20_2650,11744.877
000d7d20_2651,11745.06
000d7d20_2652,11744.922
000d7d20_2653,11744.947
000d7d20_2654,11744.979
000d7d20_2655,11745.113
000d7d20_2656,11744.968
000d7d20_2657,11745.042
000d7d20_2658,11744.983
000d7d20_2659,11744.95
000d7d20_2660,11745.032
000d7d20_2661,11744.895
000d7d20_2662,11744.81
000d7d20_2663,11744.891
000d7d20_2664,11744.857
000d7d20_2665,11744.987
000d7d20_2666,11744.849
000d7d20_2667,11744.874
000d7d20_2668,11744.859
000d7d20_2669,11744.828
000d7d20_2670,11744.808
000d7d20_2671,11744.827
000d7d20_2672,11744.871
000d7d20_2673,11744.921
000d7d20_2674,11744.781
000d7d20_2675,11744.855
000d7d20_2676,11744.824
000d7d20_2677,11744.844
000d7d20_2678,11744.83
000d7d20_2679,11744.861
000d7d20_2680,11744.842
000d7d20_2681,11744.88
000d7d20_2682,11744.799
000d7d20_2683,11744.878
000d7d20_2684,11744.849
000d7d20_2685,11744.921
000d7d20_2686,11744.873
000d7d20_2687,11744.828
000d7d20_2688,11744.866
000d7d20_2689,11744.897
000d7d20_2690,11744.875
000d7d20_2691,11744.862
000d7d20_2692,11744.929
000d7d20_2693,11744.906
000d7d20_2694,11744.938
000d7d20_2695,11744.83
000d7d20_2696,11744.8955
000d7d20_2697,11744.863
000d7d20_2698,11744.913
000d7d20_2699,11744.814
000d7d20_2700,11744.892
000d7d20_2701,11744.953
000d7d20_2702,11744.858
000d7d20_2703,11744.732
000d7d20_2704,11744.815
000d7d20_2705,11744.783
000d7d20_2706,11744.763
000d7d20_2707,11744.783
000d7d20_2708,11744.815
000d7d20_2709,11744.829
000d7d20_2710,11744.851
000d7d20_2711,11745.002
000d7d20_2712,11745.025
000d7d20_2713,11745.002
000d7d20_2714,11745.157
000d7d20_2715,11745.063
000d7d20_2716,11744.957
000d7d20_2717,11745.026
000d7d20_2718,11745.049
000d7d20_2719,11745.035
000d7d20_2720,11744.995
000d7d20_2721,11744.926
000d7d20_2722,11744.945
000d7d20_2723,11745.079
000d7d20_2724,11744.951
000d7d20_2725,11744.932
000d7d20_2726,11745.081
000d7d20_2727,11744.947
000d7d20_2728,11744.98
000d7d20_2729,11744.973
000d7d20_2730,11745.004
000d7d20_2731,11744.957
000d7d20_2732,11745.103
000d7d20_2733,11745.138
000d7d20_2734,11745.073
000d7d20_2735,11745.124
000d7d20_2736,11745.124
000d7d20_2737,11745.123
000d7d20_2738,11745.117
000d7d20_2739,11745.24
000d7d20_2740,11745.098
000d7d20_2741,11745.237
000d7d20_2742,11745.146
000d7d20_2743,11745.122
000d7d20_2744,11745.145
000d7d20_2745,11745.185
000d7d20_2746,11745.092
000d7d20_2747,11745.307
000d7d20_2748,11745.134
000d7d20_2749,11745.124
000d7d20_2750,11745.247
000d7d20_2751,11744.888
000d7d20_2752,11744.951
000d7d20_2753,11745.058
000d7d20_2754,11744.895
000d7d20_2755,11745.003
000d7d20_2756,11745.092
000d7d20_2757,11744.907
000d7d20_2758,11745.013
000d7d20_2759,11745.099
000d7d20_2760,11745.097
000d7d20_2761,11745.203
000d7d20_2762,11745.291
000d7d20_2763,11745.178
000d7d20_2764,11745.253
000d7d20_2765,11745.14
000d7d20_2766,11745.144
000d7d20_2767,11745.268
000d7d20_2768,11745.3
000d7d20_2769,11745.175
000d7d20_2770,11745.291
000d7d20_2771,11745.314
000d7d20_2772,11745.151
000d7d20_2773,11745.26
000d7d20_2774,11745.363
000d7d20_2775,11745.252
000d7d20_2776,11745.367
000d7d20_2777,11745.445
000d7d20_2778,11745.379
000d7d20_2779,11745.255
000d7d20_2780,11745.369
000d7d20_2781,11745.335
000d7d20_2782,11745.249
000d7d20_2783,11745.365
000d7d20_2784,11745.305
000d7d20_2785,11745.265
000d7d20_2786,11745.381
000d7d20_2787,11745.381
000d7d20_2788,11745.44
000d7d20_2789,11745.377
000d7d20_2790,11745.405
000d7d20_2791,11745.292
000d7d20_2792,11745.296
000d7d20_2793,11745.315
000d7d20_2794,11745.316
000d7d20_2795,11745.296
000d7d20_2796,11744.866
000d7d20_2797,11744.79
000d7d20_2798,11744.71
000d7d20_2799,11745.051
000d7d20_2800,11744.89
000d7d20_2801,11744.762
000d7d20_2802,11744.832
000d7d20_2803,11744.859
000d7d20_2804,11744.581
000d7d20_2805,11744.454
000d7d20_2806,11744.792
000d7d20_2807,11744.626
000d7d20_2808,11744.436
000d7d20_2809,11744.72
000d7d20_2810,11744.57
000d7d20_2811,11744.713
000d7d20_2812,11744.447
000d7d20_2813,11744.551
000d7d20_2814,11744.755
000d7d20_2815,11744.426
000d7d20_2816,11744.874
000d7d20_2817,11744.444
000d7d20_2818,11744.635
000d7d20_2819,11744.275
000d7d20_2820,11744.635
000d7d20_2821,11744.391
000d7d20_2822,11744.483
000d7d20_2823,11744.286
000d7d20_2824,11744.593
000d7d20_2825,11744.344
000d7d20_2826,11744.554
000d7d20_2827,11744.265
000d7d20_2828,11744.542
000d7d20_2829,11744.109
000d7d20_2830,11744.218
000d7d20_2831,11744.39
000d7d20_2832,11744.076
000d7d20_2833,11744.346
000d7d20_2834,11744.002
000d7d20_2835,11744.408
000d7d20_2836,11744.077
000d7d20_2837,11744.407
000d7d20_2838,11744.145
000d7d20_2839,11744.529
000d7d20_2840,11744.574
000d7d20_2841,11744.215
000d7d20_2842,11744.347
000d7d20_2843,11744.119
000d7d20_2844,11744.446
000d7d20_2845,11744.181
000d7d20_2846,11744.349
000d7d20_2847,11744.49
000d7d20_2848,11744.195
000d7d20_2849,11744.458
000d7d20_2850,11744.411
000d7d20_2851,11744.139
000d7d20_2852,11744.464
000d7d20_2853,11744.24
000d7d20_2854,11744.408
000d7d20_2855,11744.55
000d7d20_2856,11744.24
000d7d20_2857,11744.506
000d7d20_2858,11744.525
000d7d20_2859,11744.101
000d7d20_2860,11744.551
000d7d20_2861,11744.312
000d7d20_2862,11744.57
000d7d20_2863,11744.692
000d7d20_2864,11744.182
000d7d20_2865,11744.622
000d7d20_2866,11744.642
000d7d20_2867,11744.263
000d7d20_2868,11744.523
000d7d20_2869,11744.664
000d7d20_2870,11744.296
000d7d20_2871,11744.569
000d7d20_2872,11744.588
000d7d20_2873,11744.441
000d7d20_2874,11744.198
000d7d20_2875,11744.442
000d7d20_2876,11744.573
000d7d20_2877,11744.3
000d7d20_2878,11744.498
000d7d20_2879,11744.64
000d7d20_2880,11744.639
000d7d20_2881,11744.299
000d7d20_2882,11744.572
000d7d20_2883,11744.485
000d7d20_2884,11744.146
000d7d20_2885,11744.538
000d7d20_2886,11744.582
000d7d20_2887,11744.579
000d7d20_2888,11744.237
000d7d20_2889,11744.393
000d7d20_2890,11744.536
000d7d20_2891,11744.54
000d7d20_2892,11744.199
000d7d20_2893,11744.473
000d7d20_2894,11744.524
000d7d20_2895,11744.28
000d7d20_2896,11744.417
000d7d20_2897,11744.062
000d7d20_2898,11744.344
000d7d20_2899,11744.279
000d7d20_2900,11744.199
000d7d20_2901,11743.716
000d7d20_2902,11744.144
000d7d20_2903,11744.182
000d7d20_2904,11744.137
000d7d20_2905,11744.132
000d7d20_2906,11744.133
000d7d20_2907,11743.668
000d7d20_2908,11744.089
000d7d20_2909,11744.133
000d7d20_2910,11744.113
000d7d20_2911,11744.113
000d7d20_2912,11743.751
000d7d20_2913,11744.036
000d7d20_2914,11743.981
000d7d20_2915,11744.08
000d7d20_2916,11744.082
000d7d20_2917,11743.667
000d7d20_2918,11744.037
000d7d20_2919,11744.077
000d7d20_2920,11743.957
000d7d20_2921,11743.78
000d7d20_2922,11744.07
000d7d20_2923,11744.0205
000d7d20_2924,11743.692
000d7d20_2925,11743.877
000d7d20_2926,11744.0205
000d7d20_2927,11743.669
000d7d20_2928,11743.995
000d7d20_2929,11743.709
000d7d20_2930,11743.988
000d7d20_2931,11743.604
000d7d20_2932,11743.979
000d7d20_2933,11743.633
000d7d20_2934,11743.979
000d7d20_2935,11743.553
000d7d20_2936,11743.95
000d7d20_2937,11743.758
000d7d20_2938,11743.934
000d7d20_2939,11743.608
000d7d20_2940,11743.485
000d7d20_2941,11744.061
000d7d20_2942,11743.751
000d7d20_2943,11743.651
000d7d20_2944,11743.921
000d7d20_2945,11743.736
000d7d20_2946,11743.686
000d7d20_2947,11743.934
000d7d20_2948,11743.535
000d7d20_2949,11743.564
000d7d20_2950,11743.598
000d7d20_2951,11743.969
000d7d20_2952,11743.57
000d7d20_2953,11743.596
000d7d20_2954,11743.637
000d7d20_2955,11743.554
000d7d20_2956,11743.69
000d7d20_2957,11743.631
000d7d20_2958,11743.664
000d7d20_2959,11743.821
000d7d20_2960,11743.624
000d7d20_2961,11743.457
000d7d20_2962,11743.4
000d7d20_2963,11743.526
000d7d20_2964,11743.489
000d7d20_2965,11743.413
000d7d20_2966,11743.428
000d7d20_2967,11743.312
000d7d20_2968,11743.241
000d7d20_2969,11743.4
000d7d20_2970,11743.425
000d7d20_2971,11743.349
000d7d20_2972,11743.367
000d7d20_2973,11743.305
000d7d20_2974,11743.143
000d7d20_2975,11743.238
000d7d20_2976,11743.406
000d7d20_2977,11743.237
000d7d20_2978,11743.312
000d7d20_2979,11743.171
000d7d20_2980,11743.168
000d7d20_2981,11743.312
000d7d20_2982,11743.188
000d7d20_2983,11743.157
000d7d20_2984,11743.312
000d7d20_2985,11743.138
000d7d20_2986,11743.269
000d7d20_2987,11743.12
000d7d20_2988,11742.915
000d7d20_2989,11743.022
000d7d20_2990,11742.965
000d7d20_2991,11742.992
000d7d20_2992,11743.012
000d7d20_2993,11742.998
000d7d20_2994,11743.032
000d7d20_2995,11743.112
000d7d20_2996,11743.008
000d7d20_2997,11743.115
000d7d20_2998,11743.008
000d7d20_2999,11743.006
000d7d20_3000,11743.024
000d7d20_3001,11743.165
000d7d20_3002,11743.006
000d7d20_3003,11743.051
000d7d20_3004,11743.055
000d7d20_3005,11742.989
000d7d20_3006,11743.142
000d7d20_3007,11743.011
000d7d20_3008,11743.009
000d7d20_3009,11743.027
000d7d20_3010,11743.062
000d7d20_3011,11742.997
000d7d20_3012,11742.978
000d7d20_3013,11743.131
000d7d20_3014,11743.028
000d7d20_3015,11743.041
000d7d20_3016,11743.056
000d7d20_3017,11743.066
000d7d20_3018,11743.066
000d7d20_3019,11743.039
000d7d20_3020,11743.058
000d7d20_3021,11743.205
000d7d20_3022,11743.102
000d7d20_3023,11743.015
000d7d20_3024,11743.136
000d7d20_3025,11743.093
000d7d20_3026,11743.079
000d7d20_3027,11743.091
000d7d20_3028,11743.04
000d7d20_3029,11743.193
000d7d20_3030,11743.103
000d7d20_3031,11743.232
000d7d20_3032,11743.175
000d7d20_3033,11743.143
000d7d20_3034,11743.153
000d7d20_3035,11743.21
000d7d20_3036,11743.227
000d7d20_3037,11743.323
000d7d20_3038,11743.176
000d7d20_3039,11743.311
000d7d20_3040,11743.205
000d7d20_3041,11743.336
000d7d20_3042,11743.211
000d7d20_3043,11743.467
000d7d20_3044,11743.224
000d7d20_3045,11743.201
000d7d20_3046,11743.237
000d7d20_3047,11743.226
000d7d20_3048,11743.502
000d7d20_3049,11743.408
000d7d20_3050,11743.371
000d7d20_3051,11743.405
000d7d20_3052,11743.378
000d7d20_3053,11743.559
000d7d20_3054,11743.418
000d7d20_3055,11743.397
000d7d20_3056,11743.472
000d7d20_3057,11743.552
000d7d20_3058,11743.545
000d7d20_3059,11743.582
000d7d20_3060,11743.544
000d7d20_3061,11743.533
000d7d20_3062,11743.41
000d7d20_3063,11743.389
000d7d20_3064,11743.546
000d7d20_3065,11743.396
000d7d20_3066,11743.62
000d7d20_3067,11743.537
000d7d20_3068,11743.446
000d7d20_3069,11743.4375
000d7d20_3070,11743.456
000d7d20_3071,11743.46
000d7d20_3072,11743.461
000d7d20_3073,11743.479
000d7d20_3074,11743.498
000d7d20_3075,11743.542
000d7d20_3076,11743.466
000d7d20_3077,11743.414
000d7d20_3078,11743.629
000d7d20_3079,11743.597
000d7d20_3080,11743.67
000d7d20_3081,11743.556
000d7d20_3082,11743.55
000d7d20_3083,11743.548
000d7d20_3084,11743.394
000d7d20_3085,11743.517
000d7d20_3086,11743.55
000d7d20_3087,11743.441
000d7d20_3088,11743.545
000d7d20_3089,11743.525
000d7d20_3090,11743.381
000d7d20_3091,11743.516
000d7d20_3092,11743.524
000d7d20_3093,11743.441
000d7d20_3094,11743.56
000d7d20_3095,11743.682
000d7d20_3096,11743.383
000d7d20_3097,11743.467
000d7d20_3098,11743.376
000d7d20_3099,11743.442
000d7d20_3100,11743.476
000d7d20_3101,11743.363
000d7d20_3102,11743.468
000d7d20_3103,11743.499
000d7d20_3104,11743.388
000d7d20_3105,11743.502
000d7d20_3106,11743.562
000d7d20_3107,11743.418
000d7d20_3108,11743.553
000d7d20_3109,11743.5625
000d7d20_3110,11743.536
000d7d20_3111,11743.543
000d7d20_3112,11743.519
000d7d20_3113,11743.426
000d7d20_3114,11743.5625
000d7d20_3115,11743.5205
000d7d20_3116,11743.444
000d7d20_3117,11743.52
000d7d20_3118,11743.52
000d7d20_3119,11743.485
000d7d20_3120,11743.403
000d7d20_3121,11743.5205
000d7d20_3122,11743.538
000d7d20_3123,11743.364
000d7d20_3124,11743.547
000d7d20_3125,11743.586
000d7d20_3126,11743.6875
000d7d20_3127,11743.603
000d7d20_3128,11743.551
000d7d20_3129,11743.471
000d7d20_3130,11743.665
000d7d20_3131,11743.667
000d7d20_3132,11743.551
000d7d20_3133,11743.665
000d7d20_3134,11743.698
000d7d20_3135,11743.575
000d7d20_3136,11743.546
000d7d20_3137,11743.67
000d7d20_3138,11743.636
000d7d20_3139,11743.498
000d7d20_3140,11743.572
000d7d20_3141,11743.546
000d7d20_3142,11743.433
000d7d20_3143,11743.514
000d7d20_3144,11743.546
000d7d20_3145,11743.424
000d7d20_3146,11743.37
000d7d20_3147,11743.528
000d7d20_3148,11743.528
000d7d20_3149,11743.51
000d7d20_3150,11743.583
000d7d20_3151,11743.662
000d7d20_3152,11743.637
000d7d20_3153,11743.483
000d7d20_3154,11743.653
000d7d20_3155,11743.609
000d7d20_3156,11743.527
000d7d20_3157,11743.644
000d7d20_3158,11743.645
000d7d20_3159,11743.623
000d7d20_3160,11743.484
000d7d20_3161,11743.568
000d7d20_3162,11743.657
000d7d20_3163,11743.375
000d7d20_3164,11743.49
000d7d20_3165,11743.455
000d7d20_3166,11743.488
000d7d20_3167,11743.32
000d7d20_3168,11743.399
000d7d20_3169,11743.5625
000d7d20_3170,11743.49
000d7d20_3171,11743.524
000d7d20_3172,11743.596
000d7d20_3173,11743.452
000d7d20_3174,11743.483
000d7d20_3175,11743.448
000d7d20_3176,11743.617
000d7d20_3177,11743.676
000d7d20_3178,11743.636
000d7d20_3179,11743.58
000d7d20_3180,11743.647
000d7d20_3181,11743.72
000d7d20_3182,11743.614
000d7d20_3183,11743.716
000d7d20_3184,11743.617
000d7d20_3185,11743.702
000d7d20_3186,11743.67
000d7d20_3187,11743.742
000d7d20_3188,11743.725
000d7d20_3189,11743.773
000d7d20_3190,11743.757
000d7d20_3191,11743.709
000d7d20_3192,11743.831
000d7d20_3193,11743.872
000d7d20_3194,11743.829
000d7d20_3195,11743.7705
000d7d20_3196,11743.837
000d7d20_3197,11743.798
000d7d20_3198,11743.8
000d7d20_3199,11743.712
000d7d20_3200,11743.757
000d7d20_3201,11743.775
000d7d20_3202,11743.766
000d7d20_3203,11743.771
000d7d20_3204,11743.8545
000d7d20_3205,11743.836
000d7d20_3206,11743.812
000d7d20_3207,11743.83
000d7d20_3208,11743.653
000d7d20_3209,11743.652
000d7d20_3210,11743.7295
000d7d20_3211,11743.69
000d7d20_3212,11743.556
000d7d20_3213,11743.627
000d7d20_3214,11743.619
000d7d20_3215,11743.6455
000d7d20_3216,11743.719
000d7d20_3217,11743.785
000d7d20_3218,11743.759
000d7d20_3219,11743.768
000d7d20_3220,11743.685
000d7d20_3221,11743.749
000d7d20_3222,11743.733
000d7d20_3223,11743.75
000d7d20_3224,11743.754
000d7d20_3225,11743.659
000d7d20_3226,11743.586
000d7d20_3227,11743.608
000d7d20_3228,11743.57
000d7d20_3229,11743.56
000d7d20_3230,11743.597
000d7d20_3231,11743.575
000d7d20_3232,11743.546
000d7d20_3233,11743.533
000d7d20_3234,11743.588
000d7d20_3235,11743.553
000d7d20_3236,11743.585
000d7d20_3237,11743.54
000d7d20_3238,11743.521
000d7d20_3239,11743.587
000d7d20_3240,11743.566
000d7d20_3241,11743.574
000d7d20_3242,11743.526
000d7d20_3243,11743.573
000d7d20_3244,11743.6045
000d7d20_3245,11743.735
000d7d20_3246,11743.773
000d7d20_3247,11743.66
000d7d20_3248,11743.78
000d7d20_3249,11743.737
000d7d20_3250,11743.719
000d7d20_3251,11743.681
000d7d20_3252,11743.729
000d7d20_3253,11743.739
000d7d20_3254,11743.736
000d7d20_3255,11743.68
000d7d20_3256,11743.717
000d7d20_3257,11743.77
000d7d20_3258,11743.719
000d7d20_3259,11743.748
000d7d20_3260,11743.67
000d7d20_3261,11743.696
000d7d20_3262,11743.739
000d7d20_3263,11743.737
000d7d20_3264,11743.68
000d7d20_3265,11743.737
000d7d20_3266,11743.703
000d7d20_3267,11743.729
000d7d20_3268,11743.747
000d7d20_3269,11743.672
000d7d20_3270,11743.688
000d7d20_3271,11743.792
000d7d20_3272,11743.795
000d7d20_3273,11743.665
000d7d20_3274,11743.787
000d7d20_3275,11743.819
000d7d20_3276,11743.746
000d7d20_3277,11743.817
000d7d20_3278,11743.813
000d7d20_3279,11744.069
000d7d20_3280,11744.013
000d7d20_3281,11744.086
000d7d20_3282,11744.068
000d7d20_3283,11744.0205
000d7d20_3284,11744.173
000d7d20_3285,11744.104
000d7d20_3286,11744.099
000d7d20_3287,11744.067
000d7d20_3288,11744.103
000d7d20_3289,11744.16
000d7d20_3290,11744.102
000d7d20_3291,11744.171
000d7d20_3292,11744.05
000d7d20_3293,11744.104
000d7d20_3294,11744.158
000d7d20_3295,11744.104
000d7d20_3296,11744.158
000d7d20_3297,11744.056
000d7d20_3298,11744.192
000d7d20_3299,11744.274
000d7d20_3300,11744.208
000d7d20_3301,11744.224
000d7d20_3302,11744.12
000d7d20_3303,11744.224
000d7d20_3304,11744.23
000d7d20_3305,11744.158
000d7d20_3306,11744.248
000d7d20_3307,11744.243
000d7d20_3308,11744.112
000d7d20_3309,11744.218
000d7d20_3310,11744.217
000d7d20_3311,11744.2295
000d7d20_3312,11744.174
000d7d20_3313,11744.247
000d7d20_3314,11744.147
000d7d20_3315,11744.179
000d7d20_3316,11744.068
000d7d20_3317,11744.181
000d7d20_3318,11744.162
000d7d20_3319,11744.108
000d7d20_3320,11744.189
000d7d20_3321,11744.155
000d7d20_3322,11744.196
000d7d20_3323,11744.156
000d7d20_3324,11744.096
000d7d20_3325,11744.12
000d7d20_3326,11744.176
000d7d20_3327,11744.17
000d7d20_3328,11744.151
000d7d20_3329,11744.12
000d7d20_3330,11744.15
000d7d20_3331,11744.12
000d7d20_3332,11744.151
000d7d20_3333,11744.146
000d7d20_3334,11744.173
000d7d20_3335,11744.119
000d7d20_3336,11744.152
000d7d20_3337,11744.091
000d7d20_3338,11744.183
000d7d20_3339,11744.164
000d7d20_3340,11744.159
000d7d20_3341,11744.187
000d7d20_3342,11744.134
000d7d20_3343,11744.162
000d7d20_3344,11744.188
000d7d20_3345,11744.161
000d7d20_3346,11744.196
000d7d20_3347,11744.249
000d7d20_3348,11744.305
000d7d20_3349,11744.297
000d7d20_3350,11744.156
000d7d20_3351,11744.183
000d7d20_3352,11744.139
000d7d20_3353,11744.182
000d7d20_3354,11744.164
000d7d20_3355,11744.138
000d7d20_3356,11744.164
000d7d20_3357,11744.208
000d7d20_3358,11744.254
000d7d20_3359,11744.236
000d7d20_3360,11744.213
000d7d20_3361,11744.257
000d7d20_3362,11744.298
000d7d20_3363,11744.234
000d7d20_3364,11744.242
000d7d20_3365,11744.255
000d7d20_3366,11744.257
000d7d20_3367,11744.258
000d7d20_3368,11744.241
000d7d20_3369,11744.305
000d7d20_3370,11744.337
000d7d20_3371,11744.378
000d7d20_3372,11744.364
000d7d20_3373,11744.311
000d7d20_3374,11744.378
000d7d20_3375,11744.335
000d7d20_3376,11744.336
000d7d20_3377,11744.338
000d7d20_3378,11744.428
000d7d20_3379,11744.318
000d7d20_3380,11744.412
000d7d20_3381,11744.411
000d7d20_3382,11744.367
000d7d20_3383,11744.631
000d7d20_3384,11744.431
000d7d20_3385,11744.35
000d7d20_3386,11744.395
000d7d20_3387,11744.353
000d7d20_3388,11744.327
000d7d20_3389,11744.395
000d7d20_3390,11744.327
000d7d20_3391,11744.633
000d7d20_3392,11744.473
000d7d20_3393,11744.422
000d7d20_3394,11744.464
000d7d20_3395,11744.447
000d7d20_3396,11744.388
000d7d20_3397,11744.457
000d7d20_3398,11744.413
000d7d20_3399,11744.657
000d7d20_3400,11744.423
000d7d20_3401,11744.398
000d7d20_3402,11744.44
000d7d20_3403,11744.379
000d7d20_3404,11744.362
000d7d20_3405,11744.404
000d7d20_3406,11744.36
000d7d20_3407,11744.366
000d7d20_3408,11744.362
000d7d20_3409,11744.736
000d7d20_3410,11744.52
000d7d20_3411,11744.452
000d7d20_3412,11744.461
000d7d20_3413,11744.502
000d7d20_3414,11744.418
000d7d20_3415,11744.419
000d7d20_3416,11744.446
000d7d20_3417,11744.487
000d7d20_3418,11744.434
000d7d20_3419,11744.442
000d7d20_3420,11744.471
000d7d20_3421,11744.65
000d7d20_3422,11744.491
000d7d20_3423,11744.467
000d7d20_3424,11744.477
000d7d20_3425,11744.518
000d7d20_3426,11744.461
000d7d20_3427,11744.538
000d7d20_3428,11744.537
000d7d20_3429,11744.571
000d7d20_3430,11744.526
000d7d20_3431,11744.537
000d7d20_3432,11744.57
000d7d20_3433,11744.527
000d7d20_3434,11744.529
000d7d20_3435,11744.558
000d7d20_3436,11744.571
000d7d20_3437,11744.536
000d7d20_3438,11744.805
000d7d20_3439,11744.611
000d7d20_3440,11744.574
000d7d20_3441,11744.529
000d7d20_3442,11744.557
000d7d20_3443,11744.557
000d7d20_3444,11744.598
000d7d20_3445,11744.555
000d7d20_3446,11744.557
000d7d20_3447,11744.598
000d7d20_3448,11744.554
000d7d20_3449,11744.471
000d7d20_3450,11744.453
000d7d20_3451,11744.494
000d7d20_3452,11744.451
000d7d20_3453,11744.47
000d7d20_3454,11744.541
000d7d20_3455,11744.583
000d7d20_3456,11744.587
000d7d20_3457,11744.537
000d7d20_3458,11744.58
000d7d20_3459,11744.537
000d7d20_3460,11744.4795
000d7d20_3461,11744.485
000d7d20_3462,11744.543
000d7d20_3463,11744.502
000d7d20_3464,11744.478
000d7d20_3465,11744.548
000d7d20_3466,11744.5
000d7d20_3467,11744.479
000d7d20_3468,11744.477
000d7d20_3469,11744.524
000d7d20_3470,11744.481
000d7d20_3471,11744.483
000d7d20_3472,11744.345
000d7d20_3473,11744.302
000d7d20_3474,11744.278
000d7d20_3475,11744.298
000d7d20_3476,11744.338
000d7d20_3477,11744.295
000d7d20_3478,11744.246
000d7d20_3479,11744.308
000d7d20_3480,11744.326
000d7d20_3481,11744.328
000d7d20_3482,11744.356
000d7d20_3483,11744.214
000d7d20_3484,11744.194
000d7d20_3485,11744.196
000d7d20_3486,11744.196
000d7d20_3487,11744.181
000d7d20_3488,11744.151
000d7d20_3489,11744.153
000d7d20_3490,11744.187
000d7d20_3491,11744.149
000d7d20_3492,11744.151
000d7d20_3493,11744.197
000d7d20_3494,11744.391
000d7d20_3495,11744.221
000d7d20_3496,11744.154
000d7d20_3497,11744.155
000d7d20_3498,11744.1875
000d7d20_3499,11744.146
000d7d20_3500,11744.385
000d7d20_3501,11744.173
000d7d20_3502,11744.147
000d7d20_3503,11744.223
000d7d20_3504,11744.386
000d7d20_3505,11744.218
000d7d20_3506,11744.295
000d7d20_3507,11744.388
000d7d20_3508,11744.717
000d7d20_3509,11744.4375
000d7d20_3510,11744.388
000d7d20_3511,11744.58
000d7d20_3512,11744.46
000d7d20_3513,11744.423
000d7d20_3514,11744.636
000d7d20_3515,11744.463
000d7d20_3516,11744.426
000d7d20_3517,11744.633
000d7d20_3518,11744.498
000d7d20_3519,11744.645
000d7d20_3520,11744.461
000d7d20_3521,11744.608
000d7d20_3522,11744.446
000d7d20_3523,11744.437
000d7d20_3524,11744.565
000d7d20_3525,11744.629
000d7d20_3526,11744.793
000d7d20_3527,11744.63
000d7d20_3528,11744.825
000d7d20_3529,11744.629
000d7d20_3530,11744.771
000d7d20_3531,11744.817
000d7d20_3532,11744.587
000d7d20_3533,11744.713
000d7d20_3534,11744.587
000d7d20_3535,11744.75
000d7d20_3536,11744.555
000d7d20_3537,11744.687
000d7d20_3538,11744.68
000d7d20_3539,11744.524
000d7d20_3540,11744.686
000d7d20_3541,11744.741
000d7d20_3542,11744.567
000d7d20_3543,11744.729
000d7d20_3544,11744.846
000d7d20_3545,11744.652
000d7d20_3546,11744.799
000d7d20_3547,11744.853
000d7d20_3548,11744.853
000d7d20_3549,11744.55
000d7d20_3550,11744.636
000d7d20_3551,11744.744
000d7d20_3552,11744.791
000d7d20_3553,11744.614
000d7d20_3554,11744.803
000d7d20_3555,11744.818
000d7d20_3556,11744.847
000d7d20_3557,11744.85
000d7d20_3558,11744.851
000d7d20_3559,11744.746
000d7d20_3560,11744.898
000d7d20_3561,11744.899
000d7d20_3562,11744.948
000d7d20_3563,11744.91
000d7d20_3564,11744.91
000d7d20_3565,11744.911
000d7d20_3566,11744.909
000d7d20_3567,11744.915
000d7d20_3568,11744.914
000d7d20_3569,11744.914
000d7d20_3570,11744.888
000d7d20_3571,11744.826
000d7d20_3572,11744.9375
000d7d20_3573,11744.9
000d7d20_3574,11744.901
000d7d20_3575,11744.9
000d7d20_3576,11745.013
000d7d20_3577,11744.865
000d7d20_3578,11744.694
000d7d20_3579,11744.68
000d7d20_3580,11744.676
000d7d20_3581,11744.698
000d7d20_3582,11744.725
000d7d20_3583,11744.725
000d7d20_3584,11744.834
000d7d20_3585,11744.767
000d7d20_3586,11744.638
000d7d20_3587,11744.599
000d7d20_3588,11744.623
000d7d20_3589,11744.623
000d7d20_3590,11744.628
000d7d20_3591,11744.723
000d7d20_3592,11744.609
000d7d20_3593,11744.6
000d7d20_3594,11744.633
000d7d20_3595,11744.633
000d7d20_3596,11744.688
000d7d20_3597,11744.6455
000d7d20_3598,11744.595
000d7d20_3599,11744.546
000d7d20_3600,11744.525
000d7d20_3601,11744.511
000d7d20_3602,11744.464
000d7d20_3603,11744.535
000d7d20_3604,11744.453
000d7d20_3605,11744.402
000d7d20_3606,11744.547
000d7d20_3607,11744.456
000d7d20_3608,11744.432
000d7d20_3609,11744.598
000d7d20_3610,11744.478
000d7d20_3611,11744.4
000d7d20_3612,11744.435
000d7d20_3613,11744.386
000d7d20_3614,11744.335
000d7d20_3615,11744.436
000d7d20_3616,11744.363
000d7d20_3617,11744.443
000d7d20_3618,11744.388
000d7d20_3619,11744.371
000d7d20_3620,11744.313
000d7d20_3621,11744.393
000d7d20_3622,11744.343
000d7d20_3623,11744.285
000d7d20_3624,11744.431
000d7d20_3625,11744.312
000d7d20_3626,11744.459
000d7d20_3627,11744.361
000d7d20_3628,11744.215
000d7d20_3629,11744.222
000d7d20_3630,11744.129
000d7d20_3631,11744.045
000d7d20_3632,11744.017
000d7d20_3633,11744.063
000d7d20_3634,11744.0
000d7d20_3635,11744.113
000d7d20_3636,11744.126
000d7d20_3637,11744.053
000d7d20_3638,11744.132
000d7d20_3639,11744.013
000d7d20_3640,11744.061
000d7d20_3641,11744.131
000d7d20_3642,11744.015
000d7d20_3643,11744.061
000d7d20_3644,11744.176
000d7d20_3645,11744.039
000d7d20_3646,11744.086
000d7d20_3647,11744.131
000d7d20_3648,11744.131
000d7d20_3649,11744.015
000d7d20_3650,11744.089
000d7d20_3651,11744.154
000d7d20_3652,11744.101
000d7d20_3653,11744.183
000d7d20_3654,11744.225
000d7d20_3655,11744.192
000d7d20_3656,11744.193
000d7d20_3657,11744.098
000d7d20_3658,11744.146
000d7d20_3659,11744.2295
000d7d20_3660,11744.152
000d7d20_3661,11744.121
000d7d20_3662,11744.004
000d7d20_3663,11744.025
000d7d20_3664,11744.071
000d7d20_3665,11744.167
000d7d20_3666,11744.108
000d7d20_3667,11744.077
000d7d20_3668,11744.115
000d7d20_3669,11744.141
000d7d20_3670,11744.194
000d7d20_3671,11744.087
000d7d20_3672,11744.129
000d7d20_3673,11744.188
000d7d20_3674,11744.188
000d7d20_3675,11744.155
000d7d20_3676,11744.229
000d7d20_3677,11744.243
000d7d20_3678,11744.066
000d7d20_3679,11744.067
000d7d20_3680,11744.122
000d7d20_3681,11744.035
000d7d20_3682,11744.227
000d7d20_3683,11744.257
000d7d20_3684,11744.226
000d7d20_3685,11744.226
000d7d20_3686,11744.197
000d7d20_3687,11744.27
000d7d20_3688,11744.253
000d7d20_3689,11744.222
000d7d20_3690,11744.223
000d7d20_3691,11744.197
000d7d20_3692,11744.2295
000d7d20_3693,11744.361
000d7d20_3694,11744.234
000d7d20_3695,11744.317
000d7d20_3696,11744.356
000d7d20_3697,11744.332
000d7d20_3698,11744.331
000d7d20_3699,11744.378
000d7d20_3700,11744.365
000d7d20_3701,11744.338
000d7d20_3702,11744.304
000d7d20_3703,11744.305
000d7d20_3704,11744.341
000d7d20_3705,11744.409
000d7d20_3706,11744.378
000d7d20_3707,11744.378
000d7d20_3708,11744.451
000d7d20_3709,11744.48
000d7d20_3710,11744.39
000d7d20_3711,11744.364
000d7d20_3712,11744.362
000d7d20_3713,11744.337
000d7d20_3714,11744.299
000d7d20_3715,11744.285
000d7d20_3716,11744.255
000d7d20_3717,11744.32
000d7d20_3718,11744.243
000d7d20_3719,11744.2705
000d7d20_3720,11744.422
000d7d20_3721,11744.352
000d7d20_3722,11744.345
000d7d20_3723,11744.278
000d7d20_3724,11744.269
000d7d20_3725,11744.304
000d7d20_3726,11744.293
000d7d20_3727,11744.187
000d7d20_3728,11743.992
000d7d20_3729,11743.824
000d7d20_3730,11743.837
000d7d20_3731,11743.819
000d7d20_3732,11743.591
000d7d20_3733,11743.537
000d7d20_3734,11743.414
000d7d20_3735,11743.485
000d7d20_3736,11743.445
000d7d20_3737,11743.419
000d7d20_3738,11743.481
000d7d20_3739,11743.492
000d7d20_3740,11743.403
000d7d20_3741,11743.423
000d7d20_3742,11743.38
000d7d20_3743,11743.404
000d7d20_3744,11743.368
000d7d20_3745,11743.3545
000d7d20_3746,11743.49
000d7d20_3747,11743.463
000d7d20_3748,11743.439
000d7d20_3749,11743.523
000d7d20_3750,11743.511
000d7d20_3751,11743.506
000d7d20_3752,11743.416
000d7d20_3753,11743.426
000d7d20_3754,11743.323
000d7d20_3755,11743.378
000d7d20_3756,11743.346
000d7d20_3757,11743.35
000d7d20_3758,11743.328
000d7d20_3759,11743.361
000d7d20_3760,11743.337
000d7d20_3761,11743.251
000d7d20_3762,11743.227
000d7d20_3763,11743.369
000d7d20_3764,11743.367
000d7d20_3765,11743.107
000d7d20_3766,11743.212
000d7d20_3767,11743.277
000d7d20_3768,11743.265
000d7d20_3769,11743.073
000d7d20_3770,11743.074
000d7d20_3771,11743.075
000d7d20_3772,11743.096
000d7d20_3773,11743.083
000d7d20_3774,11743.065
000d7d20_3775,11742.976
000d7d20_3776,11743.098
000d7d20_3777,11743.149
000d7d20_3778,11743.137
000d7d20_3779,11743.096
000d7d20_3780,11743.061
000d7d20_3781,11743.053
000d7d20_3782,11743.062
000d7d20_3783,11743.024
000d7d20_3784,11742.924
000d7d20_3785,11742.922
000d7d20_3786,11742.834
000d7d20_3787,11742.97
000d7d20_3788,11743.133
000d7d20_3789,11743.125
000d7d20_3790,11743.165
000d7d20_3791,11743.21
000d7d20_3792,11743.2295
000d7d20_3793,11743.215
000d7d20_3794,11743.137
000d7d20_3795,11743.14
000d7d20_3796,11743.046
000d7d20_3797,11743.1
000d7d20_3798,11743.059
000d7d20_3799,11743.056
000d7d20_3800,11743.014
000d7d20_3801,11743.015
000d7d20_3802,11743.119
000d7d20_3803,11743.09
000d7d20_3804,11743.049
000d7d20_3805,11743.021
000d7d20_3806,11743.152
000d7d20_3807,11743.363
000d7d20_3808,11743.378
000d7d20_3809,11743.34
000d7d20_3810,11743.347
000d7d20_3811,11743.448
000d7d20_3812,11743.433
000d7d20_3813,11743.479
000d7d20_3814,11743.369
000d7d20_3815,11743.498
000d7d20_3816,11743.339
000d7d20_3817,11743.449
000d7d20_3818,11743.287
000d7d20_3819,11743.159
000d7d20_3820,11743.191
000d7d20_3821,11743.128
000d7d20_3822,11743.086
000d7d20_3823,11742.609
000d7d20_3824,11742.874
000d7d20_3825,11742.863
000d7d20_3826,11742.772
000d7d20_3827,11742.884
000d7d20_3828,11742.845
000d7d20_3829,11742.694
000d7d20_3830,11742.679
000d7d20_3831,11742.607
000d7d20_3832,11742.36
000d7d20_3833,11742.452
000d7d20_3834,11742.494
000d7d20_3835,11742.472
000d7d20_3836,11742.451
000d7d20_3837,11742.339
000d7d20_3838,11742.467
000d7d20_3839,11742.522
000d7d20_3840,11742.421
000d7d20_3841,11742.518
000d7d20_3842,11742.486
000d7d20_3843,11742.443
000d7d20_3844,11742.157
000d7d20_3845,11741.98
000d7d20_3846,11741.971
000d7d20_3847,11741.931
000d7d20_3848,11741.707
000d7d20_3849,11741.764
000d7d20_3850,11741.856
000d7d20_3851,11741.901
000d7d20_3852,11741.89
000d7d20_3853,11741.55
000d7d20_3854,11741.559
000d7d20_3855,11741.573
000d7d20_3856,11741.616
000d7d20_3857,11741.182
000d7d20_3858,11741.379
000d7d20_3859,11741.295
000d7d20_3860,11741.288
000d7d20_3861,11741.295
000d7d20_3862,11741.4
000d7d20_3863,11741.158
000d7d20_3864,11741.232
000d7d20_3865,11741.364
000d7d20_3866,11741.3545
000d7d20_3867,11741.162
000d7d20_3868,11741.24
000d7d20_3869,11741.141
000d7d20_3870,11740.915
000d7d20_3871,11741.141
000d7d20_3872,11740.851
000d7d20_3873,11740.419
000d7d20_3874,11740.575
000d7d20_3875,11740.419
000d7d20_3876,11740.574
000d7d20_3877,11740.613
000d7d20_3878,11740.414
000d7d20_3879,11740.483
000d7d20_3880,11740.418
000d7d20_3881,11740.491
000d7d20_3882,11740.227
000d7d20_3883,11740.398
000d7d20_3884,11740.294
000d7d20_3885,11740.452
000d7d20_3886,11740.189
000d7d20_3887,11740.0625
000d7d20_3888,11740.166
000d7d20_3889,11740.013
000d7d20_3890,11740.13
000d7d20_3891,11739.954
000d7d20_3892,11740.119
000d7d20_3893,11740.027
000d7d20_3894,11739.917
000d7d20_3895,11739.856
000d7d20_3896,11740.141
000d7d20_3897,11739.917
000d7d20_3898,11739.882
000d7d20_3899,11739.798
000d7d20_3900,11740.04
000d7d20_3901,11739.856
000d7d20_3902,11739.761
000d7d20_3903,11739.791
000d7d20_3904,11739.763
000d7d20_3905,11739.74
000d7d20_3906,11739.7
000d7d20_3907,11739.578
000d7d20_3908,11739.435
000d7d20_3909,11739.463
000d7d20_3910,11739.306
000d7d20_3911,11739.288
000d7d20_3912,11739.262
000d7d20_3913,11739.298
000d7d20_3914,11739.476
000d7d20_3915,11739.581
000d7d20_3916,11739.583
000d7d20_3917,11739.558
000d7d20_3918,11739.454
000d7d20_3919,11739.271
000d7d20_3920,11739.31
000d7d20_3921,11739.239
000d7d20_3922,11739.127
000d7d20_3923,11739.143
000d7d20_3924,11739.064
000d7d20_3925,11739.253
000d7d20_3926,11739.294
000d7d20_3927,11739.015
000d7d20_3928,11739.016
000d7d20_3929,11739.011
000d7d20_3930,11738.876
000d7d20_3931,11739.163
000d7d20_3932,11738.899
000d7d20_3933,11738.902
000d7d20_3934,11738.846
000d7d20_3935,11738.809
000d7d20_3936,11738.819
000d7d20_3937,11738.727
000d7d20_3938,11738.764
000d7d20_3939,11738.808
000d7d20_3940,11738.592
000d7d20_3941,11738.581
000d7d20_3942,11738.665
000d7d20_3943,11738.519
000d7d20_3944,11738.611
000d7d20_3945,11738.647
000d7d20_3946,11738.606
000d7d20_3947,11738.604
000d7d20_3948,11738.674
000d7d20_3949,11738.764
000d7d20_3950,11738.812
000d7d20_3951,11738.809
000d7d20_3952,11738.811
000d7d20_3953,11738.829
000d7d20_3954,11738.906
000d7d20_3955,11738.831
000d7d20_3956,11738.917
000d7d20_3957,11738.776
000d7d20_3958,11738.805
000d7d20_3959,11738.719
000d7d20_3960,11738.65
000d7d20_3961,11738.706
000d7d20_3962,11738.782
000d7d20_3963,11738.847
000d7d20_3964,11738.8125
000d7d20_3965,11738.752
000d7d20_3966,11738.639
000d7d20_3967,11738.811
000d7d20_3968,11738.817
000d7d20_3969,11738.689
000d7d20_3970,11738.778
000d7d20_3971,11738.688
000d7d20_3972,11738.66
000d7d20_3973,11738.603
000d7d20_3974,11738.734
000d7d20_3975,11738.616
000d7d20_3976,11738.597
000d7d20_3977,11738.646
000d7d20_3978,11738.714
000d7d20_3979,11738.695
000d7d20_3980,11738.573
000d7d20_3981,11738.675
000d7d20_3982,11738.592
000d7d20_3983,11738.78
000d7d20_3984,11738.642
000d7d20_3985,11738.661
000d7d20_3986,11738.682
000d7d20_3987,11738.633
000d7d20_3988,11738.556
000d7d20_3989,11738.761
000d7d20_3990,11738.729
000d7d20_3991,11738.623
000d7d20_3992,11738.586
000d7d20_3993,11738.623
000d7d20_3994,11738.698
000d7d20_3995,11738.658
000d7d20_3996,11738.586
000d7d20_3997,11738.762
000d7d20_3998,11738.701
000d7d20_3999,11738.697
000d7d20_4000,11738.634
000d7d20_4001,11738.749
000d7d20_4002,11738.564
000d7d20_4003,11738.48
000d7d20_4004,11738.589
000d7d20_4005,11738.535
000d7d20_4006,11738.539
000d7d20_4007,11738.475
000d7d20_4008,11738.545
000d7d20_4009,11738.438
000d7d20_4010,11738.373
000d7d20_4011,11738.486
000d7d20_4012,11738.41
000d7d20_4013,11738.41
000d7d20_4014,11738.315
000d7d20_4015,11738.459
000d7d20_4016,11738.611
000d7d20_4017,11738.27
000d7d20_4018,11738.425
000d7d20_4019,11738.375
000d7d20_4020,11738.378
000d7d20_4021,11738.358
000d7d20_4022,11738.37
000d7d20_4023,11738.338
000d7d20_4024,11738.321
000d7d20_4025,11738.342
000d7d20_4026,11738.345
000d7d20_4027,11738.258
000d7d20_4028,11738.299
000d7d20_4029,11738.348
000d7d20_4030,11738.425
000d7d20_4031,11738.266
000d7d20_4032,11738.335
000d7d20_4033,11738.4375
000d7d20_4034,11738.27
000d7d20_4035,11738.361
000d7d20_4036,11738.345
000d7d20_4037,11738.277
000d7d20_4038,11738.371
000d7d20_4039,11738.303
000d7d20_4040,11738.281
000d7d20_4041,11738.353
000d7d20_4042,11738.291
000d7d20_4043,11738.344
000d7d20_4044,11738.414
000d7d20_4045,11738.416
000d7d20_4046,11738.337
000d7d20_4047,11738.414
000d7d20_4048,11738.401
000d7d20_4049,11738.292
000d7d20_4050,11738.296
000d7d20_4051,11738.357
000d7d20_4052,11738.25
000d7d20_4053,11738.315
000d7d20_4054,11738.414
000d7d20_4055,11738.248
000d7d20_4056,11738.097
000d7d20_4057,11738.175
000d7d20_4058,11738.209
000d7d20_4059,11738.12
000d7d20_4060,11738.012
000d7d20_4061,11738.163
000d7d20_4062,11738.107
000d7d20_4063,11738.042
000d7d20_4064,11737.921
000d7d20_4065,11737.988
000d7d20_4066,11738.017
000d7d20_4067,11737.978
000d7d20_4068,11737.903
000d7d20_4069,11737.992
000d7d20_4070,11738.049
000d7d20_4071,11737.973
000d7d20_4072,11737.967
000d7d20_4073,11737.928
000d7d20_4074,11737.972
000d7d20_4075,11738.015
000d7d20_4076,11738.065
000d7d20_4077,11738.015
000d7d20_4078,11737.949
000d7d20_4079,11737.887
000d7d20_4080,11737.91
000d7d20_4081,11737.889
000d7d20_4082,11737.929
000d7d20_4083,11737.972
000d7d20_4084,11737.912
000d7d20_4085,11737.945
000d7d20_4086,11738.06
000d7d20_4087,11737.948
000d7d20_4088,11737.98
000d7d20_4089,11738.008
000d7d20_4090,11738.058
000d7d20_4091,11737.98
000d7d20_4092,11738.01
000d7d20_4093,11738.033
000d7d20_4094,11737.9795
000d7d20_4095,11737.972
000d7d20_4096,11737.928
000d7d20_4097,11737.931
000d7d20_4098,11737.926
000d7d20_4099,11737.927
000d7d20_4100,11738.03
000d7d20_4101,11737.979
000d7d20_4102,11738.005
000d7d20_4103,11737.989
000d7d20_4104,11738.041
000d7d20_4105,11737.953
000d7d20_4106,11737.967
000d7d20_4107,11737.966
000d7d20_4108,11738.052
000d7d20_4109,11738.042
000d7d20_4110,11737.995
000d7d20_4111,11737.995
000d7d20_4112,11738.034
000d7d20_4113,11737.992
000d7d20_4114,11737.98
000d7d20_4115,11737.967
000d7d20_4116,11738.103
000d7d20_4117,11738.028
000d7d20_4118,11738.019
000d7d20_4119,11738.053
000d7d20_4120,11738.098
000d7d20_4121,11738.115
000d7d20_4122,11738.108
000d7d20_4123,11738.073
000d7d20_4124,11738.108
000d7d20_4125,11738.09
000d7d20_4126,11738.135
000d7d20_4127,11738.037
000d7d20_4128,11737.877
000d7d20_4129,11737.962
000d7d20_4130,11737.939
000d7d20_4131,11737.86
000d7d20_4132,11737.849
000d7d20_4133,11737.872
000d7d20_4134,11737.892
000d7d20_4135,11737.941
000d7d20_4136,11737.84
000d7d20_4137,11737.895
000d7d20_4138,11737.867
000d7d20_4139,11737.735
000d7d20_4140,11737.659
000d7d20_4141,11737.706
000d7d20_4142,11737.646
000d7d20_4143,11737.747
000d7d20_4144,11737.708
000d7d20_4145,11737.753
000d7d20_4146,11737.689
000d7d20_4147,11737.748
000d7d20_4148,11737.708
000d7d20_4149,11737.768
000d7d20_4150,11737.616
000d7d20_4151,11737.642
000d7d20_4152,11737.663
000d7d20_4153,11737.579
000d7d20_4154,11737.597
000d7d20_4155,11737.69
000d7d20_4156,11737.667
000d7d20_4157,11737.604
000d7d20_4158,11737.628
000d7d20_4159,11737.651
000d7d20_4160,11737.742
000d7d20_4161,11737.307
000d7d20_4162,11737.361
000d7d20_4163,11737.235
000d7d20_4164,11737.146
000d7d20_4165,11737.126
000d7d20_4166,11737.054
000d7d20_4167,11737.055
000d7d20_4168,11737.089
000d7d20_4169,11737.052
000d7d20_4170,11737.012
000d7d20_4171,11737.086
000d7d20_4172,11737.045
000d7d20_4173,11736.997
000d7d20_4174,11737.013
000d7d20_4175,11737.046
000d7d20_4176,11736.983
000d7d20_4177,11736.966
000d7d20_4178,11737.01
000d7d20_4179,11737.046
000d7d20_4180,11736.995
000d7d20_4181,11736.923
000d7d20_4182,11736.882
000d7d20_4183,11736.885
000d7d20_4184,11736.905
000d7d20_4185,11736.984
000d7d20_4186,11736.956
000d7d20_4187,11736.897
000d7d20_4188,11736.955
000d7d20_4189,11736.901
000d7d20_4190,11736.882
000d7d20_4191,11736.952
000d7d20_4192,11736.976
000d7d20_4193,11736.9
000d7d20_4194,11736.839
000d7d20_4195,11736.853
000d7d20_4196,11736.845
000d7d20_4197,11736.77
000d7d20_4198,11736.727
000d7d20_4199,11736.721
000d7d20_4200,11736.683
000d7d20_4201,11736.702
000d7d20_4202,11736.726
000d7d20_4203,11736.6455
000d7d20_4204,11736.706
000d7d20_4205,11736.713
000d7d20_4206,11736.664
000d7d20_4207,11736.543
000d7d20_4208,11736.705
000d7d20_4209,11736.704
000d7d20_4210,11736.68
000d7d20_4211,11736.766
000d7d20_4212,11736.685
000d7d20_4213,11736.682
000d7d20_4214,11736.784
000d7d20_4215,11736.712
000d7d20_4216,11736.71
000d7d20_4217,11736.74
000d7d20_4218,11736.737
000d7d20_4219,11736.712
000d7d20_4220,11736.763
000d7d20_4221,11736.771
000d7d20_4222,11736.775
000d7d20_4223,11736.796
000d7d20_4224,11736.771
000d7d20_4225,11736.766
000d7d20_4226,11736.717
000d7d20_4227,11736.828
000d7d20_4228,11736.779
000d7d20_4229,11736.761
000d7d20_4230,11736.833
000d7d20_4231,11736.799
000d7d20_4232,11736.8
000d7d20_4233,11736.885
000d7d20_4234,11736.789
000d7d20_4235,11736.804
000d7d20_4236,11736.753
000d7d20_4237,11736.719
000d7d20_4238,11736.728
000d7d20_4239,11736.744
000d7d20_4240,11736.714
000d7d20_4241,11736.721
000d7d20_4242,11736.845
000d7d20_4243,11736.801
000d7d20_4244,11736.832
000d7d20_4245,11736.9375
000d7d20_4246,11736.914
000d7d20_4247,11736.853
000d7d20_4248,11736.852
000d7d20_4249,11736.8545
000d7d20_4250,11736.852
000d7d20_4251,11736.906
000d7d20_4252,11736.851
000d7d20_4253,11736.914
000d7d20_4254,11736.886
000d7d20_4255,11736.953
000d7d20_4256,11736.806
000d7d20_4257,11736.797
000d7d20_4258,11736.638
000d7d20_4259,11736.671
000d7d20_4260,11736.81
000d7d20_4261,11736.655
000d7d20_4262,11736.592
000d7d20_4263,11736.477
000d7d20_4264,11736.55
000d7d20_4265,11736.582
000d7d20_4266,11736.625
000d7d20_4267,11736.506
000d7d20_4268,11736.505
000d7d20_4269,11736.527
000d7d20_4270,11736.499
000d7d20_4271,11736.474
000d7d20_4272,11736.5205
000d7d20_4273,11736.495
000d7d20_4274,11736.474
000d7d20_4275,11736.542
000d7d20_4276,11736.518
000d7d20_4277,11736.524
000d7d20_4278,11736.489
000d7d20_4279,11736.441
000d7d20_4280,11736.4
000d7d20_4281,11736.431
000d7d20_4282,11736.419
000d7d20_4283,11736.476
000d7d20_4284,11736.417
000d7d20_4285,11736.419
000d7d20_4286,11736.476
000d7d20_4287,11736.475
000d7d20_4288,11736.489
000d7d20_4289,11736.468
000d7d20_4290,11736.439
000d7d20_4291,11736.46
000d7d20_4292,11736.459
000d7d20_4293,11736.449
000d7d20_4294,11736.48
000d7d20_4295,11736.383
000d7d20_4296,11736.41
000d7d20_4297,11736.442
000d7d20_4298,11736.392
000d7d20_4299,11736.399
000d7d20_4300,11736.422
000d7d20_4301,11736.524
000d7d20_4302,11736.506
000d7d20_4303,11736.437
000d7d20_4304,11736.454
000d7d20_4305,11736.436
000d7d20_4306,11736.445
000d7d20_4307,11736.445
000d7d20_4308,11736.421
000d7d20_4309,11736.43
000d7d20_4310,11736.429
000d7d20_4311,11736.359
000d7d20_4312,11736.391
000d7d20_4313,11736.438
000d7d20_4314,11736.43
000d7d20_4315,11736.425
000d7d20_4316,11736.341
000d7d20_4317,11736.347
000d7d20_4318,11736.371
000d7d20_4319,11736.355
000d7d20_4320,11736.318
000d7d20_4321,11736.372
000d7d20_4322,11736.328
000d7d20_4323,11736.397
000d7d20_4324,11736.422
000d7d20_4325,11736.377
000d7d20_4326,11736.481
000d7d20_4327,11736.341
000d7d20_4328,11736.343
000d7d20_4329,11736.341
000d7d20_4330,11736.317
000d7d20_4331,11736.405
000d7d20_4332,11736.333
000d7d20_4333,11736.418
000d7d20_4334,11736.393
000d7d20_4335,11736.414
000d7d20_4336,11736.421
000d7d20_4337,11736.337
000d7d20_4338,11736.207
000d7d20_4339,11736.136
000d7d20_4340,11736.172
000d7d20_4341,11736.163
000d7d20_4342,11736.102
000d7d20_4343,11736.009
000d7d20_4344,11736.119
000d7d20_4345,11736.193
000d7d20_4346,11736.005
000d7d20_4347,11735.934
000d7d20_4348,11735.855
000d7d20_4349,11735.928
000d7d20_4350,11735.798
000d7d20_4351,11735.912
000d7d20_4352,11735.8955
000d7d20_4353,11735.871
000d7d20_4354,11735.897
000d7d20_4355,11735.824
000d7d20_4356,11735.862
000d7d20_4357,11735.878
000d7d20_4358,11735.915
000d7d20_4359,11735.875
000d7d20_4360,11735.869
000d7d20_4361,11735.923
000d7d20_4362,11735.923
000d7d20_4363,11735.846
000d7d20_4364,11735.921
000d7d20_4365,11736.031
000d7d20_4366,11735.986
000d7d20_4367,11736.002
000d7d20_4368,11735.9795
000d7d20_4369,11735.98
000d7d20_4370,11736.009
000d7d20_4371,11736.053
000d7d20_4372,11736.049
000d7d20_4373,11736.051
000d7d20_4374,11736.092
000d7d20_4375,11736.077
000d7d20_4376,11735.896
000d7d20_4377,11735.943
000d7d20_4378,11735.987
000d7d20_4379,11735.899
000d7d20_4380,11735.898
000d7d20_4381,11735.902
000d7d20_4382,11735.943
000d7d20_4383,11735.936
000d7d20_4384,11735.898
000d7d20_4385,11735.912
000d7d20_4386,11735.948
000d7d20_4387,11735.862
000d7d20_4388,11735.871
000d7d20_4389,11735.899
000d7d20_4390,11735.834
000d7d20_4391,11735.871
000d7d20_4392,11735.827
000d7d20_4393,11735.815
000d7d20_4394,11735.839
000d7d20_4395,11735.922
000d7d20_4396,11735.849
000d7d20_4397,11735.851
000d7d20_4398,11735.939
000d7d20_4399,11735.844
000d7d20_4400,11735.842
000d7d20_4401,11735.873
000d7d20_4402,11736.057
000d7d20_4403,11736.081
000d7d20_4404,11736.183
000d7d20_4405,11736.109
000d7d20_4406,11736.184
000d7d20_4407,11736.197
000d7d20_4408,11736.206
000d7d20_4409,11736.285
000d7d20_4410,11736.107
000d7d20_4411,11736.164
000d7d20_4412,11736.1045
000d7d20_4413,11736.192
000d7d20_4414,11736.121
000d7d20_4415,11736.182
000d7d20_4416,11736.103
000d7d20_4417,11736.159
000d7d20_4418,11736.011
000d7d20_4419,11736.099
000d7d20_4420,11736.037
000d7d20_4421,11736.077
000d7d20_4422,11736.002
000d7d20_4423,11736.068
000d7d20_4424,11736.134
000d7d20_4425,11736.047
000d7d20_4426,11736.041
000d7d20_4427,11735.868
000d7d20_4428,11735.925
000d7d20_4429,11735.884
000d7d20_4430,11735.926
000d7d20_4431,11735.884
000d7d20_4432,11735.919
000d7d20_4433,11735.996
000d7d20_4434,11735.923
000d7d20_4435,11736.112
000d7d20_4436,11736.022
000d7d20_4437,11736.421
000d7d20_4438,11736.024
000d7d20_4439,11736.461
000d7d20_4440,11736.402
000d7d20_4441,11736.471
000d7d20_4442,11736.31
000d7d20_4443,11736.392
000d7d20_4444,11736.319
000d7d20_4445,11736.319
000d7d20_4446,11736.366
000d7d20_4447,11736.304
000d7d20_4448,11736.443
000d7d20_4449,11736.393
000d7d20_4450,11736.525
000d7d20_4451,11736.468
000d7d20_4452,11736.539
000d7d20_4453,11736.451
000d7d20_4454,11736.574
000d7d20_4455,11736.531
000d7d20_4456,11736.546
000d7d20_4457,11736.513
000d7d20_4458,11736.571
000d7d20_4459,11736.503
000d7d20_4460,11736.516
000d7d20_4461,11736.502
000d7d20_4462,11736.594
000d7d20_4463,11736.539
000d7d20_4464,11736.575
000d7d20_4465,11736.529
000d7d20_4466,11740.558
000d7d20_4467,11740.473
000d7d20_4468,11740.574
000d7d20_4469,11740.575
000d7d20_4470,11740.576
000d7d20_4471,11740.569
000d7d20_4472,11740.639
000d7d20_4473,11740.562
000d7d20_4474,11740.551
000d7d20_4475,11740.637
000d7d20_4476,11740.574
000d7d20_4477,11740.621
000d7d20_4478,11740.554
000d7d20_4479,11740.542
000d7d20_4480,11740.547
000d7d20_4481,11740.615
000d7d20_4482,11740.531
000d7d20_4483,11740.682
000d7d20_4484,11740.626
000d7d20_4485,11740.706
000d7d20_4486,11740.647
000d7d20_4487,11740.558
000d7d20_4488,11740.415
000d7d20_4489,11740.37
000d7d20_4490,11740.515
000d7d20_4491,11740.472
000d7d20_4492,11740.54
000d7d20_4493,11740.489
000d7d20_4494,11740.526
000d7d20_4495,11740.335
000d7d20_4496,11740.362
000d7d20_4497,11740.415
000d7d20_4498,11740.359
000d7d20_4499,11740.532
000d7d20_4500,11740.496
000d7d20_4501,11740.525
000d7d20_4502,11740.598
000d7d20_4503,11740.624
000d7d20_4504,11740.766
000d7d20_4505,11740.711
000d7d20_4506,11740.766
000d7d20_4507,11740.642
000d7d20_4508,11740.694
000d7d20_4509,11740.777
000d7d20_4510,11740.709
000d7d20_4511,11740.794
000d7d20_4512,11740.688
000d7d20_4513,11740.708
000d7d20_4514,11740.788
000d7d20_4515,11740.742
000d7d20_4516,11740.799
000d7d20_4517,11740.719
000d7d20_4518,11740.697
000d7d20_4519,11740.783
000d7d20_4520,11740.7295
000d7d20_4521,11740.801
000d7d20_4522,11740.732
000d7d20_4523,11740.799
000d7d20_4524,11740.676
000d7d20_4525,11740.744
000d7d20_4526,11740.767
000d7d20_4527,11740.69
000d7d20_4528,11740.724
000d7d20_4529,11740.676
000d7d20_4530,11740.646
000d7d20_4531,11740.594
000d7d20_4532,11740.542
000d7d20_4533,11740.626
000d7d20_4534,11740.554
000d7d20_4535,11740.624
000d7d20_4536,11740.654
000d7d20_4537,11740.313
000d7d20_4538,11740.44
000d7d20_4539,11740.404
000d7d20_4540,11740.454
000d7d20_4541,11740.388
000d7d20_4542,11740.441
000d7d20_4543,11740.388
000d7d20_4544,11740.312
000d7d20_4545,11740.265
000d7d20_4546,11740.288
000d7d20_4547,11740.376
000d7d20_4548,11740.176
000d7d20_4549,11740.256
000d7d20_4550,11740.192
000d7d20_4551,11740.242
000d7d20_4552,11740.117
000d7d20_4553,11740.243
000d7d20_4554,11740.176
000d7d20_4555,11740.252
000d7d20_4556,11740.215
000d7d20_4557,11740.246
000d7d20_4558,11740.177
000d7d20_4559,11740.248
000d7d20_4560,11740.161
000d7d20_4561,11740.149
000d7d20_4562,11740.349
000d7d20_4563,11740.279
000d7d20_4564,11740.345
000d7d20_4565,11740.277
000d7d20_4566,11740.345
000d7d20_4567,11740.287
000d7d20_4568,11740.248
000d7d20_4569,11740.185
000d7d20_4570,11740.32
000d7d20_4571,11740.184
000d7d20_4572,11740.302
000d7d20_4573,11740.241
000d7d20_4574,11740.29
000d7d20_4575,11740.221
000d7d20_4576,11740.274
000d7d20_4577,11740.191
000d7d20_4578,11740.281
000d7d20_4579,11740.196
000d7d20_4580,11740.26
000d7d20_4581,11740.2
000d7d20_4582,11740.184
000d7d20_4583,11740.25
000d7d20_4584,11740.227
000d7d20_4585,11740.312
000d7d20_4586,11740.25
000d7d20_4587,11740.3
000d7d20_4588,11740.23
000d7d20_4589,11740.318
000d7d20_4590,11740.003
000d7d20_4591,11740.082
000d7d20_4592,11740.019
000d7d20_4593,11740.067
000d7d20_4594,11739.862
000d7d20_4595,11739.955
000d7d20_4596,11739.987
000d7d20_4597,11740.074
000d7d20_4598,11739.91
000d7d20_4599,11739.884
000d7d20_4600,11739.937
000d7d20_4601,11739.876
000d7d20_4602,11739.886
000d7d20_4603,11739.852
000d7d20_4604,11739.935
000d7d20_4605,11739.849
000d7d20_4606,11739.918
000d7d20_4607,11739.929
000d7d20_4608,11739.885
000d7d20_4609,11739.998
000d7d20_4610,11739.932
000d7d20_4611,11740.019
000d7d20_4612,11740.014
000d7d20_4613,11739.95
000d7d20_4614,11739.965
000d7d20_4615,11739.94
000d7d20_4616,11739.868
000d7d20_4617,11739.886
000d7d20_4618,11739.922
000d7d20_4619,11739.854
000d7d20_4620,11739.9
000d7d20_4621,11739.925
000d7d20_4622,11739.907
000d7d20_4623,11739.789
000d7d20_4624,11739.721
000d7d20_4625,11739.791
000d7d20_4626,11739.774
000d7d20_4627,11739.81
000d7d20_4628,11739.774
000d7d20_4629,11739.824
000d7d20_4630,11739.792
000d7d20_4631,11739.802
000d7d20_4632,11739.983
000d7d20_4633,11739.98
000d7d20_4634,11740.102
000d7d20_4635,11739.981
000d7d20_4636,11740.049
000d7d20_4637,11740.014
000d7d20_4638,11740.04
000d7d20_4639,11739.997
000d7d20_4640,11740.213
000d7d20_4641,11740.097
000d7d20_4642,11739.553
000d7d20_4643,11739.573
000d7d20_4644,11739.542
000d7d20_4645,11739.754
000d7d20_4646,11739.466
000d7d20_4647,11739.42
000d7d20_4648,11739.399
000d7d20_4649,11739.496
000d7d20_4650,11739.469
000d7d20_4651,11739.427
000d7d20_4652,11739.609
000d7d20_4653,11739.472
000d7d20_4654,11739.525
000d7d20_4655,11739.486
000d7d20_4656,11739.521
000d7d20_4657,11739.488
000d7d20_4658,11739.431
000d7d20_4659,11739.638
000d7d20_4660,11739.649
000d7d20_4661,11739.496
000d7d20_4662,11739.624
000d7d20_4663,11739.483
000d7d20_4664,11739.502
000d7d20_4665,11739.492
000d7d20_4666,11739.539
000d7d20_4667,11739.6875
000d7d20_4668,11739.507
000d7d20_4669,11739.558
000d7d20_4670,11739.726
000d7d20_4671,11739.726
000d7d20_4672,11739.518
000d7d20_4673,11739.659
000d7d20_4674,11739.696
000d7d20_4675,11739.58
000d7d20_4676,11739.54
000d7d20_4677,11739.688
000d7d20_4678,11739.615
000d7d20_4679,11739.725
000d7d20_4680,11739.664
000d7d20_4681,11739.674
000d7d20_4682,11739.569
000d7d20_4683,11739.531
000d7d20_4684,11739.527
000d7d20_4685,11739.359
000d7d20_4686,11739.4795
000d7d20_4687,11739.489
000d7d20_4688,11739.482
000d7d20_4689,11739.381
000d7d20_4690,11739.509
000d7d20_4691,11739.507
000d7d20_4692,11739.387
000d7d20_4693,11739.508
000d7d20_4694,11739.528
000d7d20_4695,11739.684
000d7d20_4696,11739.592
000d7d20_4697,11739.39
000d7d20_4698,11739.463
000d7d20_4699,11739.605
000d7d20_4700,11739.444
000d7d20_4701,11739.298
000d7d20_4702,11739.39
000d7d20_4703,11739.517
000d7d20_4704,11739.448
000d7d20_4705,11739.392
000d7d20_4706,11739.539
000d7d20_4707,11739.231
000d7d20_4708,11739.18
000d7d20_4709,11739.207
000d7d20_4710,11738.792
000d7d20_4711,11739.062
000d7d20_4712,11738.9375
000d7d20_4713,11738.885
000d7d20_4714,11738.777
000d7d20_4715,11738.883
000d7d20_4716,11738.91
000d7d20_4717,11738.921
000d7d20_4718,11738.791
000d7d20_4719,11738.919
000d7d20_4720,11738.921
000d7d20_4721,11738.934
000d7d20_4722,11738.827
000d7d20_4723,11738.932
000d7d20_4724,11738.808
000d7d20_4725,11738.739
000d7d20_4726,11738.844
000d7d20_4727,11738.846
000d7d20_4728,11738.608
000d7d20_4729,11738.704
000d7d20_4730,11738.717
000d7d20_4731,11738.62
000d7d20_4732,11738.725
000d7d20_4733,11738.572
000d7d20_4734,11738.581
000d7d20_4735,11738.683
000d7d20_4736,11738.538
000d7d20_4737,11738.546
000d7d20_4738,11738.696
000d7d20_4739,11738.537
000d7d20_4740,11738.543
000d7d20_4741,11738.671
000d7d20_4742,11738.518
000d7d20_4743,11738.637
000d7d20_4744,11738.515
000d7d20_4745,11738.508
000d7d20_4746,11738.444
000d7d20_4747,11738.619
000d7d20_4748,11738.61
000d7d20_4749,11738.751
000d7d20_4750,11738.622
000d7d20_4751,11738.742
000d7d20_4752,11738.605
000d7d20_4753,11738.259
000d7d20_4754,11738.413
000d7d20_4755,11738.285
000d7d20_4756,11738.2295
000d7d20_4757,11738.302
000d7d20_4758,11738.205
000d7d20_4759,11738.105
000d7d20_4760,11738.343
000d7d20_4761,11738.207
000d7d20_4762,11738.189
000d7d20_4763,11738.2
000d7d20_4764,11738.219
000d7d20_4765,11738.446
000d7d20_4766,11738.265
000d7d20_4767,11738.225
000d7d20_4768,11738.199
000d7d20_4769,11738.252
000d7d20_4770,11738.263
000d7d20_4771,11738.259
000d7d20_4772,11738.249
000d7d20_4773,11738.253
000d7d20_4774,11738.234
000d7d20_4775,11738.284
000d7d20_4776,11738.214
000d7d20_4777,11738.271
000d7d20_4778,11738.608
000d7d20_4779,11738.623
000d7d20_4780,11738.581
000d7d20_4781,11738.606
000d7d20_4782,11738.563
000d7d20_4783,11738.536
000d7d20_4784,11738.597
000d7d20_4785,11738.601
000d7d20_4786,11738.6045
000d7d20_4787,11738.61
000d7d20_4788,11738.561
000d7d20_4789,11738.554
000d7d20_4790,11738.567
000d7d20_4791,11738.5205
000d7d20_4792,11738.571
000d7d20_4793,11738.58
000d7d20_4794,11738.565
000d7d20_4795,11738.6455
000d7d20_4796,11738.662
000d7d20_4797,11738.62
000d7d20_4798,11738.646
000d7d20_4799,11738.568
000d7d20_4800,11738.647
000d7d20_4801,11738.576
000d7d20_4802,11738.632
000d7d20_4803,11738.546
000d7d20_4804,11738.447
000d7d20_4805,11738.554
000d7d20_4806,11738.561
000d7d20_4807,11738.531
000d7d20_4808,11738.451
000d7d20_4809,11738.402
000d7d20_4810,11738.407
000d7d20_4811,11738.443
000d7d20_4812,11738.465
000d7d20_4813,11738.427
000d7d20_4814,11738.39
000d7d20_4815,11738.497
000d7d20_4816,11738.473
000d7d20_4817,11738.509
000d7d20_4818,11738.509
000d7d20_4819,11738.431
000d7d20_4820,11738.523
000d7d20_4821,11738.529
000d7d20_4822,11738.542
000d7d20_4823,11738.437
000d7d20_4824,11738.515
000d7d20_4825,11738.506
000d7d20_4826,11738.68
000d7d20_4827,11738.51
000d7d20_4828,11738.428
000d7d20_4829,11738.491
000d7d20_4830,11738.595
000d7d20_4831,11738.587
000d7d20_4832,11738.664
000d7d20_4833,11738.57
000d7d20_4834,11738.639
000d7d20_4835,11738.67
000d7d20_4836,11738.6455
000d7d20_4837,11738.6
000d7d20_4838,11738.662
000d7d20_4839,11738.65
000d7d20_4840,11738.606
000d7d20_4841,11738.664
000d7d20_4842,11738.588
000d7d20_4843,11738.673
000d7d20_4844,11738.587
000d7d20_4845,11738.559
000d7d20_4846,11738.515
000d7d20_4847,11738.559
000d7d20_4848,11738.549
000d7d20_4849,11738.541
000d7d20_4850,11738.518
000d7d20_4851,11738.564
000d7d20_4852,11738.571
000d7d20_4853,11738.561
000d7d20_4854,11738.527
000d7d20_4855,11738.587
000d7d20_4856,11738.578
000d7d20_4857,11738.569
000d7d20_4858,11738.595
000d7d20_4859,11738.55
000d7d20_4860,11738.616
000d7d20_4861,11738.622
000d7d20_4862,11738.613
000d7d20_4863,11738.55
000d7d20_4864,11738.627
000d7d20_4865,11738.604
000d7d20_4866,11738.627
000d7d20_4867,11738.552
000d7d20_4868,11738.627
000d7d20_4869,11738.609
000d7d20_4870,11738.781
000d7d20_4871,11738.6045
000d7d20_4872,11738.628
000d7d20_4873,11738.6045
000d7d20_4874,11738.626
000d7d20_4875,11738.585
000d7d20_4876,11738.637
000d7d20_4877,11738.629
000d7d20_4878,11738.696
000d7d20_4879,11738.59
000d7d20_4880,11738.599
000d7d20_4881,11738.591
000d7d20_4882,11738.592
000d7d20_4883,11738.608
000d7d20_4884,11738.613
000d7d20_4885,11738.579
000d7d20_4886,11738.512
000d7d20_4887,11738.759
000d7d20_4888,11738.572
000d7d20_4889,11738.577
000d7d20_4890,11738.534
000d7d20_4891,11738.686
000d7d20_4892,11738.6455
000d7d20_4893,11738.609
000d7d20_4894,11738.524
000d7d20_4895,11738.297
000d7d20_4896,11738.482
000d7d20_4897,11738.32
000d7d20_4898,11738.23
000d7d20_4899,11738.29
000d7d20_4900,11738.282
000d7d20_4901,11738.274
000d7d20_4902,11738.231
000d7d20_4903,11738.285
000d7d20_4904,11738.283
000d7d20_4905,11738.24
000d7d20_4906,11738.2705
000d7d20_4907,11738.278
000d7d20_4908,11738.272
000d7d20_4909,11738.244
000d7d20_4910,11738.169
000d7d20_4911,11738.195
000d7d20_4912,11738.1875
000d7d20_4913,11738.131
000d7d20_4914,11738.154
000d7d20_4915,11738.171
000d7d20_4916,11738.14
000d7d20_4917,11738.168
000d7d20_4918,11738.188
000d7d20_4919,11738.163
000d7d20_4920,11738.128
000d7d20_4921,11738.1875
000d7d20_4922,11738.149
000d7d20_4923,11738.227
000d7d20_4924,11738.185
000d7d20_4925,11738.209
000d7d20_4926,11738.321
000d7d20_4927,11738.229
000d7d20_4928,11738.338
000d7d20_4929,11738.288
000d7d20_4930,11738.335
000d7d20_4931,11738.265
000d7d20_4932,11738.32
000d7d20_4933,11738.279
000d7d20_4934,11738.337
000d7d20_4935,11738.232
000d7d20_4936,11738.353
000d7d20_4937,11738.249
000d7d20_4938,11738.334
000d7d20_4939,11738.414
000d7d20_4940,11738.403
000d7d20_4941,11738.398
000d7d20_4942,11738.357
000d7d20_4943,11738.435
000d7d20_4944,11738.397
000d7d20_4945,11738.381
000d7d20_4946,11738.343
000d7d20_4947,11738.417
000d7d20_4948,11738.448
000d7d20_4949,11738.344
000d7d20_4950,11738.409
000d7d20_4951,11738.389
000d7d20_4952,11738.419
000d7d20_4953,11738.346
000d7d20_4954,11738.409
000d7d20_4955,11738.404
000d7d20_4956,11738.377
000d7d20_4957,11738.44
000d7d20_4958,11738.455
000d7d20_4959,11738.447
000d7d20_4960,11738.434
000d7d20_4961,11738.422
000d7d20_4962,11738.46
000d7d20_4963,11738.483
000d7d20_4964,11738.452
000d7d20_4965,11738.489
000d7d20_4966,11738.493
000d7d20_4967,11738.384
000d7d20_4968,11738.533
000d7d20_4969,11738.518
000d7d20_4970,11738.485
000d7d20_4971,11738.434
000d7d20_4972,11738.504
000d7d20_4973,11738.482
000d7d20_4974,11738.575
000d7d20_4975,11738.579
000d7d20_4976,11738.604
000d7d20_4977,11738.584
000d7d20_4978,11738.494
000d7d20_4979,11738.588
000d7d20_4980,11738.541
000d7d20_4981,11738.535
000d7d20_4982,11738.559
000d7d20_4983,11738.591
000d7d20_4984,11738.579
000d7d20_4985,11738.469
000d7d20_4986,11738.762
000d7d20_4987,11738.687
000d7d20_4988,11738.712
000d7d20_4989,11738.786
000d7d20_4990,11738.74
000d7d20_4991,11738.786
000d7d20_4992,11738.72
000d7d20_4993,11738.772
000d7d20_4994,11738.815
000d7d20_4995,11738.784
000d7d20_4996,11738.782
000d7d20_4997,11738.896
000d7d20_4998,11738.92
000d7d20_4999,11738.893
000d7d20_5000,11738.905
000d7d20_5001,11739.005
000d7d20_5002,11738.982
000d7d20_5003,11738.928
000d7d20_5004,11739.0625
000d7d20_5005,11739.018
000d7d20_5006,11739.054
000d7d20_5007,11739.035
000d7d20_5008,11739.086
000d7d20_5009,11739.144
000d7d20_5010,11739.134
000d7d20_5011,11739.197
000d7d20_5012,11739.145
000d7d20_5013,11739.257
000d7d20_5014,11739.248
000d7d20_5015,11739.242
000d7d20_5016,11739.146
000d7d20_5017,11739.154
000d7d20_5018,11739.186
000d7d20_5019,11739.207
000d7d20_5020,11739.328
000d7d20_5021,11739.266
000d7d20_5022,11739.39
000d7d20_5023,11739.365
000d7d20_5024,11739.358
000d7d20_5025,11739.36
000d7d20_5026,11739.294
000d7d20_5027,11739.372
000d7d20_5028,11739.364
000d7d20_5029,11739.347
000d7d20_5030,11739.3545
000d7d20_5031,11739.301
000d7d20_5032,11739.364
000d7d20_5033,11739.38
000d7d20_5034,11739.398
000d7d20_5035,11739.347
000d7d20_5036,11739.277
000d7d20_5037,11739.34
000d7d20_5038,11739.352
000d7d20_5039,11739.516
000d7d20_5040,11739.6875
000d7d20_5041,11739.693
000d7d20_5042,11739.637
000d7d20_5043,11739.714
000d7d20_5044,11739.688
000d7d20_5045,11739.7
000d7d20_5046,11739.778
000d7d20_5047,11739.732
000d7d20_5048,11739.752
000d7d20_5049,11739.742
000d7d20_5050,11739.773
000d7d20_5051,11739.824
000d7d20_5052,11739.7705
000d7d20_5053,11739.775
000d7d20_5054,11739.805
000d7d20_5055,11739.769
000d7d20_5056,11739.837
000d7d20_5057,11739.884
000d7d20_5058,11739.9
000d7d20_5059,11739.89
000d7d20_5060,11740.016
000d7d20_5061,11740.074
000d7d20_5062,11740.031
000d7d20_5063,11739.936
000d7d20_5064,11739.871
000d7d20_5065,11739.928
000d7d20_5066,11739.928
000d7d20_5067,11739.926
000d7d20_5068,11739.917
000d7d20_5069,11739.948
000d7d20_5070,11739.944
000d7d20_5071,11739.999
000d7d20_5072,11740.005
000d7d20_5073,11739.966
000d7d20_5074,11740.035
000d7d20_5075,11740.043
000d7d20_5076,11740.054
000d7d20_5077,11740.041
000d7d20_5078,11740.002
000d7d20_5079,11740.052
000d7d20_5080,11740.043
000d7d20_5081,11740.021
000d7d20_5082,11740.027
000d7d20_5083,11740.035
000d7d20_5084,11739.973
000d7d20_5085,11740.031
000d7d20_5086,11740.024
000d7d20_5087,11740.031
000d7d20_5088,11740.048
000d7d20_5089,11740.015
000d7d20_5090,11740.064
000d7d20_5091,11740.049
000d7d20_5092,11740.067
000d7d20_5093,11740.06
000d7d20_5094,11740.076
000d7d20_5095,11740.062
000d7d20_5096,11740.073
000d7d20_5097,11740.07
000d7d20_5098,11740.038
000d7d20_5099,11740.076
000d7d20_5100,11740.016
000d7d20_5101,11740.072
000d7d20_5102,11740.047
000d7d20_5103,11740.061
000d7d20_5104,11740.072
000d7d20_5105,11740.083
000d7d20_5106,11740.0625
000d7d20_5107,11740.031
000d7d20_5108,11740.073
000d7d20_5109,11740.072
000d7d20_5110,11740.076
000d7d20_5111,11740.071
000d7d20_5112,11740.082
000d7d20_5113,11740.068
000d7d20_5114,11740.062
000d7d20_5115,11740.086
000d7d20_5116,11740.042
000d7d20_5117,11740.014
000d7d20_5118,11740.027
000d7d20_5119,11740.021
000d7d20_5120,11740.046
000d7d20_5121,11739.997
000d7d20_5122,11739.985
000d7d20_5123,11740.001
000d7d20_5124,11739.992
000d7d20_5125,11740.017
000d7d20_5126,11739.817
000d7d20_5127,11739.809
000d7d20_5128,11739.849
000d7d20_5129,11739.863
000d7d20_5130,11739.881
000d7d20_5131,11739.855
000d7d20_5132,11739.852
000d7d20_5133,11739.813
000d7d20_5134,11739.847
000d7d20_5135,11739.852
000d7d20_5136,11739.851
000d7d20_5137,11739.833
000d7d20_5138,11739.799
000d7d20_5139,11739.84
000d7d20_5140,11739.833
000d7d20_5141,11739.864
000d7d20_5142,11739.916
000d7d20_5143,11739.901
000d7d20_5144,11739.914
000d7d20_5145,11739.893
000d7d20_5146,11739.918
000d7d20_5147,11739.908
000d7d20_5148,11739.874
000d7d20_5149,11739.913
000d7d20_5150,11739.889
000d7d20_5151,11739.892
000d7d20_5152,11739.9
000d7d20_5153,11739.858
000d7d20_5154,11739.876
000d7d20_5155,11739.9375
000d7d20_5156,11739.873
000d7d20_5157,11739.908
000d7d20_5158,11739.877
000d7d20_5159,11739.901
000d7d20_5160,11739.908
000d7d20_5161,11739.917
000d7d20_5162,11739.844
000d7d20_5163,11739.9
000d7d20_5164,11739.894
000d7d20_5165,11739.886
000d7d20_5166,11739.658
000d7d20_5167,11739.826
000d7d20_5168,11739.818
000d7d20_5169,11739.823
000d7d20_5170,11739.812
000d7d20_5171,11739.799
000d7d20_5172,11739.84
000d7d20_5173,11739.8125
000d7d20_5174,11739.781
000d7d20_5175,11739.822
000d7d20_5176,11739.814
000d7d20_5177,11739.83
000d7d20_5178,11739.804
000d7d20_5179,11739.842
000d7d20_5180,11739.817
000d7d20_5181,11739.828
000d7d20_5182,11739.606
000d7d20_5183,11739.805
000d7d20_5184,11739.87
000d7d20_5185,11739.949
000d7d20_5186,11739.957
000d7d20_5187,11739.926
000d7d20_5188,11739.96
000d7d20_5189,11739.967
000d7d20_5190,11739.963
000d7d20_5191,11739.9375
000d7d20_5192,11739.953
000d7d20_5193,11739.774
000d7d20_5194,11739.982
000d7d20_5195,11739.972
000d7d20_5196,11739.9375
000d7d20_5197,11739.988
000d7d20_5198,11739.9795
000d7d20_5199,11739.97
000d7d20_5200,11739.986
000d7d20_5201,11739.968
000d7d20_5202,11739.814
000d7d20_5203,11739.992
000d7d20_5204,11740.001
000d7d20_5205,11739.983
000d7d20_5206,11739.968
000d7d20_5207,11739.992
000d7d20_5208,11739.859
000d7d20_5209,11739.626
000d7d20_5210,11739.829
000d7d20_5211,11739.782
000d7d20_5212,11739.81
000d7d20_5213,11739.799
000d7d20_5214,11739.824
000d7d20_5215,11739.797
000d7d20_5216,11739.626
000d7d20_5217,11739.786
000d7d20_5218,11739.819
000d7d20_5219,11739.826
000d7d20_5220,11739.83
000d7d20_5221,11739.838
000d7d20_5222,11739.854
000d7d20_5223,11739.6045
000d7d20_5224,11739.809
000d7d20_5225,11739.833
000d7d20_5226,11739.827
000d7d20_5227,11739.835
000d7d20_5228,11739.625
000d7d20_5229,11739.851
000d7d20_5230,11739.793
000d7d20_5231,11739.817
000d7d20_5232,11739.826
000d7d20_5233,11739.819
000d7d20_5234,11739.638
000d7d20_5235,11739.834
000d7d20_5236,11739.83
000d7d20_5237,11739.791
000d7d20_5238,11739.816
000d7d20_5239,11739.662
000d7d20_5240,11739.835
000d7d20_5241,11739.843
000d7d20_5242,11739.835
000d7d20_5243,11739.827
000d7d20_5244,11739.614
000d7d20_5245,11739.78
000d7d20_5246,11739.823
000d7d20_5247,11739.816
000d7d20_5248,11739.838
000d7d20_5249,11739.645
000d7d20_5250,11739.846
000d7d20_5251,11739.821
000d7d20_5252,11739.831
000d7d20_5253,11739.85
000d7d20_5254,11740.036
000d7d20_5255,11739.984
000d7d20_5256,11739.965
000d7d20_5257,11739.857
000d7d20_5258,11740.019
000d7d20_5259,11740.025
000d7d20_5260,11740.018
000d7d20_5261,11739.861
000d7d20_5262,11740.023
000d7d20_5263,11740.029
000d7d20_5264,11740.039
000d7d20_5265,11740.029
000d7d20_5266,11739.848
000d7d20_5267,11740.023
000d7d20_5268,11740.042
000d7d20_5269,11740.023
000d7d20_5270,11739.86
000d7d20_5271,11740.023
000d7d20_5272,11740.033
000d7d20_5273,11740.037
000d7d20_5274,11739.858
000d7d20_5275,11740.176
000d7d20_5276,11740.0625
000d7d20_5277,11740.039
00bbac68_1545,12223.653
00bbac68_1546,12223.59
00bbac68_1547,12223.611
00bbac68_1548,12223.595
00bbac68_1549,12223.504
00bbac68_1550,12223.483
00bbac68_1551,12223.582
00bbac68_1552,12223.462
00bbac68_1553,12223.485
00bbac68_1554,12223.529
00bbac68_1555,12223.475
00bbac68_1556,12223.566
00bbac68_1557,12223.429
00bbac68_1558,12223.53
00bbac68_1559,12223.551
00bbac68_1560,12223.464
00bbac68_1561,12223.67
00bbac68_1562,12223.77
00bbac68_1563,12223.722
00bbac68_1564,12223.85
00bbac68_1565,12223.747
00bbac68_1566,12223.802
00bbac68_1567,12223.861
00bbac68_1568,12223.755
00bbac68_1569,12223.891
00bbac68_1570,12223.985
00bbac68_1571,12223.844
00bbac68_1572,12223.83
00bbac68_1573,12223.913
00bbac68_1574,12223.812
00bbac68_1575,12223.953
00bbac68_1576,12223.848
00bbac68_1577,12223.822
00bbac68_1578,12224.075
00bbac68_1579,12223.904
00bbac68_1580,12223.99
00bbac68_1581,12224.076
00bbac68_1582,12223.998
00bbac68_1583,12223.959
00bbac68_1584,12224.034
00bbac68_1585,12224.022
00bbac68_1586,12223.971
00bbac68_1587,12224.031
00bbac68_1588,12223.927
00bbac68_1589,12224.048
00bbac68_1590,12224.133
00bbac68_1591,12226.765
00bbac68_1592,12226.841
00bbac68_1593,12226.915
00bbac68_1594,12226.845
00bbac68_1595,12226.768
00bbac68_1596,12226.957
00bbac68_1597,12226.831
00bbac68_1598,12226.852
00bbac68_1599,12226.924
00bbac68_1600,12226.8545
00bbac68_1601,12226.777
00bbac68_1602,12227.029
00bbac68_1603,12226.695
00bbac68_1604,12226.772
00bbac68_1605,12226.818
00bbac68_1606,12226.92
00bbac68_1607,12226.735
00bbac68_1608,12226.832
00bbac68_1609,12226.885
00bbac68_1610,12226.813
00bbac68_1611,12226.737
00bbac68_1612,12226.814
00bbac68_1613,12226.893
00bbac68_1614,12226.823
00bbac68_1615,12226.87
00bbac68_1616,12226.94
00bbac68_1617,12226.947
00bbac68_1618,12226.9795
00bbac68_1619,12227.154
00bbac68_1620,12227.176
00bbac68_1621,12226.987
00bbac68_1622,12227.027
00bbac68_1623,12227.027
00bbac68_1624,12227.036
00bbac68_1625,12226.965
00bbac68_1626,12227.004
00bbac68_1627,12227.004
00bbac68_1628,12226.933
00bbac68_1629,12227.265
00bbac68_1630,12227.153
00bbac68_1631,12227.267
00bbac68_1632,12226.922
00bbac68_1633,12227.177
00bbac68_1634,12227.078
00bbac68_1635,12227.069
00bbac68_1636,12227.082
00bbac68_1637,12227.018
00bbac68_1638,12227.157
00bbac68_1639,12227.084
00bbac68_1640,12227.095
00bbac68_1641,12227.082
00bbac68_1642,12227.214
00bbac68_1643,12227.157
00bbac68_1644,12227.135
00bbac68_1645,12227.09
00bbac68_1646,12227.099
00bbac68_1647,12227.132
00bbac68_1648,12227.134
00bbac68_1649,12227.261
00bbac68_1650,12227.301
00bbac68_1651,12227.3955
00bbac68_1652,12227.553
00bbac68_1653,12227.548
00bbac68_1654,12227.487
00bbac68_1655,12227.601
00bbac68_1656,12227.551
00bbac68_1657,12227.488
00bbac68_1658,12227.485
00bbac68_1659,12227.552
00bbac68_1660,12227.686
00bbac68_1661,12227.604
00bbac68_1662,12227.522
00bbac68_1663,12227.558
00bbac68_1664,12227.563
00bbac68_1665,12227.604
00bbac68_1666,12227.3125
00bbac68_1667,12227.486
00bbac68_1668,12227.442
00bbac68_1669,12227.567
00bbac68_1670,12227.587
00bbac68_1671,12227.444
00bbac68_1672,12227.446
00bbac68_1673,12227.127
00bbac68_1674,12227.439
00bbac68_1675,12227.365
00bbac68_1676,12227.541
00bbac68_1677,12227.474
00bbac68_1678,12227.196
00bbac68_1679,12227.564
00bbac68_1680,12227.683
00bbac68_1681,12227.615
00bbac68_1682,12227.381
00bbac68_1683,12227.735
00bbac68_1684,12227.68
00bbac68_1685,12227.804
00bbac68_1686,12227.582
00bbac68_1687,12227.865
00bbac68_1688,12227.772
00bbac68_1689,12227.661
00bbac68_1690,12227.901
00bbac68_1691,12227.839
00bbac68_1692,12227.619
00bbac68_1693,12227.91
00bbac68_1694,12227.973
00bbac68_1695,12227.683
00bbac68_1696,12227.871
00bbac68_1697,12227.983
00bbac68_1698,12227.722
00bbac68_1699,12228.084
00bbac68_1700,12227.791
00bbac68_1701,12228.106
00bbac68_1702,12228.272
00bbac68_1703,12228.064
00bbac68_1704,12228.2295
00bbac68_1705,12228.291
00bbac68_1706,12228.036
00bbac68_1707,12228.317
00bbac68_1708,12228.037
00bbac68_1709,12228.366
00bbac68_1710,12228.362
00bbac68_1711,12228.082
00bbac68_1712,12228.396
00bbac68_1713,12228.169
00bbac68_1714,12228.417
00bbac68_1715,12228.5
00bbac68_1716,12228.236
00bbac68_1717,12228.53
00bbac68_1718,12228.266
00bbac68_1719,12228.518
00bbac68_1720,12228.619
00bbac68_1721,12228.466
00bbac68_1722,12228.707
00bbac68_1723,12228.41
00bbac68_1724,12228.712
00bbac68_1725,12228.756
00bbac68_1726,12228.504
00bbac68_1727,12228.696
00bbac68_1728,12228.473
00bbac68_1729,12228.868
00bbac68_1730,12228.796
00bbac68_1731,12228.562
00bbac68_1732,12228.888
00bbac68_1733,12228.581
00bbac68_1734,12228.909
00bbac68_1735,12228.846
00bbac68_1736,12228.346
00bbac68_1737,12228.557
00bbac68_1738,12228.525
00bbac68_1739,12228.304
00bbac68_1740,12228.475
00bbac68_1741,12228.327
00bbac68_1742,12228.562
00bbac68_1743,12228.578
00bbac68_1744,12228.423
00bbac68_1745,12228.675
00bbac68_1746,12228.68
00bbac68_1747,12228.903
00bbac68_1748,12228.869
00bbac68_1749,12228.56
00bbac68_1750,12228.896
00bbac68_1751,12228.675
00bbac68_1752,12228.917
00bbac68_1753,12228.717
00bbac68_1754,12228.907
00bbac68_1755,12228.886
00bbac68_1756,12228.413
00bbac68_1757,12228.895
00bbac68_1758,12228.852
00bbac68_1759,12228.622
00bbac68_1760,12228.852
00bbac68_1761,12228.169
00bbac68_1762,12228.595
00bbac68_1763,12228.341
00bbac68_1764,12228.142
00bbac68_1765,12228.482
00bbac68_1766,12228.222
00bbac68_1767,12228.224
00bbac68_1768,12228.275
00bbac68_1769,12228.196
00bbac68_1770,12228.566
00bbac68_1771,12228.017
00bbac68_1772,12228.569
00bbac68_1773,12228.058
00bbac68_1774,12228.313
00bbac68_1775,12228.638
00bbac68_1776,12228.085
00bbac68_1777,12228.327
00bbac68_1778,12228.51
00bbac68_1779,12228.559
00bbac68_1780,12228.581
00bbac68_1781,12228.421
00bbac68_1782,12228.73
00bbac68_1783,12228.598
00bbac68_1784,12228.944
00bbac68_1785,12228.766
00bbac68_1786,12228.543
00bbac68_1787,12228.7
00bbac68_1788,12228.421
00bbac68_1789,12228.945
00bbac68_1790,12228.517
00bbac68_1791,12228.653
00bbac68_1792,12228.619
00bbac68_1793,12228.391
00bbac68_1794,12228.588
00bbac68_1795,12228.417
00bbac68_1796,12228.386
00bbac68_1797,12228.828
00bbac68_1798,12228.29
00bbac68_1799,12228.442
00bbac68_1800,12228.223
00bbac68_1801,12228.678
00bbac68_1802,12228.225
00bbac68_1803,12228.437
00bbac68_1804,12228.467
00bbac68_1805,12228.546
00bbac68_1806,12228.407
00bbac68_1807,12228.131
00bbac68_1808,12228.299
00bbac68_1809,12228.123
00bbac68_1810,12228.099
00bbac68_1811,12227.995
00bbac68_1812,12228.163
00bbac68_1813,12228.166
00bbac68_1814,12228.319
00bbac68_1815,12228.569
00bbac68_1816,12228.174
00bbac68_1817,12228.373
00bbac68_1818,12228.178
00bbac68_1819,12228.6045
00bbac68_1820,12228.377
00bbac68_1821,12228.592
00bbac68_1822,12228.451
00bbac68_1823,12228.683
00bbac68_1824,12228.712
00bbac68_1825,12228.741
00bbac68_1826,12228.411
00bbac68_1827,12228.828
00bbac68_1828,12228.611
00bbac68_1829,12228.326
00bbac68_1830,12228.429
00bbac68_1831,12228.289
00bbac68_1832,12228.598
00bbac68_1833,12228.404
00bbac68_1834,12228.722
00bbac68_1835,12228.507
00bbac68_1836,12228.731
00bbac68_1837,12228.701
00bbac68_1838,12228.947
00bbac68_1839,12228.53
00bbac68_1840,12228.746
00bbac68_1841,12228.55
00bbac68_1842,12228.756
00bbac68_1843,12228.672
00bbac68_1844,12228.858
00bbac68_1845,12228.672
00bbac68_1846,12228.697
00bbac68_1847,12228.964
00bbac68_1848,12228.661
00bbac68_1849,12228.787
00bbac68_1850,12228.573
00bbac68_1851,12228.79
00bbac68_1852,12228.594
00bbac68_1853,12228.778
00bbac68_1854,12228.485
00bbac68_1855,12228.656
00bbac68_1856,12228.387
00bbac68_1857,12228.869
00bbac68_1858,12228.499
00bbac68_1859,12228.661
00bbac68_1860,12228.466
00bbac68_1861,12228.487
00bbac68_1862,12228.741
00bbac68_1863,12228.604
00bbac68_1864,12228.8
00bbac68_1865,12228.471
00bbac68_1866,12228.769
00bbac68_1867,12228.611
00bbac68_1868,12228.805
00bbac68_1869,12228.7
00bbac68_1870,12228.709
00bbac68_1871,12229.392
00bbac68_1872,12228.953
00bbac68_1873,12229.21
00bbac68_1874,12228.96
00bbac68_1875,12229.224
00bbac68_1876,12228.973
00bbac68_1877,12228.975
00bbac68_1878,12229.059
00bbac68_1879,12228.897
00bbac68_1880,12228.883
00bbac68_1881,12228.733
00bbac68_1882,12228.945
00bbac68_1883,12228.888
00bbac68_1884,12228.889
00bbac68_1885,12229.071
00bbac68_1886,12228.886
00bbac68_1887,12229.1
00bbac68_1888,12228.8545
00bbac68_1889,12228.852
00bbac68_1890,12229.01
00bbac68_1891,12228.559
00bbac68_1892,12228.764
00bbac68_1893,12228.891
00bbac68_1894,12229.174
00bbac68_1895,12228.966
00bbac68_1896,12228.881
00bbac68_1897,12229.032
00bbac68_1898,12228.717
00bbac68_1899,12228.928
00bbac68_1900,12228.714
00bbac68_1901,12228.706
00bbac68_1902,12229.257
00bbac68_1903,12228.676
00bbac68_1904,12228.717
00bbac68_1905,12228.401
00bbac68_1906,12228.456
00bbac68_1907,12228.647
00bbac68_1908,12228.665
00bbac68_1909,12228.478
00bbac68_1910,12228.541
00bbac68_1911,12228.744
00bbac68_1912,12228.854
00bbac68_1913,12228.531
00bbac68_1914,12228.767
00bbac68_1915,12228.566
00bbac68_1916,12229.026
00bbac68_1917,12228.544
00bbac68_1918,12228.733
00bbac68_1919,12228.8545
00bbac68_1920,12228.526
00bbac68_1921,12228.81
00bbac68_1922,12228.9375
00bbac68_1923,12228.866
00bbac68_1924,12228.659
00bbac68_1925,12229.169
00bbac68_1926,12228.665
00bbac68_1927,12228.945
00bbac68_1928,12228.905
00bbac68_1929,12228.652
00bbac68_1930,12229.337
00bbac68_1931,12229.015
00bbac68_1932,12229.511
00bbac68_1933,12229.044
00bbac68_1934,12229.564
00bbac68_1935,12228.967
00bbac68_1936,12229.6455
00bbac68_1937,12229.084
00bbac68_1938,12229.359
00bbac68_1939,12229.287
00bbac68_1940,12229.379
00bbac68_1941,12229.29
00bbac68_1942,12229.358
00bbac68_1943,12229.308
00bbac68_1944,12229.584
00bbac68_1945,12229.526
00bbac68_1946,12229.648
00bbac68_1947,12229.789
00bbac68_1948,12229.342
00bbac68_1949,12229.776
00bbac68_1950,12229.752
00bbac68_1951,12229.845
00bbac68_1952,12229.9795
00bbac68_1953,12229.506
00bbac68_1954,12230.186
00bbac68_1955,12229.914
00bbac68_1956,12229.846
00bbac68_1957,12229.945
00bbac68_1958,12230.14
00bbac68_1959,12229.675
00bbac68_1960,12230.319
00bbac68_1961,12230.203
00bbac68_1962,12230.448
00bbac68_1963,12229.9375
00bbac68_1964,12230.325
00bbac68_1965,12230.022
00bbac68_1966,12230.282
00bbac68_1967,12229.835
00bbac68_1968,12230.108
00bbac68_1969,12230.248
00bbac68_1970,12230.176
00bbac68_1971,12230.358
00bbac68_1972,12230.024
00bbac68_1973,12230.521
00bbac68_1974,12230.47
00bbac68_1975,12230.727
00bbac68_1976,12230.496
00bbac68_1977,12230.714
00bbac68_1978,12230.5205
00bbac68_1979,12230.695
00bbac68_1980,12230.325
00bbac68_1981,12230.823
00bbac68_1982,12230.557
00bbac68_1983,12230.78
00bbac68_1984,12230.551
00bbac68_1985,12230.778
00bbac68_1986,12230.551
00bbac68_1987,12230.843
00bbac68_1988,12230.691
00bbac68_1989,12230.526
00bbac68_1990,12230.359
00bbac68_1991,12230.529
00bbac68_1992,12230.36
00bbac68_1993,12230.416
00bbac68_1994,12230.389
00bbac68_1995,12230.5625
00bbac68_1996,12230.341
00bbac68_1997,12230.623
00bbac68_1998,12230.449
00bbac68_1999,12230.807
00bbac68_2000,12230.578
00bbac68_2001,12230.839
00bbac68_2002,12230.407
00bbac68_2003,12230.584
00bbac68_2004,12230.407
00bbac68_2005,12230.584
00bbac68_2006,12230.217
00bbac68_2007,12230.564
00bbac68_2008,12230.283
00bbac68_2009,12230.514
00bbac68_2010,12230.4375
00bbac68_2011,12230.768
00bbac68_2012,12230.542
00bbac68_2013,12230.739
00bbac68_2014,12230.579
00bbac68_2015,12230.806
00bbac68_2016,12230.61
00bbac68_2017,12230.586
00bbac68_2018,12230.813
00bbac68_2019,12230.673
00bbac68_2020,12230.623
00bbac68_2021,12230.668
00bbac68_2022,12230.869
00bbac68_2023,12230.693
00bbac68_2024,12230.849
00bbac68_2025,12230.667
00bbac68_2026,12230.905
00bbac68_2027,12230.702
00bbac68_2028,12230.959
00bbac68_2029,12230.655
00bbac68_2030,12230.885
00bbac68_2031,12230.661
00bbac68_2032,12230.75
00bbac68_2033,12230.7
00bbac68_2034,12230.861
00bbac68_2035,12230.685
00bbac68_2036,12230.879
00bbac68_2037,12230.657
00bbac68_2038,12230.888
00bbac68_2039,12230.744
00bbac68_2040,12230.88
00bbac68_2041,12230.685
00bbac68_2042,12230.644
00bbac68_2043,12230.819
00bbac68_2044,12230.633
00bbac68_2045,12230.554
00bbac68_2046,12230.711
00bbac68_2047,12230.91
00bbac68_2048,12230.683
00bbac68_2049,12230.883
00bbac68_2050,12230.74
00bbac68_2051,12230.885
00bbac68_2052,12230.921
00bbac68_2053,12230.932
00bbac68_2054,12230.999
00bbac68_2055,12231.009
00bbac68_2056,12230.983
00bbac68_2057,12231.055
00bbac68_2058,12230.854
00bbac68_2059,12231.056
00bbac68_2060,12231.057
00bbac68_2061,12231.128
00bbac68_2062,12231.184
00bbac68_2063,12231.115
00bbac68_2064,12231.178
00bbac68_2065,12231.155
00bbac68_2066,12231.22
00bbac68_2067,12231.155
00bbac68_2068,12231.103
00bbac68_2069,12231.022
00bbac68_2070,12231.092
00bbac68_2071,12230.933
00bbac68_2072,12231.192
00bbac68_2073,12231.069
00bbac68_2074,12231.056
00bbac68_2075,12230.88
00bbac68_2076,12230.902
00bbac68_2077,12230.93
00bbac68_2078,12230.89
00bbac68_2079,12230.906
00bbac68_2080,12230.883
00bbac68_2081,12230.917
00bbac68_2082,12230.6
00bbac68_2083,12230.816
00bbac68_2084,12230.756
00bbac68_2085,12230.813
00bbac68_2086,12230.709
00bbac68_2087,12230.682
00bbac68_2088,12230.745
00bbac68_2089,12230.852
00bbac68_2090,12230.813
00bbac68_2091,12230.878
00bbac68_2092,12230.866
00bbac68_2093,12230.856
00bbac68_2094,12230.872
00bbac68_2095,12230.71
00bbac68_2096,12230.863
00bbac68_2097,12230.922
00bbac68_2098,12230.829
00bbac68_2099,12230.955
00bbac68_2100,12230.722
00bbac68_2101,12231.015
00bbac68_2102,12230.945
00bbac68_2103,12230.991
00bbac68_2104,12230.751
00bbac68_2105,12230.933
00bbac68_2106,12230.959
00bbac68_2107,12230.902
00bbac68_2108,12230.842
00bbac68_2109,12230.921
00bbac68_2110,12230.953
00bbac68_2111,12230.757
00bbac68_2112,12230.921
00bbac68_2113,12230.965
00bbac68_2114,12230.74
00bbac68_2115,12230.899
00bbac68_2116,12230.844
00bbac68_2117,12230.84
00bbac68_2118,12230.977
00bbac68_2119,12230.976
00bbac68_2120,12230.784
00bbac68_2121,12230.678
00bbac68_2122,12230.682
00bbac68_2123,12230.497
00bbac68_2124,12230.748
00bbac68_2125,12230.516
00bbac68_2126,12230.696
00bbac68_2127,12230.7
00bbac68_2128,12230.462
00bbac68_2129,12230.7295
00bbac68_2130,12230.564
00bbac68_2131,12230.751
00bbac68_2132,12230.681
00bbac68_2133,12230.745
00bbac68_2134,12230.744
00bbac68_2135,12230.487
00bbac68_2136,12230.847
00bbac68_2137,12230.767
00bbac68_2138,12230.854
00bbac68_2139,12230.767
00bbac68_2140,12230.862
00bbac68_2141,12230.628
00bbac68_2142,12230.878
00bbac68_2143,12230.709
00bbac68_2144,12230.865
00bbac68_2145,12230.657
00bbac68_2146,12230.92
00bbac68_2147,12230.81
00bbac68_2148,12230.916
00bbac68_2149,12230.679
00bbac68_2150,12230.778
00bbac68_2151,12230.935
00bbac68_2152,12230.801
00bbac68_2153,12230.907
00bbac68_2154,12230.802
00bbac68_2155,12230.52
00bbac68_2156,12230.719
00bbac68_2157,12230.589
00bbac68_2158,12230.695
00bbac68_2159,12230.589
00bbac68_2160,12230.61
00bbac68_2161,12230.767
00bbac68_2162,12230.517
00bbac68_2163,12230.78
00bbac68_2164,12230.628
00bbac68_2165,12230.827
00bbac68_2166,12230.949
00bbac68_2167,12230.883
00bbac68_2168,12230.647
00bbac68_2169,12230.915
00bbac68_2170,12230.827
00bbac68_2171,12230.765
00bbac68_2172,12230.765
00bbac68_2173,12230.976
00bbac68_2174,12230.724
00bbac68_2175,12230.692
00bbac68_2176,12230.962
00bbac68_2177,12230.813
00bbac68_2178,12230.918
00bbac68_2179,12230.763
00bbac68_2180,12230.919
00bbac68_2181,12230.764
00bbac68_2182,12230.861
00bbac68_2183,12231.025
00bbac68_2184,12230.928
00bbac68_2185,12230.857
00bbac68_2186,12230.723
00bbac68_2187,12230.93
00bbac68_2188,12230.731
00bbac68_2189,12230.861
00bbac68_2190,12230.864
00bbac68_2191,12230.98
00bbac68_2192,12230.9
00bbac68_2193,12230.74
00bbac68_2194,12230.833
00bbac68_2195,12231.092
00bbac68_2196,12230.87
00bbac68_2197,12230.92
00bbac68_2198,12230.87
00bbac68_2199,12230.808
00bbac68_2200,12231.083
00bbac68_2201,12230.9
00bbac68_2202,12230.986
00bbac68_2203,12230.936
00bbac68_2204,12231.052
00bbac68_2205,12230.8955
00bbac68_2206,12231.123
00bbac68_2207,12231.07
00bbac68_2208,12231.042
00bbac68_2209,12231.26
00bbac68_2210,12230.91
00bbac68_2211,12231.056
00bbac68_2212,12231.03
00bbac68_2213,12230.993
00bbac68_2214,12231.017
00bbac68_2215,12231.208
00bbac68_2216,12230.871
00bbac68_2217,12231.028
00bbac68_2218,12231.028
00bbac68_2219,12230.938
00bbac68_2220,12230.929
00bbac68_2221,12231.142
00bbac68_2222,12230.798
00bbac68_2223,12230.969
00bbac68_2224,12231.048
00bbac68_2225,12231.15
00bbac68_2226,12231.15
00bbac68_2227,12231.108
00bbac68_2228,12231.331
00bbac68_2229,12231.218
00bbac68_2230,12231.364
00bbac68_2231,12231.338
00bbac68_2232,12231.34
00bbac68_2233,12231.262
00bbac68_2234,12231.323
00bbac68_2235,12231.337
00bbac68_2236,12231.56
00bbac68_2237,12231.159
00bbac68_2238,12231.193
00bbac68_2239,12231.401
00bbac68_2240,12231.335
00bbac68_2241,12231.332
00bbac68_2242,12231.254
00bbac68_2243,12231.289
00bbac68_2244,12231.231
00bbac68_2245,12231.368
00bbac68_2246,12231.37
00bbac68_2247,12231.536
00bbac68_2248,12231.493
00bbac68_2249,12231.107
00bbac68_2250,12231.255
00bbac68_2251,12231.129
00bbac68_2252,12231.296
00bbac68_2253,12231.29
00bbac68_2254,12231.131
00bbac68_2255,12231.275
00bbac68_2256,12231.259
00bbac68_2257,12231.182
00bbac68_2258,12231.239
00bbac68_2259,12231.154
00bbac68_2260,12231.313
00bbac68_2261,12231.285
00bbac68_2262,12231.284
00bbac68_2263,12231.174
00bbac68_2264,12231.155
00bbac68_2265,12231.254
00bbac68_2266,12231.321
00bbac68_2267,12231.343
00bbac68_2268,12231.344
00bbac68_2269,12231.295
00bbac68_2270,12231.415
00bbac68_2271,12231.427
00bbac68_2272,12231.449
00bbac68_2273,12231.422
00bbac68_2274,12231.374
00bbac68_2275,12231.417
00bbac68_2276,12231.498
00bbac68_2277,12231.456
00bbac68_2278,12231.418
00bbac68_2279,12231.263
00bbac68_2280,12231.252
00bbac68_2281,12231.383
00bbac68_2282,12231.358
00bbac68_2283,12231.372
00bbac68_2284,12231.246
00bbac68_2285,12231.325
00bbac68_2286,12231.201
00bbac68_2287,12231.397
00bbac68_2288,12231.247
00bbac68_2289,12231.41
00bbac68_2290,12231.437
00bbac68_2291,12231.498
00bbac68_2292,12231.494
00bbac68_2293,12231.395
00bbac68_2294,12231.512
00bbac68_2295,12231.354
00bbac68_2296,12231.643
00bbac68_2297,12231.508
00bbac68_2298,12231.452
00bbac68_2299,12231.548
00bbac68_2300,12231.552
00bbac68_2301,12231.348
00bbac68_2302,12231.584
00bbac68_2303,12231.598
00bbac68_2304,12231.556
00bbac68_2305,12231.599
00bbac68_2306,12231.728
00bbac68_2307,12231.564
00bbac68_2308,12231.769
00bbac68_2309,12231.607
00bbac68_2310,12231.807
00bbac68_2311,12231.777
00bbac68_2312,12231.6455
00bbac68_2313,12231.657
00bbac68_2314,12231.564
00bbac68_2315,12231.791
00bbac68_2316,12231.526
00bbac68_2317,12231.556
00bbac68_2318,12231.49
00bbac68_2319,12231.692
00bbac68_2320,12231.497
00bbac68_2321,12231.484
00bbac68_2322,12231.469
00bbac68_2323,12231.703
00bbac68_2324,12231.493
00bbac68_2325,12231.52
00bbac68_2326,12231.758
00bbac68_2327,12231.748
00bbac68_2328,12231.666
00bbac68_2329,12231.6
00bbac68_2330,12231.674
00bbac68_2331,12231.682
00bbac68_2332,12231.575
00bbac68_2333,12231.714
00bbac68_2334,12231.649
00bbac68_2335,12231.56
00bbac68_2336,12231.543
00bbac68_2337,12231.311
00bbac68_2338,12231.309
00bbac68_2339,12231.359
00bbac68_2340,12231.466
00bbac68_2341,12231.354
00bbac68_2342,12231.463
00bbac68_2343,12231.571
00bbac68_2344,12231.322
00bbac68_2345,12231.393
00bbac68_2346,12231.463
00bbac68_2347,12231.442
00bbac68_2348,12231.647
00bbac68_2349,12231.452
00bbac68_2350,12231.47
00bbac68_2351,12231.617
00bbac68_2352,12231.572
00bbac68_2353,12231.748
00bbac68_2354,12231.435
00bbac68_2355,12231.476
00bbac68_2356,12231.391
00bbac68_2357,12231.343
00bbac68_2358,12231.279
00bbac68_2359,12231.299
00bbac68_2360,12231.304
00bbac68_2361,12231.375
00bbac68_2362,12231.406
00bbac68_2363,12231.275
00bbac68_2364,12231.232
00bbac68_2365,12231.247
00bbac68_2366,12231.195
00bbac68_2367,12231.213
00bbac68_2368,12231.225
00bbac68_2369,12231.203
00bbac68_2370,12231.261
00bbac68_2371,12231.33
00bbac68_2372,12231.527
00bbac68_2373,12231.382
00bbac68_2374,12231.393
00bbac68_2375,12231.351
00bbac68_2376,12231.314
00bbac68_2377,12231.244
00bbac68_2378,12231.28
00bbac68_2379,12231.275
00bbac68_2380,12231.425
00bbac68_2381,12231.09
00bbac68_2382,12231.116
00bbac68_2383,12231.14
00bbac68_2384,12231.125
00bbac68_2385,12231.125
00bbac68_2386,12231.123
00bbac68_2387,12231.126
00bbac68_2388,12231.221
00bbac68_2389,12231.085
00bbac68_2390,12231.109
00bbac68_2391,12231.084
00bbac68_2392,12231.067
00bbac68_2393,12231.07
00bbac68_2394,12231.166
00bbac68_2395,12231.024
00bbac68_2396,12231.065
00bbac68_2397,12231.059
00bbac68_2398,12231.083
00bbac68_2399,12231.065
00bbac68_2400,12231.067
00bbac68_2401,12231.175
00bbac68_2402,12230.99
00bbac68_2403,12231.024
00bbac68_2404,12231.046
00bbac68_2405,12231.027
00bbac68_2406,12231.068
00bbac68_2407,12231.173
00bbac68_2408,12231.107
00bbac68_2409,12231.055
00bbac68_2410,12231.0625
00bbac68_2411,12231.068
00bbac68_2412,12231.0625
00bbac68_2413,12231.329
00bbac68_2414,12230.989
00bbac68_2415,12231.052
00bbac68_2416,12231.038
00bbac68_2417,12231.01
00bbac68_2418,12231.287
00bbac68_2419,12231.091
00bbac68_2420,12231.074
00bbac68_2421,12231.1
00bbac68_2422,12231.151
00bbac68_2423,12231.449
00bbac68_2424,12231.077
00bbac68_2425,12231.146
00bbac68_2426,12231.146
00bbac68_2427,12231.126
00bbac68_2428,12231.43
00bbac68_2429,12231.153
00bbac68_2430,12231.215
00bbac68_2431,12231.215
00bbac68_2432,12231.207
00bbac68_2433,12231.312
00bbac68_2434,12231.194
00bbac68_2435,12231.243
00bbac68_2436,12231.193
00bbac68_2437,12231.164
00bbac68_2438,12231.269
00bbac68_2439,12231.038
00bbac68_2440,12230.987
00bbac68_2441,12230.989
00bbac68_2442,12231.2705
00bbac68_2443,12230.93
00bbac68_2444,12231.037
00bbac68_2445,12231.024
00bbac68_2446,12231.36
00bbac68_2447,12231.019
00bbac68_2448,12231.11
00bbac68_2449,12231.175
00bbac68_2450,12231.285
00bbac68_2451,12231.047
00bbac68_2452,12231.061
00bbac68_2453,12231.049
00bbac68_2454,12231.08
00bbac68_2455,12231.398
00bbac68_2456,12231.076
00bbac68_2457,12231.109
00bbac68_2458,12231.133
00bbac68_2459,12231.39
00bbac68_2460,12231.038
00bbac68_2461,12231.2705
00bbac68_2462,12231.286
00bbac68_2463,12231.284
00bbac68_2464,12231.556
00bbac68_2465,12231.346
00bbac68_2466,12231.186
00bbac68_2467,12231.221
00bbac68_2468,12231.233
00bbac68_2469,12231.531
00bbac68_2470,12231.221
00bbac68_2471,12231.304
00bbac68_2472,12231.297
00bbac68_2473,12231.5
00bbac68_2474,12231.514
00bbac68_2475,12231.791
00bbac68_2476,12231.486
00bbac68_2477,12231.443
00bbac68_2478,12231.455
00bbac68_2479,12231.454
00bbac68_2480,12231.442
00bbac68_2481,12231.462
00bbac68_2482,12231.462
00bbac68_2483,12231.462
00bbac68_2484,12231.557
00bbac68_2485,12231.477
00bbac68_2486,12231.431
00bbac68_2487,12231.466
00bbac68_2488,12231.481
00bbac68_2489,12231.609
00bbac68_2490,12231.578
00bbac68_2491,12231.587
00bbac68_2492,12231.588
00bbac68_2493,12231.718
00bbac68_2494,12231.74
00bbac68_2495,12231.78
00bbac68_2496,12231.761
00bbac68_2497,12231.745
00bbac68_2498,12231.792
00bbac68_2499,12231.834
00bbac68_2500,12231.826
00bbac68_2501,12231.83
00bbac68_2502,12231.912
00bbac68_2503,12231.957
00bbac68_2504,12231.887
00bbac68_2505,12231.901
00bbac68_2506,12231.851
00bbac68_2507,12231.827
00bbac68_2508,12231.866
00bbac68_2509,12231.84
00bbac68_2510,12231.834
00bbac68_2511,12231.886
00bbac68_2512,12231.882
00bbac68_2513,12231.807
00bbac68_2514,12231.793
00bbac68_2515,12231.73
00bbac68_2516,12231.73
00bbac68_2517,12231.531
00bbac68_2518,12231.547
00bbac68_2519,12231.557
00bbac68_2520,12231.673
00bbac68_2521,12231.677
00bbac68_2522,12231.765
00bbac68_2523,12231.536
00bbac68_2524,12231.73
00bbac68_2525,12231.743
00bbac68_2526,12231.735
00bbac68_2527,12231.749
00bbac68_2528,12231.736
00bbac68_2529,12231.676
00bbac68_2530,12231.69
00bbac68_2531,12231.678
00bbac68_2532,12231.504
00bbac68_2533,12231.727
00bbac68_2534,12231.677
00bbac68_2535,12231.689
00bbac68_2536,12231.69
00bbac68_2537,12231.672
00bbac68_2538,12231.541
00bbac68_2539,12231.726
00bbac68_2540,12231.672
00bbac68_2541,12231.658
00bbac68_2542,12231.685
00bbac68_2543,12231.834
00bbac68_2544,12231.558
00bbac68_2545,12231.751
00bbac68_2546,12231.706
00bbac68_2547,12231.741
00bbac68_2548,12231.506
00bbac68_2549,12231.79
00bbac68_2550,12231.869
00bbac68_2551,12231.88
00bbac68_2552,12231.853
00bbac68_2553,12231.79
00bbac68_2554,12231.902
00bbac68_2555,12231.988
00bbac68_2556,12231.987
00bbac68_2557,12231.778
00bbac68_2558,12231.983
00bbac68_2559,12231.923
00bbac68_2560,12231.912
00bbac68_2561,12231.796
00bbac68_2562,12231.956
00bbac68_2563,12231.89
00bbac68_2564,12231.901
00bbac68_2565,12231.668
00bbac68_2566,12231.983
00bbac68_2567,12231.968
00bbac68_2568,12231.934
00bbac68_2569,12231.744
00bbac68_2570,12231.9795
00bbac68_2571,12231.91
00bbac68_2572,12231.945
00bbac68_2573,12231.78
00bbac68_2574,12232.004
00bbac68_2575,12231.954
00bbac68_2576,12231.952
00bbac68_2577,12231.722
00bbac68_2578,12231.916
00bbac68_2579,12231.878
00bbac68_2580,12231.898
00bbac68_2581,12231.698
00bbac68_2582,12231.911
00bbac68_2583,12231.887
00bbac68_2584,12231.697
00bbac68_2585,12231.986
00bbac68_2586,12231.961
00bbac68_2587,12231.966
00bbac68_2588,12231.725
00bbac68_2589,12232.011
00bbac68_2590,12231.972
00bbac68_2591,12231.731
00bbac68_2592,12231.972
00bbac68_2593,12231.942
00bbac68_2594,12231.757
00bbac68_2595,12231.814
00bbac68_2596,12231.825
00bbac68_2597,12231.83
00bbac68_2598,12231.567
00bbac68_2599,12231.851
00bbac68_2600,12231.816
00bbac68_2601,12231.575
00bbac68_2602,12231.834
00bbac68_2603,12231.735
00bbac68_2604,12231.491
00bbac68_2605,12231.766
00bbac68_2606,12231.784
00bbac68_2607,12231.569
00bbac68_2608,12231.811
00bbac68_2609,12231.773
00bbac68_2610,12231.56
00bbac68_2611,12231.852
00bbac68_2612,12231.784
00bbac68_2613,12231.613
00bbac68_2614,12231.855
00bbac68_2615,12231.881
00bbac68_2616,12231.678
00bbac68_2617,12231.943
00bbac68_2618,12231.881
00bbac68_2619,12231.725
00bbac68_2620,12231.969
00bbac68_2621,12231.851
00bbac68_2622,12231.701
00bbac68_2623,12232.09
00bbac68_2624,12232.136
00bbac68_2625,12231.995
00bbac68_2626,12232.243
00bbac68_2627,12232.186
00bbac68_2628,12231.76
00bbac68_2629,12232.013
00bbac68_2630,12231.972
00bbac68_2631,12231.799
00bbac68_2632,12231.991
00bbac68_2633,12232.007
00bbac68_2634,12231.846
00bbac68_2635,12232.072
00bbac68_2636,12231.829
00bbac68_2637,12232.061
00bbac68_2638,12232.002
00bbac68_2639,12231.752
00bbac68_2640,12231.977
00bbac68_2641,12231.917
00bbac68_2642,12231.736
00bbac68_2643,12232.003
00bbac68_2644,12231.665
00bbac68_2645,12231.961
00bbac68_2646,12231.881
00bbac68_2647,12231.695
00bbac68_2648,12231.985
00bbac68_2649,12231.8
00bbac68_2650,12232.056
00bbac68_2651,12231.808
00bbac68_2652,12231.892
00bbac68_2653,12231.601
00bbac68_2654,12231.87
00bbac68_2655,12231.623
00bbac68_2656,12231.876
00bbac68_2657,12231.679
00bbac68_2658,12231.707
00bbac68_2659,12231.786
00bbac68_2660,12231.47
00bbac68_2661,12231.786
00bbac68_2662,12231.546
00bbac68_2663,12231.611
00bbac68_2664,12231.784
00bbac68_2665,12231.547
00bbac68_2666,12231.5205
00bbac68_2667,12231.668
00bbac68_2668,12231.429
00bbac68_2669,12231.455
00bbac68_2670,12231.642
00bbac68_2671,12231.348
00bbac68_2672,12231.324
00bbac68_2673,12231.439
00bbac68_2674,12231.5625
00bbac68_2675,12231.757
00bbac68_2676,12231.542
00bbac68_2677,12231.59
00bbac68_2678,12231.617
00bbac68_2679,12231.524
00bbac68_2680,12231.537
00bbac68_2681,12231.679
00bbac68_2682,12231.391
00bbac68_2683,12231.474
00bbac68_2684,12231.568
00bbac68_2685,12231.488
00bbac68_2686,12231.479
00bbac68_2687,12231.525
00bbac68_2688,12231.552
00bbac68_2689,12231.562
00bbac68_2690,12231.607
00bbac68_2691,12231.602
00bbac68_2692,12231.63
00bbac68_2693,12231.62
00bbac68_2694,12231.693
00bbac68_2695,12231.619
00bbac68_2696,12231.491
00bbac68_2697,12231.536
00bbac68_2698,12231.504
00bbac68_2699,12231.511
00bbac68_2700,12231.4375
00bbac68_2701,12231.465
00bbac68_2702,12231.526
00bbac68_2703,12231.331
00bbac68_2704,12231.383
00bbac68_2705,12231.271
00bbac68_2706,12231.262
00bbac68_2707,12231.25
00bbac68_2708,12231.329
00bbac68_2709,12231.245
00bbac68_2710,12231.239
00bbac68_2711,12231.264
00bbac68_2712,12231.301
00bbac68_2713,12231.245
00bbac68_2714,12231.239
00bbac68_2715,12231.312
00bbac68_2716,12231.361
00bbac68_2717,12231.183
00bbac68_2718,12231.192
00bbac68_2719,12231.245
00bbac68_2720,12231.182
00bbac68_2721,12231.235
00bbac68_2722,12231.218
00bbac68_2723,12231.231
00bbac68_2724,12231.278
00bbac68_2725,12231.075
00bbac68_2726,12231.071
00bbac68_2727,12231.034
00bbac68_2728,12231.104
00bbac68_2729,12231.175
00bbac68_2730,12231.068
00bbac68_2731,12231.156
00bbac68_2732,12231.225
00bbac68_2733,12231.255
00bbac68_2734,12231.277
00bbac68_2735,12231.29
00bbac68_2736,12231.324
00bbac68_2737,12231.282
00bbac68_2738,12231.323
00bbac68_2739,12231.338
00bbac68_2740,12231.2295
00bbac68_2741,12231.12
00bbac68_2742,12231.273
00bbac68_2743,12231.131
00bbac68_2744,12231.071
00bbac68_2745,12231.109
00bbac68_2746,12231.109
00bbac68_2747,12231.209
00bbac68_2748,12231.284
00bbac68_2749,12231.264
00bbac68_2750,12231.277
00bbac68_2751,12231.176
00bbac68_2752,12231.15
00bbac68_2753,12231.197
00bbac68_2754,12231.14
00bbac68_2755,12231.347
00bbac68_2756,12231.1875
00bbac68_2757,12231.143
00bbac68_2758,12231.019
00bbac68_2759,12231.014
00bbac68_2760,12231.079
00bbac68_2761,12230.897
00bbac68_2762,12230.692
00bbac68_2763,12230.7
00bbac68_2764,12230.736
00bbac68_2765,12230.991
00bbac68_2766,12230.985
00bbac68_2767,12231.019
00bbac68_2768,12231.084
00bbac68_2769,12231.064
00bbac68_2770,12231.136
00bbac68_2771,12231.0625
00bbac68_2772,12231.103
00bbac68_2773,12231.219
00bbac68_2774,12231.165
00bbac68_2775,12231.133
00bbac68_2776,12231.106
00bbac68_2777,12231.201
00bbac68_2778,12231.167
00bbac68_2779,12231.103
00bbac68_2780,12231.197
00bbac68_2781,12231.174
00bbac68_2782,12231.225
00bbac68_2783,12231.263
00bbac68_2784,12231.243
00bbac68_2785,12231.257
00bbac68_2786,12231.21
00bbac68_2787,12231.2
00bbac68_2788,12231.007
00bbac68_2789,12231.183
00bbac68_2790,12230.999
00bbac68_2791,12230.973
00bbac68_2792,12230.895
00bbac68_2793,12230.947
00bbac68_2794,12231.019
00bbac68_2795,12231.003
00bbac68_2796,12230.992
00bbac68_2797,12231.173
00bbac68_2798,12230.987
00bbac68_2799,12230.974
00bbac68_2800,12230.915
00bbac68_2801,12230.919
00bbac68_2802,12230.818
00bbac68_2803,12230.671
00bbac68_2804,12230.583
00bbac68_2805,12230.619
00bbac68_2806,12230.607
00bbac68_2807,12230.549
00bbac68_2808,12230.616
00bbac68_2809,12230.418
00bbac68_2810,12230.675
00bbac68_2811,12230.512
00bbac68_2812,12230.297
00bbac68_2813,12230.337
00bbac68_2814,12230.372
00bbac68_2815,12230.408
00bbac68_2816,12230.336
00bbac68_2817,12230.291
00bbac68_2818,12230.281
00bbac68_2819,12230.384
00bbac68_2820,12230.496
00bbac68_2821,12230.388
00bbac68_2822,12230.46
00bbac68_2823,12230.42
00bbac68_2824,12230.432
00bbac68_2825,12230.388
00bbac68_2826,12230.463
00bbac68_2827,12230.537
00bbac68_2828,12230.557
00bbac68_2829,12230.463
00bbac68_2830,12230.468
00bbac68_2831,12230.384
00bbac68_2832,12230.347
00bbac68_2833,12230.351
00bbac68_2834,12230.351
00bbac68_2835,12230.388
00bbac68_2836,12230.226
00bbac68_2837,12230.37
00bbac68_2838,12230.344
00bbac68_2839,12230.203
00bbac68_2840,12230.15
00bbac68_2841,12230.223
00bbac68_2842,12230.17
00bbac68_2843,12230.111
00bbac68_2844,12230.222
00bbac68_2845,12230.262
00bbac68_2846,12230.162
00bbac68_2847,12230.25
00bbac68_2848,12230.274
00bbac68_2849,12230.267
00bbac68_2850,12230.212
00bbac68_2851,12230.293
00bbac68_2852,12230.013
00bbac68_2853,12230.09
00bbac68_2854,12230.238
00bbac68_2855,12230.028
00bbac68_2856,12230.026
00bbac68_2857,12229.987
00bbac68_2858,12230.088
00bbac68_2859,12230.039
00bbac68_2860,12230.231
00bbac68_2861,12230.09
00bbac68_2862,12229.941
00bbac68_2863,12230.013
00bbac68_2864,12229.927
00bbac68_2865,12230.004
00bbac68_2866,12229.943
00bbac68_2867,12230.05
00bbac68_2868,12230.149
00bbac68_2869,12229.938
00bbac68_2870,12229.982
00bbac68_2871,12229.896
00bbac68_2872,12229.948
00bbac68_2873,12229.949
00bbac68_2874,12230.152
00bbac68_2875,12230.02
00bbac68_2876,12230.06
00bbac68_2877,12230.086
00bbac68_2878,12230.117
00bbac68_2879,12230.1045
00bbac68_2880,12230.022
00bbac68_2881,12230.14
00bbac68_2882,12230.061
00bbac68_2883,12230.109
00bbac68_2884,12230.076
00bbac68_2885,12230.0
00bbac68_2886,12230.058
00bbac68_2887,12230.0625
00bbac68_2888,12230.025
00bbac68_2889,12230.06
00bbac68_2890,12230.045
00bbac68_2891,12229.902
00bbac68_2892,12230.093
00bbac68_2893,12230.119
00bbac68_2894,12230.171
00bbac68_2895,12230.118
00bbac68_2896,12230.131
00bbac68_2897,12230.261
00bbac68_2898,12230.157
00bbac68_2899,12230.17
00bbac68_2900,12230.206
00bbac68_2901,12230.167
00bbac68_2902,12230.265
00bbac68_2903,12230.1455
00bbac68_2904,12230.241
00bbac68_2905,12230.311
00bbac68_2906,12230.248
00bbac68_2907,12230.299
00bbac68_2908,12230.339
00bbac68_2909,12230.261
00bbac68_2910,12230.161
00bbac68_2911,12230.219
00bbac68_2912,12230.316
00bbac68_2913,12230.249
00bbac68_2914,12230.272
00bbac68_2915,12230.322
00bbac68_2916,12230.282
00bbac68_2917,12230.249
00bbac68_2918,12230.318
00bbac68_2919,12230.335
00bbac68_2920,12230.28
00bbac68_2921,12230.24
00bbac68_2922,12230.286
00bbac68_2923,12230.301
00bbac68_2924,12230.206
00bbac68_2925,12230.475
00bbac68_2926,12230.446
00bbac68_2927,12230.478
00bbac68_2928,12230.5625
00bbac68_2929,12230.453
00bbac68_2930,12230.524
00bbac68_2931,12230.527
00bbac68_2932,12230.557
00bbac68_2933,12230.61
00bbac68_2934,12230.71
00bbac68_2935,12230.617
00bbac68_2936,12230.344
00bbac68_2937,12230.639
00bbac68_2938,12230.592
00bbac68_2939,12230.622
00bbac68_2940,12230.599
00bbac68_2941,12230.5625
00bbac68_2942,12230.641
00bbac68_2943,12230.593
00bbac68_2944,12230.653
00bbac68_2945,12230.628
00bbac68_2946,12230.607
00bbac68_2947,12230.675
00bbac68_2948,12230.635
00bbac68_2949,12230.607
00bbac68_2950,12230.731
00bbac68_2951,12230.699
00bbac68_2952,12230.758
00bbac68_2953,12230.731
00bbac68_2954,12230.702
00bbac68_2955,12230.686
00bbac68_2956,12230.748
00bbac68_2957,12230.798
00bbac68_2958,12230.686
00bbac68_2959,12230.743
00bbac68_2960,12230.751
00bbac68_2961,12230.712
00bbac68_2962,12230.815
00bbac68_2963,12230.618
00bbac68_2964,12230.762
00bbac68_2965,12230.746
00bbac68_2966,12230.811
00bbac68_2967,12230.867
00bbac68_2968,12230.723
00bbac68_2969,12230.723
00bbac68_2970,12230.797
00bbac68_2971,12230.811
00bbac68_2972,12230.856
00bbac68_2973,12230.771
00bbac68_2974,12230.733
00bbac68_2975,12230.846
00bbac68_2976,12230.803
00bbac68_2977,12230.8545
00bbac68_2978,12230.783
00bbac68_2979,12230.828
00bbac68_2980,12230.767
00bbac68_2981,12230.785
00bbac68_2982,12230.902
00bbac68_2983,12230.927
00bbac68_2984,12230.96
00bbac68_2985,12231.057
00bbac68_2986,12230.997
00bbac68_2987,12231.006
00bbac68_2988,12230.958
00bbac68_2989,12230.786
00bbac68_2990,12231.044
00bbac68_2991,12231.175
00bbac68_2992,12231.161
00bbac68_2993,12231.029
00bbac68_2994,12231.006
00bbac68_2995,12230.993
00bbac68_2996,12231.004
00bbac68_2997,12231.023
00bbac68_2998,12230.946
00bbac68_2999,12231.024
00bbac68_3000,12231.141
00bbac68_3001,12231.059
00bbac68_3002,12231.111
00bbac68_3003,12231.026
00bbac68_3004,12231.044
00bbac68_3005,12231.063
00bbac68_3006,12231.082
00bbac68_3007,12231.164
00bbac68_3008,12231.127
00bbac68_3009,12231.117
00bbac68_3010,12231.117
00bbac68_3011,12231.144
00bbac68_3012,12231.202
00bbac68_3013,12231.101
00bbac68_3014,12231.001
00bbac68_3015,12231.188
00bbac68_3016,12231.271
00bbac68_3017,12231.39
00bbac68_3018,12231.309
00bbac68_3019,12231.329
00bbac68_3020,12231.388
00bbac68_3021,12231.3955
00bbac68_3022,12231.515
00bbac68_3023,12231.434
00bbac68_3024,12231.397
00bbac68_3025,12231.336
00bbac68_3026,12231.392
00bbac68_3027,12231.512
00bbac68_3028,12231.431
00bbac68_3029,12231.407
00bbac68_3030,12231.392
00bbac68_3031,12231.394
00bbac68_3032,12231.519
00bbac68_3033,12231.487
00bbac68_3034,12231.479
00bbac68_3035,12231.436
00bbac68_3036,12231.437
00bbac68_3037,12231.521
00bbac68_3038,12231.329
00bbac68_3039,12231.552
00bbac68_3040,12231.561
00bbac68_3041,12231.577
00bbac68_3042,12231.642
00bbac68_3043,12231.699
00bbac68_3044,12231.822
00bbac68_3045,12231.847
00bbac68_3046,12231.834
00bbac68_3047,12231.865
00bbac68_3048,12231.781
00bbac68_3049,12231.824
00bbac68_3050,12231.803
00bbac68_3051,12231.79
00bbac68_3052,12231.935
00bbac68_3053,12231.838
00bbac68_3054,12231.831
00bbac68_3055,12231.858
00bbac68_3056,12232.092
00bbac68_3057,12232.162
00bbac68_3058,12232.078
00bbac68_3059,12232.077
00bbac68_3060,12232.098
00bbac68_3061,12232.117
00bbac68_3062,12232.21
00bbac68_3063,12232.239
00bbac68_3064,12232.217
00bbac68_3065,12232.075
00bbac68_3066,12232.217
00bbac68_3067,12232.301
00bbac68_3068,12232.26
00bbac68_3069,12232.288
00bbac68_3070,12232.303
00bbac68_3071,12232.364
00bbac68_3072,12232.2705
00bbac68_3073,12232.317
00bbac68_3074,12232.347
00bbac68_3075,12232.342
00bbac68_3076,12232.398
00bbac68_3077,12232.358
00bbac68_3078,12232.32
00bbac68_3079,12232.479
00bbac68_3080,12232.559
00bbac68_3081,12232.664
00bbac68_3082,12232.641
00bbac68_3083,12232.646
00bbac68_3084,12232.656
00bbac68_3085,12232.777
00bbac68_3086,12232.692
00bbac68_3087,12232.6875
00bbac68_3088,12232.723
00bbac68_3089,12232.689
00bbac68_3090,12232.792
00bbac68_3091,12232.748
00bbac68_3092,12232.723
00bbac68_3093,12232.712
00bbac68_3094,12232.777
00bbac68_3095,12232.746
00bbac68_3096,12232.553
00bbac68_3097,12232.7295
00bbac68_3098,12232.76
00bbac68_3099,12232.789
00bbac68_3100,12232.872
00bbac68_3101,12232.89
00bbac68_3102,12232.89
00bbac68_3103,12232.894
00bbac68_3104,12232.897
00bbac68_3105,12232.916
00bbac68_3106,12232.985
00bbac68_3107,12232.96
00bbac68_3108,12233.099
00bbac68_3109,12233.109
00bbac68_3110,12233.183
00bbac68_3111,12233.122
00bbac68_3112,12233.342
00bbac68_3113,12233.474
00bbac68_3114,12233.404
00bbac68_3115,12233.349
00bbac68_3116,12233.357
00bbac68_3117,12233.31
00bbac68_3118,12233.31
00bbac68_3119,12233.406
00bbac68_3120,12233.329
00bbac68_3121,12233.445
00bbac68_3122,12233.529
00bbac68_3123,12233.438
00bbac68_3124,12233.414
00bbac68_3125,12233.516
00bbac68_3126,12233.4375
00bbac68_3127,12233.408
00bbac68_3128,12233.463
00bbac68_3129,12233.444
00bbac68_3130,12233.625
00bbac68_3131,12233.494
00bbac68_3132,12233.648
00bbac68_3133,12233.66
00bbac68_3134,12233.592
00bbac68_3135,12233.71
00bbac68_3136,12233.72
00bbac68_3137,12233.872
00bbac68_3138,12233.822
00bbac68_3139,12233.769
00bbac68_3140,12233.948
00bbac68_3141,12233.913
00bbac68_3142,12233.857
00bbac68_3143,12234.058
00bbac68_3144,12234.059
00bbac68_3145,12234.175
00bbac68_3146,12234.084
00bbac68_3147,12234.131
00bbac68_3148,12234.006
00bbac68_3149,12234.224
00bbac68_3150,12234.124
00bbac68_3151,12234.167
00bbac68_3152,12234.136
00bbac68_3153,12234.151
00bbac68_3154,12234.035
00bbac68_3155,12234.102
00bbac68_3156,12234.071
00bbac68_3157,12234.15
00bbac68_3158,12234.015
00bbac68_3159,12234.025
00bbac68_3160,12234.046
00bbac68_3161,12234.267
00bbac68_3162,12234.202
00bbac68_3163,12234.321
00bbac68_3164,12234.273
00bbac68_3165,12234.344
00bbac68_3166,12234.23
00bbac68_3167,12234.331
00bbac68_3168,12234.346
00bbac68_3169,12234.422
00bbac68_3170,12234.603
00bbac68_3171,12234.535
00bbac68_3172,12234.634
00bbac68_3173,12234.559
00bbac68_3174,12234.6455
00bbac68_3175,12234.645
00bbac68_3176,12234.669
00bbac68_3177,12234.679
00bbac68_3178,12234.701
00bbac68_3179,12234.585
00bbac68_3180,12234.715
00bbac68_3181,12234.643
00bbac68_3182,12234.633
00bbac68_3183,12234.758
00bbac68_3184,12234.614
00bbac68_3185,12234.772
00bbac68_3186,12234.755
00bbac68_3187,12234.781
00bbac68_3188,12234.853
00bbac68_3189,12234.722
00bbac68_3190,12234.59
00bbac68_3191,12234.781
00bbac68_3192,12234.75
00bbac68_3193,12234.71
00bbac68_3194,12234.726
00bbac68_3195,12234.719
00bbac68_3196,12234.741
00bbac68_3197,12234.766
00bbac68_3198,12234.786
00bbac68_3199,12235.056
00bbac68_3200,12235.012
00bbac68_3201,12235.124
00bbac68_3202,12235.041
00bbac68_3203,12235.179
00bbac68_3204,12235.149
00bbac68_3205,12235.193
00bbac68_3206,12235.164
00bbac68_3207,12235.137
00bbac68_3208,12235.127
00bbac68_3209,12235.16
00bbac68_3210,12235.195
00bbac68_3211,12235.225
00bbac68_3212,12235.279
00bbac68_3213,12235.126
00bbac68_3214,12235.249
00bbac68_3215,12235.274
00bbac68_3216,12235.285
00bbac68_3217,12235.228
00bbac68_3218,12235.297
00bbac68_3219,12235.225
00bbac68_3220,12235.25
00bbac68_3221,12235.162
00bbac68_3222,12234.978
00bbac68_3223,12234.976
00bbac68_3224,12234.942
00bbac68_3225,12235.207
00bbac68_3226,12235.218
00bbac68_3227,12235.199
00bbac68_3228,12235.324
00bbac68_3229,12235.239
00bbac68_3230,12235.181
00bbac68_3231,12235.209
00bbac68_3232,12235.31
00bbac68_3233,12235.2705
00bbac68_3234,12235.19
00bbac68_3235,12235.104
00bbac68_3236,12235.133
00bbac68_3237,12235.138
00bbac68_3238,12235.089
00bbac68_3239,12235.205
00bbac68_3240,12235.196
00bbac68_3241,12235.047
00bbac68_3242,12235.211
00bbac68_3243,12235.416
00bbac68_3244,12235.501
00bbac68_3245,12235.531
00bbac68_3246,12235.476
00bbac68_3247,12235.675
00bbac68_3248,12235.726
00bbac68_3249,12235.682
00bbac68_3250,12235.746
00bbac68_3251,12235.785
00bbac68_3252,12235.805
00bbac68_3253,12235.906
00bbac68_3254,12235.836
00bbac68_3255,12235.701
00bbac68_3256,12235.865
00bbac68_3257,12235.916
00bbac68_3258,12235.955
00bbac68_3259,12235.9375
00bbac68_3260,12235.802
00bbac68_3261,12236.05
00bbac68_3262,12235.959
00bbac68_3263,12236.042
00bbac68_3264,12236.015
00bbac68_3265,12235.856
00bbac68_3266,12236.0625
00bbac68_3267,12235.922
00bbac68_3268,12236.067
00bbac68_3269,12236.071
00bbac68_3270,12236.0625
00bbac68_3271,12235.973
00bbac68_3272,12236.106
00bbac68_3273,12236.218
00bbac68_3274,12236.097
00bbac68_3275,12236.298
00bbac68_3276,12236.23
00bbac68_3277,12236.32
00bbac68_3278,12236.153
00bbac68_3279,12236.3545
00bbac68_3280,12236.294
00bbac68_3281,12236.3125
00bbac68_3282,12236.263
00bbac68_3283,12235.988
00bbac68_3284,12236.153
00bbac68_3285,12236.243
00bbac68_3286,12236.33
00bbac68_3287,12236.163
00bbac68_3288,12236.435
00bbac68_3289,12236.394
00bbac68_3290,12236.367
00bbac68_3291,12236.282
00bbac68_3292,12236.449
00bbac68_3293,12236.434
00bbac68_3294,12236.504
00bbac68_3295,12236.372
00bbac68_3296,12236.426
00bbac68_3297,12236.412
00bbac68_3298,12236.545
00bbac68_3299,12236.509
00bbac68_3300,12236.535
00bbac68_3301,12236.487
00bbac68_3302,12236.574
00bbac68_3303,12236.484
00bbac68_3304,12236.382
00bbac68_3305,12236.525
00bbac68_3306,12236.507
00bbac68_3307,12236.596
00bbac68_3308,12236.669
00bbac68_3309,12236.791
00bbac68_3310,12236.71
00bbac68_3311,12236.681
00bbac68_3312,12236.739
00bbac68_3313,12236.713
00bbac68_3314,12236.737
00bbac68_3315,12236.618
00bbac68_3316,12236.65
00bbac68_3317,12236.808
00bbac68_3318,12236.696
00bbac68_3319,12236.776
00bbac68_3320,12236.621
00bbac68_3321,12236.699
00bbac68_3322,12236.765
00bbac68_3323,12236.702
00bbac68_3324,12236.649
00bbac68_3325,12236.712
00bbac68_3326,12236.75
00bbac68_3327,12236.688
00bbac68_3328,12236.638
00bbac68_3329,12236.721
00bbac68_3330,12236.727
00bbac68_3331,12236.704
00bbac68_3332,12236.725
00bbac68_3333,12236.732
00bbac68_3334,12236.683
00bbac68_3335,12236.701
00bbac68_3336,12236.763
00bbac68_3337,12236.743
00bbac68_3338,12236.842
00bbac68_3339,12236.854
00bbac68_3340,12236.894
00bbac68_3341,12236.869
00bbac68_3342,12236.898
00bbac68_3343,12236.942
00bbac68_3344,12237.015
00bbac68_3345,12237.046
00bbac68_3346,12237.184
00bbac68_3347,12237.094
00bbac68_3348,12237.175
00bbac68_3349,12237.147
00bbac68_3350,12237.175
00bbac68_3351,12237.184
00bbac68_3352,12237.219
00bbac68_3353,12237.236
00bbac68_3354,12237.189
00bbac68_3355,12237.175
00bbac68_3356,12237.237
00bbac68_3357,12237.284
00bbac68_3358,12237.25
00bbac68_3359,12237.303
00bbac68_3360,12237.346
00bbac68_3361,12237.323
00bbac68_3362,12237.338
00bbac68_3363,12237.281
00bbac68_3364,12237.316
00bbac68_3365,12237.33
00bbac68_3366,12237.4
00bbac68_3367,12237.398
00bbac68_3368,12237.458
00bbac68_3369,12237.5205
00bbac68_3370,12237.527
00bbac68_3371,12237.51
00bbac68_3372,12237.505
00bbac68_3373,12237.531
00bbac68_3374,12237.549
00bbac68_3375,12237.514
00bbac68_3376,12237.649
00bbac68_3377,12237.671
00bbac68_3378,12237.671
00bbac68_3379,12237.65
00bbac68_3380,12237.647
00bbac68_3381,12237.685
00bbac68_3382,12237.684
00bbac68_3383,12237.663
00bbac68_3384,12237.66
00bbac68_3385,12237.684
00bbac68_3386,12237.684
00bbac68_3387,12237.602
00bbac68_3388,12237.671
00bbac68_3389,12237.957
00bbac68_3390,12237.9375
00bbac68_3391,12237.99
00bbac68_3392,12238.003
00bbac68_3393,12238.036
00bbac68_3394,12238.035
00bbac68_3395,12237.975
00bbac68_3396,12237.972
00bbac68_3397,12238.156
00bbac68_3398,12237.945
00bbac68_3399,12237.943
00bbac68_3400,12237.965
00bbac68_3401,12237.961
00bbac68_3402,12238.034
00bbac68_3403,12238.18
00bbac68_3404,12237.975
00bbac68_3405,12238.075
00bbac68_3406,12238.003
00bbac68_3407,12238.16
00bbac68_3408,12237.977
00bbac68_3409,12238.141
00bbac68_3410,12238.308
00bbac68_3411,12238.207
00bbac68_3412,12238.058
00bbac68_3413,12238.03
00bbac68_3414,12238.131
00bbac68_3415,12238.121
00bbac68_3416,12238.33
00bbac68_3417,12238.121
00bbac68_3418,12238.223
00bbac68_3419,12238.349
00bbac68_3420,12238.192
00bbac68_3421,12238.38
00bbac68_3422,12238.224
00bbac68_3423,12238.239
00bbac68_3424,12238.396
00bbac68_3425,12238.185
00bbac68_3426,12238.406
00bbac68_3427,12238.202
00bbac68_3428,12238.352
00bbac68_3429,12238.148
00bbac68_3430,12238.388
00bbac68_3431,12238.19
00bbac68_3432,12238.35
00bbac68_3433,12238.14
00bbac68_3434,12238.292
00bbac68_3435,12238.331
00bbac68_3436,12238.133
00bbac68_3437,12238.13
00bbac68_3438,12238.046
00bbac68_3439,12238.269
00bbac68_3440,12238.177
00bbac68_3441,12237.978
00bbac68_3442,12238.184
00bbac68_3443,12238.136
00bbac68_3444,12237.973
00bbac68_3445,12238.192
00bbac68_3446,12238.142
00bbac68_3447,12238.156
00bbac68_3448,12237.947
00bbac68_3449,12238.02
00bbac68_3450,12238.007
00bbac68_3451,12237.985
00bbac68_3452,12237.815
00bbac68_3453,12238.043
00bbac68_3454,12238.101
00bbac68_3455,12238.105
00bbac68_3456,12238.108
00bbac68_3457,12237.977
00bbac68_3458,12238.109
00bbac68_3459,12238.08
00bbac68_3460,12238.002
00bbac68_3461,12238.1
00bbac68_3462,12238.052
00bbac68_3463,12238.046
00bbac68_3464,12238.053
00bbac68_3465,12238.095
00bbac68_3466,12237.922
00bbac68_3467,12237.983
00bbac68_3468,12238.019
00bbac68_3469,12238.0
00bbac68_3470,12238.116
00bbac68_3471,12238.055
00bbac68_3472,12238.102
00bbac68_3473,12238.075
00bbac68_3474,12238.112
00bbac68_3475,12237.985
00bbac68_3476,12238.0625
00bbac68_3477,12238.121
00bbac68_3478,12238.026
00bbac68_3479,12237.948
00bbac68_3480,12238.031
00bbac68_3481,12238.009
00bbac68_3482,12238.003
00bbac68_3483,12238.009
00bbac68_3484,12238.098
00bbac68_3485,12238.078
00bbac68_3486,12238.064
00bbac68_3487,12238.147
00bbac68_3488,12238.169
00bbac68_3489,12238.15
00bbac68_3490,12238.146
00bbac68_3491,12238.23
00bbac68_3492,12238.071
00bbac68_3493,12238.1045
00bbac68_3494,12238.061
00bbac68_3495,12238.198
00bbac68_3496,12238.155
00bbac68_3497,12238.244
00bbac68_3498,12238.227
00bbac68_3499,12238.211
00bbac68_3500,12238.22
00bbac68_3501,12238.204
00bbac68_3502,12238.209
00bbac68_3503,12238.308
00bbac68_3504,12238.212
00bbac68_3505,12238.192
00bbac68_3506,12238.358
00bbac68_3507,12238.289
00bbac68_3508,12238.328
00bbac68_3509,12238.217
00bbac68_3510,12238.351
00bbac68_3511,12238.309
00bbac68_3512,12238.355
00bbac68_3513,12238.334
00bbac68_3514,12238.31
00bbac68_3515,12238.313
00bbac68_3516,12238.388
00bbac68_3517,12238.375
00bbac68_3518,12238.255
00bbac68_3519,12238.373
00bbac68_3520,12238.297
00bbac68_3521,12238.262
00bbac68_3522,12238.16
00bbac68_3523,12238.24
00bbac68_3524,12238.168
00bbac68_3525,12238.247
00bbac68_3526,12238.279
00bbac68_3527,12238.322
00bbac68_3528,12238.25
00bbac68_3529,12238.276
00bbac68_3530,12238.239
00bbac68_3531,12238.217
00bbac68_3532,12238.216
00bbac68_3533,12238.27
00bbac68_3534,12238.243
00bbac68_3535,12238.2295
00bbac68_3536,12238.25
00bbac68_3537,12238.322
00bbac68_3538,12238.306
00bbac68_3539,12238.307
00bbac68_3540,12238.338
00bbac68_3541,12238.337
00bbac68_3542,12238.318
00bbac68_3543,12238.383
00bbac68_3544,12238.437
00bbac68_3545,12238.449
00bbac68_3546,12238.565
00bbac68_3547,12238.391
00bbac68_3548,12238.513
00bbac68_3549,12238.466
00bbac68_3550,12238.473
00bbac68_3551,12238.522
00bbac68_3552,12238.579
00bbac68_3553,12238.553
00bbac68_3554,12238.577
00bbac68_3555,12238.55
00bbac68_3556,12238.807
00bbac68_3557,12238.629
00bbac68_3558,12238.657
00bbac68_3559,12238.676
00bbac68_3560,12238.627
00bbac68_3561,12238.8
00bbac68_3562,12238.607
00bbac68_3563,12238.688
00bbac68_3564,12238.663
00bbac68_3565,12238.712
00bbac68_3566,12238.619
00bbac68_3567,12238.651
00bbac68_3568,12238.77
00bbac68_3569,12238.598
00bbac68_3570,12238.682
00bbac68_3571,12238.831
00bbac68_3572,12238.641
00bbac68_3573,12238.874
00bbac68_3574,12238.653
00bbac68_3575,12238.828
00bbac68_3576,12238.653
00bbac68_3577,12238.641
00bbac68_3578,12238.9
00bbac68_3579,12238.643
00bbac68_3580,12238.817
00bbac68_3581,12238.792
00bbac68_3582,12238.674
00bbac68_3583,12238.825
00bbac68_3584,12238.616
00bbac68_3585,12238.783
00bbac68_3586,12238.592
00bbac68_3587,12238.782
00bbac68_3588,12238.75
00bbac68_3589,12238.593
00bbac68_3590,12238.783
00bbac68_3591,12238.643
00bbac68_3592,12238.855
00bbac68_3593,12238.837
00bbac68_3594,12238.67
00bbac68_3595,12238.784
00bbac68_3596,12238.768
00bbac68_3597,12238.509
00bbac68_3598,12238.795
00bbac68_3599,12238.589
00bbac68_3600,12238.808
00bbac68_3601,12238.827
00bbac68_3602,12238.605
00bbac68_3603,12238.85
00bbac68_3604,12238.82
00bbac68_3605,12238.557
00bbac68_3606,12238.83
00bbac68_3607,12238.787
00bbac68_3608,12238.474
00bbac68_3609,12238.771
00bbac68_3610,12238.481
00bbac68_3611,12238.77
00bbac68_3612,12238.742
00bbac68_3613,12238.507
00bbac68_3614,12238.757
00bbac68_3615,12238.585
00bbac68_3616,12238.342
00bbac68_3617,12238.693
00bbac68_3618,12238.685
00bbac68_3619,12238.455
00bbac68_3620,12238.778
00bbac68_3621,12238.765
00bbac68_3622,12238.503
00bbac68_3623,12238.801
00bbac68_3624,12238.773
00bbac68_3625,12238.551
00bbac68_3626,12238.801
00bbac68_3627,12238.774
00bbac68_3628,12238.511
00bbac68_3629,12238.793
00bbac68_3630,12238.773
00bbac68_3631,12238.503
00bbac68_3632,12238.793
00bbac68_3633,12238.786
00bbac68_3634,12238.454
00bbac68_3635,12238.803
00bbac68_3636,12238.786
00bbac68_3637,12238.78
00bbac68_3638,12238.557
00bbac68_3639,12238.798
00bbac68_3640,12238.779
00bbac68_3641,12238.508
00bbac68_3642,12238.806
00bbac68_3643,12238.78
00bbac68_3644,12238.47
00bbac68_3645,12238.735
00bbac68_3646,12238.698
00bbac68_3647,12238.434
00bbac68_3648,12238.732
00bbac68_3649,12238.596
00bbac68_3650,12238.704
00bbac68_3651,12238.482
00bbac68_3652,12238.731
00bbac68_3653,12238.696
00bbac68_3654,12238.478
00bbac68_3655,12238.769
00bbac68_3656,12238.741
00bbac68_3657,12238.917
00bbac68_3658,12238.556
00bbac68_3659,12238.854
00bbac68_3660,12238.834
00bbac68_3661,12238.57
00bbac68_3662,12238.86
00bbac68_3663,12238.834
00bbac68_3664,12238.882
00bbac68_3665,12238.57
00bbac68_3666,12238.86
00bbac68_3667,12238.859
00bbac68_3668,12238.868
00bbac68_3669,12238.597
00bbac68_3670,12238.875
00bbac68_3671,12238.859
00bbac68_3672,12238.839
00bbac68_3673,12238.604
00bbac68_3674,12238.895
00bbac68_3675,12238.831
00bbac68_3676,12238.588
00bbac68_3677,12238.903
00bbac68_3678,12238.843
00bbac68_3679,12238.842
00bbac68_3680,12238.615
00bbac68_3681,12238.672
00bbac68_3682,12238.778
00bbac68_3683,12238.831
00bbac68_3684,12238.777
00bbac68_3685,12238.511
00bbac68_3686,12238.764
00bbac68_3687,12238.784
00bbac68_3688,12238.767
00bbac68_3689,12238.782
00bbac68_3690,12238.765
00bbac68_3691,12238.797
00bbac68_3692,12238.595
00bbac68_3693,12238.853
00bbac68_3694,12238.82
00bbac68_3695,12238.873
00bbac68_3696,12238.778
00bbac68_3697,12238.786
00bbac68_3698,12238.781
00bbac68_3699,12238.777
00bbac68_3700,12238.817
00bbac68_3701,12238.878
00bbac68_3702,12238.817
00bbac68_3703,12238.825
00bbac68_3704,12238.826
00bbac68_3705,12238.823
00bbac68_3706,12238.839
00bbac68_3707,12238.736
00bbac68_3708,12238.668
00bbac68_3709,12238.699
00bbac68_3710,12238.795
00bbac68_3711,12238.828
00bbac68_3712,12238.844
00bbac68_3713,12238.855
00bbac68_3714,12238.993
00bbac68_3715,12238.82
00bbac68_3716,12238.959
00bbac68_3717,12238.913
00bbac68_3718,12238.937
00bbac68_3719,12238.86
00bbac68_3720,12238.926
00bbac68_3721,12238.97
00bbac68_3722,12238.982
00bbac68_3723,12238.956
00bbac68_3724,12238.998
00bbac68_3725,12238.958
00bbac68_3726,12238.869
00bbac68_3727,12238.902
00bbac68_3728,12238.851
00bbac68_3729,12238.819
00bbac68_3730,12238.898
00bbac68_3731,12238.818
00bbac68_3732,12238.822
00bbac68_3733,12238.843
00bbac68_3734,12238.781
00bbac68_3735,12238.873
00bbac68_3736,12238.844
00bbac68_3737,12238.841
00bbac68_3738,12238.851
00bbac68_3739,12239.003
00bbac68_3740,12238.923
00bbac68_3741,12238.908
00bbac68_3742,12238.886
00bbac68_3743,12238.909
00bbac68_3744,12238.883
00bbac68_3745,12238.813
00bbac68_3746,12238.925
00bbac68_3747,12238.703
00bbac68_3748,12238.663
00bbac68_3749,12238.692
00bbac68_3750,12238.613
00bbac68_3751,12238.669
00bbac68_3752,12238.595
00bbac68_3753,12238.569
00bbac68_3754,12238.629
00bbac68_3755,12238.651
00bbac68_3756,12238.489
00bbac68_3757,12238.464
00bbac68_3758,12238.555
00bbac68_3759,12238.538
00bbac68_3760,12238.497
00bbac68_3761,12238.515
00bbac68_3762,12238.301
00bbac68_3763,12238.465
00bbac68_3764,12238.447
00bbac68_3765,12238.399
00bbac68_3766,12238.444
00bbac68_3767,12238.521
00bbac68_3768,12238.527
00bbac68_3769,12238.537
00bbac68_3770,12238.489
00bbac68_3771,12238.596
00bbac68_3772,12238.564
00bbac68_3773,12238.574
00bbac68_3774,12238.536
00bbac68_3775,12238.499
00bbac68_3776,12238.463
00bbac68_3777,12238.456
00bbac68_3778,12238.401
00bbac68_3779,12238.385
00bbac68_3780,12238.408
00bbac68_3781,12238.401
00bbac68_3782,12238.607
00bbac68_3783,12238.656
00bbac68_3784,12238.541
00bbac68_3785,12238.412
00bbac68_3786,12238.364
00bbac68_3787,12238.448
00bbac68_3788,12238.443
00bbac68_3789,12238.324
00bbac68_3790,12238.338
00bbac68_3791,12238.365
00bbac68_3792,12238.328
00bbac68_3793,12238.265
00bbac68_3794,12238.232
00bbac68_3795,12238.228
00bbac68_3796,12238.185
00bbac68_3797,12238.294
00bbac68_3798,12238.244
00bbac68_3799,12238.246
00bbac68_3800,12238.081
00bbac68_3801,12238.199
00bbac68_3802,12238.196
00bbac68_3803,12238.1
00bbac68_3804,12238.175
00bbac68_3805,12238.12
00bbac68_3806,12237.953
00bbac68_3807,12237.928
00bbac68_3808,12237.948
00bbac68_3809,12238.011
00bbac68_3810,12237.962
00bbac68_3811,12237.965
00bbac68_3812,12237.988
00bbac68_3813,12237.923
00bbac68_3814,12237.965
00bbac68_3815,12237.862
00bbac68_3816,12237.975
00bbac68_3817,12238.012
00bbac68_3818,12238.081
00bbac68_3819,12238.023
00bbac68_3820,12237.966
00bbac68_3821,12238.001
00bbac68_3822,12238.018
00bbac68_3823,12237.964
00bbac68_3824,12237.921
00bbac68_3825,12237.982
00bbac68_3826,12237.936
00bbac68_3827,12238.022
00bbac68_3828,12237.988
00bbac68_3829,12237.908
00bbac68_3830,12237.978
00bbac68_3831,12237.94
00bbac68_3832,12238.016
00bbac68_3833,12237.936
00bbac68_3834,12237.943
00bbac68_3835,12238.011
00bbac68_3836,12237.943
00bbac68_3837,12237.87
00bbac68_3838,12237.9795
00bbac68_3839,12237.916
00bbac68_3840,12237.8125
00bbac68_3841,12237.753
00bbac68_3842,12237.758
00bbac68_3843,12237.922
00bbac68_3844,12237.852
00bbac68_3845,12237.807
00bbac68_3846,12237.81
00bbac68_3847,12237.81
00bbac68_3848,12237.8125
00bbac68_3849,12237.887
00bbac68_3850,12237.823
00bbac68_3851,12237.875
00bbac68_3852,12237.846
00bbac68_3853,12237.85
00bbac68_3854,12237.839
00bbac68_3855,12237.738
00bbac68_3856,12237.926
00bbac68_3857,12237.756
00bbac68_3858,12237.758
00bbac68_3859,12237.847
00bbac68_3860,12237.751
00bbac68_3861,12237.78
00bbac68_3862,12237.732
00bbac68_3863,12237.752
00bbac68_3864,12237.767
00bbac68_3865,12237.769
00bbac68_3866,12237.723
00bbac68_3867,12237.739
00bbac68_3868,12237.697
00bbac68_3869,12237.688
00bbac68_3870,12237.72
00bbac68_3871,12237.719
00bbac68_3872,12237.719
00bbac68_3873,12237.719
00bbac68_3874,12237.719
00bbac68_3875,12237.608
00bbac68_3876,12237.671
00bbac68_3877,12237.597
00bbac68_3878,12237.565
00bbac68_3879,12237.62
00bbac68_3880,12237.484
00bbac68_3881,12237.499
00bbac68_3882,12237.464
00bbac68_3883,12237.512
00bbac68_3884,12237.462
00bbac68_3885,12237.467
00bbac68_3886,12237.438
00bbac68_3887,12237.441
00bbac68_3888,12237.469
00bbac68_3889,12237.525
00bbac68_3890,12237.5205
00bbac68_3891,12237.452
00bbac68_3892,12237.608
00bbac68_3893,12237.691
00bbac68_3894,12237.696
00bbac68_3895,12237.672
00bbac68_3896,12237.627
00bbac68_3897,12237.618
00bbac68_3898,12237.542
00bbac68_3899,12237.497
00bbac68_3900,12237.555
00bbac68_3901,12237.588
00bbac68_3902,12237.672
00bbac68_3903,12237.537
00bbac68_3904,12237.527
00bbac68_3905,12237.474
00bbac68_3906,12237.442
00bbac68_3907,12237.417
00bbac68_3908,12237.444
00bbac68_3909,12237.522
00bbac68_3910,12237.439
00bbac68_3911,12237.201
00bbac68_3912,12237.198
00bbac68_3913,12237.225
00bbac68_3914,12237.361
00bbac68_3915,12237.297
00bbac68_3916,12237.216
00bbac68_3917,12237.09
00bbac68_3918,12237.085
00bbac68_3919,12237.143
00bbac68_3920,12237.166
00bbac68_3921,12237.119
00bbac68_3922,12237.107
00bbac68_3923,12237.223
00bbac68_3924,12237.15
00bbac68_3925,12237.115
00bbac68_3926,12237.115
00bbac68_3927,12237.129
00bbac68_3928,12237.161
00bbac68_3929,12237.034
00bbac68_3930,12237.181
00bbac68_3931,12237.212
00bbac68_3932,12237.156
00bbac68_3933,12237.274
00bbac68_3934,12237.221
00bbac68_3935,12237.11
00bbac68_3936,12237.331
00bbac68_3937,12237.086
00bbac68_3938,12237.074
00bbac68_3939,12237.061
00bbac68_3940,12237.117
00bbac68_3941,12237.037
00bbac68_3942,12237.201
00bbac68_3943,12237.161
00bbac68_3944,12237.169
00bbac68_3945,12237.14
00bbac68_3946,12237.044
00bbac68_3947,12237.177
00bbac68_3948,12237.089
00bbac68_3949,12237.21
00bbac68_3950,12237.022
00bbac68_3951,12237.104
00bbac68_3952,12236.97
00bbac68_3953,12236.822
00bbac68_3954,12236.837
00bbac68_3955,12236.853
00bbac68_3956,12236.816
00bbac68_3957,12236.875
00bbac68_3958,12236.832
00bbac68_3959,12236.897
00bbac68_3960,12236.837
00bbac68_3961,12236.897
00bbac68_3962,12236.683
00bbac68_3963,12236.692
00bbac68_3964,12236.8
00bbac68_3965,12236.678
00bbac68_3966,12236.816
00bbac68_3967,12236.71
00bbac68_3968,12236.809
00bbac68_3969,12236.832
00bbac68_3970,12236.934
00bbac68_3971,12236.874
00bbac68_3972,12236.998
00bbac68_3973,12236.858
00bbac68_3974,12236.971
00bbac68_3975,12236.844
00bbac68_3976,12236.837
00bbac68_3977,12236.913
00bbac68_3978,12236.831
00bbac68_3979,12236.916
00bbac68_3980,12236.767
00bbac68_3981,12236.924
00bbac68_3982,12236.796
00bbac68_3983,12236.87
00bbac68_3984,12236.658
00bbac68_3985,12236.809
00bbac68_3986,12236.719
00bbac68_3987,12236.781
00bbac68_3988,12236.672
00bbac68_3989,12236.592
00bbac68_3990,12236.596
00bbac68_3991,12236.645
00bbac68_3992,12236.654
00bbac68_3993,12236.613
00bbac68_3994,12236.63
00bbac68_3995,12236.599
00bbac68_3996,12236.677
00bbac68_3997,12236.555
00bbac68_3998,12236.634
00bbac68_3999,12236.712
00bbac68_4000,12236.654
00bbac68_4001,12236.669
00bbac68_4002,12236.601
00bbac68_4003,12236.619
00bbac68_4004,12236.589
00bbac68_4005,12236.251
00bbac68_4006,12236.276
00bbac68_4007,12236.08
00bbac68_4008,12236.033
00bbac68_4009,12236.119
00bbac68_4010,12236.0625
00bbac68_4011,12236.043
00bbac68_4012,12235.914
00bbac68_4013,12235.798
00bbac68_4014,12235.965
00bbac68_4015,12235.79
00bbac68_4016,12235.647
00bbac68_4017,12235.676
00bbac68_4018,12235.693
00bbac68_4019,12235.628
00bbac68_4020,12235.731
00bbac68_4021,12235.783
00bbac68_4022,12235.702
00bbac68_4023,12235.802
00bbac68_4024,12235.857
00bbac68_4025,12235.767
00bbac68_4026,12235.799
00bbac68_4027,12235.803
00bbac68_4028,12235.704
00bbac68_4029,12235.886
00bbac68_4030,12235.734
00bbac68_4031,12235.718
00bbac68_4032,12235.8
00bbac68_4033,12235.778
00bbac68_4034,12235.7295
00bbac68_4035,12235.692
00bbac68_4036,12235.782
00bbac68_4037,12235.676
00bbac68_4038,12235.672
00bbac68_4039,12235.708
00bbac68_4040,12235.713
00bbac68_4041,12235.522
00bbac68_4042,12235.556
00bbac68_4043,12235.619
00bbac68_4044,12235.605
00bbac68_4045,12235.44
00bbac68_4046,12235.441
00bbac68_4047,12235.592
00bbac68_4048,12235.503
00bbac68_4049,12235.461
00bbac68_4050,12235.431
00bbac68_4051,12235.58
00bbac68_4052,12235.485
00bbac68_4053,12235.443
00bbac68_4054,12235.423
00bbac68_4055,12235.627
00bbac68_4056,12235.507
00bbac68_4057,12235.466
00bbac68_4058,12235.453
00bbac68_4059,12235.479
00bbac68_4060,12235.312
00bbac68_4061,12235.259
00bbac68_4062,12235.274
00bbac68_4063,12235.24
00bbac68_4064,12235.244
00bbac68_4065,12235.223
00bbac68_4066,12235.244
00bbac68_4067,12235.225
00bbac68_4068,12235.245
00bbac68_4069,12235.263
00bbac68_4070,12235.246
00bbac68_4071,12235.18
00bbac68_4072,12235.448
00bbac68_4073,12235.127
00bbac68_4074,12235.15
00bbac68_4075,12235.153
00bbac68_4076,12235.177
00bbac68_4077,12235.162
00bbac68_4078,12235.172
00bbac68_4079,12235.144
00bbac68_4080,12235.198
00bbac68_4081,12235.434
00bbac68_4082,12235.084
00bbac68_4083,12235.13
00bbac68_4084,12234.95
00bbac68_4085,12235.226
00bbac68_4086,12234.905
00bbac68_4087,12234.955
00bbac68_4088,12235.052
00bbac68_4089,12234.765
00bbac68_4090,12234.711
00bbac68_4091,12234.946
00bbac68_4092,12234.624
00bbac68_4093,12234.619
00bbac68_4094,12234.8545
00bbac68_4095,12234.651
00bbac68_4096,12234.796
00bbac68_4097,12234.592
00bbac68_4098,12234.8125
00bbac68_4099,12234.496
00bbac68_4100,12234.801
00bbac68_4101,12234.543
00bbac68_4102,12234.839
00bbac68_4103,12234.598
00bbac68_4104,12234.752
00bbac68_4105,12234.766
00bbac68_4106,12234.588
00bbac68_4107,12234.85
00bbac68_4108,12234.766
00bbac68_4109,12234.613
00bbac68_4110,12234.914
00bbac68_4111,12234.675
00bbac68_4112,12234.692
00bbac68_4113,12234.949
00bbac68_4114,12234.935
00bbac68_4115,12234.813
00bbac68_4116,12234.864
00bbac68_4117,12234.574
00bbac68_4118,12234.873
00bbac68_4119,12234.832
00bbac68_4120,12234.855
00bbac68_4121,12234.71
00bbac68_4122,12234.707
00bbac68_4123,12234.707
00bbac68_4124,12234.772
00bbac68_4125,12234.704
00bbac68_4126,12234.719
00bbac68_4127,12234.758
00bbac68_4128,12234.68
00bbac68_4129,12234.71
00bbac68_4130,12234.688
00bbac68_4131,12234.728
00bbac68_4132,12234.694
00bbac68_4133,12234.691
00bbac68_4134,12234.796
00bbac68_4135,12234.863
00bbac68_4136,12234.726
00bbac68_4137,12234.777
00bbac68_4138,12234.734
00bbac68_4139,12234.731
00bbac68_4140,12234.85
00bbac68_4141,12234.713
00bbac68_4142,12234.679
00bbac68_4143,12234.7295
00bbac68_4144,12234.79
00bbac68_4145,12234.698
00bbac68_4146,12234.697
00bbac68_4147,12234.747
00bbac68_4148,12234.66
00bbac68_4149,12234.755
00bbac68_4150,12234.659
00bbac68_4151,12234.757
00bbac68_4152,12234.558
00bbac68_4153,12234.509
00bbac68_4154,12234.719
00bbac68_4155,12234.621
00bbac68_4156,12234.6875
00bbac68_4157,12234.586
00bbac68_4158,12234.67
00bbac68_4159,12234.65
00bbac68_4160,12234.561
00bbac68_4161,12234.722
00bbac68_4162,12234.638
00bbac68_4163,12234.727
00bbac68_4164,12234.71
00bbac68_4165,12234.817
00bbac68_4166,12234.798
00bbac68_4167,12234.733
00bbac68_4168,12234.672
00bbac68_4169,12234.628
00bbac68_4170,12234.725
00bbac68_4171,12234.702
00bbac68_4172,12234.608
00bbac68_4173,12234.697
00bbac68_4174,12234.654
00bbac68_4175,12234.661
00bbac68_4176,12234.64
00bbac68_4177,12234.683
00bbac68_4178,12234.653
00bbac68_4179,12234.598
00bbac68_4180,12234.696
00bbac68_4181,12234.688
00bbac68_4182,12234.651
00bbac68_4183,12234.738
00bbac68_4184,12234.721
00bbac68_4185,12234.629
00bbac68_4186,12234.72
00bbac68_4187,12234.649
00bbac68_4188,12234.736
00bbac68_4189,12234.6875
00bbac68_4190,12234.708
00bbac68_4191,12234.668
00bbac68_4192,12234.701
00bbac68_4193,12234.666
00bbac68_4194,12234.675
00bbac68_4195,12234.512
00bbac68_4196,12234.679
00bbac68_4197,12234.649
00bbac68_4198,12234.688
00bbac68_4199,12234.665
00bbac68_4200,12234.69
00bbac68_4201,12234.6455
00bbac68_4202,12234.613
00bbac68_4203,12234.589
00bbac68_4204,12234.636
00bbac68_4205,12234.589
00bbac68_4206,12234.499
00bbac68_4207,12234.545
00bbac68_4208,12234.611
00bbac68_4209,12234.588
00bbac68_4210,12234.611
00bbac68_4211,12234.591
00bbac68_4212,12234.617
00bbac68_4213,12234.594
00bbac68_4214,12234.633
00bbac68_4215,12234.586
00bbac68_4216,12234.611
00bbac68_4217,12234.473
00bbac68_4218,12234.63
00bbac68_4219,12234.524
00bbac68_4220,12234.516
00bbac68_4221,12234.669
00bbac68_4222,12234.64
00bbac68_4223,12234.668
00bbac68_4224,12234.659
00bbac68_4225,12234.696
00bbac68_4226,12234.572
00bbac68_4227,12234.675
00bbac68_4228,12234.549
00bbac68_4229,12234.6455
00bbac68_4230,12234.581
00bbac68_4231,12234.659
00bbac68_4232,12234.662
00bbac68_4233,12234.639
00bbac68_4234,12234.566
00bbac68_4235,12234.684
00bbac68_4236,12234.655
00bbac68_4237,12234.559
00bbac68_4238,12234.582
00bbac68_4239,12234.446
00bbac68_4240,12234.575
00bbac68_4241,12234.477
00bbac68_4242,12234.593
00bbac68_4243,12234.548
00bbac68_4244,12234.473
00bbac68_4245,12234.519
00bbac68_4246,12234.423
00bbac68_4247,12234.414
00bbac68_4248,12234.494
00bbac68_4249,12234.417
00bbac68_4250,12234.537
00bbac68_4251,12234.492
00bbac68_4252,12234.42
00bbac68_4253,12234.523
00bbac68_4254,12234.501
00bbac68_4255,12234.529
00bbac68_4256,12234.501
00bbac68_4257,12234.358
00bbac68_4258,12234.525
00bbac68_4259,12234.457
00bbac68_4260,12234.49
00bbac68_4261,12234.535
00bbac68_4262,12234.508
00bbac68_4263,12234.507
00bbac68_4264,12234.535
00bbac68_4265,12234.499
00bbac68_4266,12234.524
00bbac68_4267,12234.507
00bbac68_4268,12234.486
00bbac68_4269,12234.52
00bbac68_4270,12234.46
00bbac68_4271,12234.519
00bbac68_4272,12234.513
00bbac68_4273,12234.419
00bbac68_4274,12234.504
00bbac68_4275,12234.427
00bbac68_4276,12234.494
00bbac68_4277,12234.466
00bbac68_4278,12234.437
00bbac68_4279,12234.539
00bbac68_4280,12234.538
00bbac68_4281,12234.436
00bbac68_4282,12234.39
00bbac68_4283,12234.404
00bbac68_4284,12234.374
00bbac68_4285,12234.455
00bbac68_4286,12234.283
00bbac68_4287,12234.448
00bbac68_4288,12234.403
00bbac68_4289,12234.511
00bbac68_4290,12234.337
00bbac68_4291,12234.502
00bbac68_4292,12234.424
00bbac68_4293,12234.406
00bbac68_4294,12234.468
00bbac68_4295,12234.439
00bbac68_4296,12234.44
00bbac68_4297,12234.431
00bbac68_4298,12234.4
00bbac68_4299,12234.468
00bbac68_4300,12234.447
00bbac68_4301,12234.168
00bbac68_4302,12234.2705
00bbac68_4303,12234.271
00bbac68_4304,12234.281
00bbac68_4305,12234.322
00bbac68_4306,12234.25
00bbac68_4307,12234.217
00bbac68_4308,12234.066
00bbac68_4309,12234.183
00bbac68_4310,12234.179
00bbac68_4311,12234.1455
00bbac68_4312,12234.342
00bbac68_4313,12234.275
00bbac68_4314,12234.243
00bbac68_4315,12234.339
00bbac68_4316,12234.235
00bbac68_4317,12234.21
00bbac68_4318,12234.242
00bbac68_4319,12234.033
00bbac68_4320,12234.22
00bbac68_4321,12234.224
00bbac68_4322,12234.256
00bbac68_4323,12234.103
00bbac68_4324,12233.9375
00bbac68_4325,12234.122
00bbac68_4326,12234.124
00bbac68_4327,12233.938
00bbac68_4328,12234.124
00bbac68_4329,12234.124
00bbac68_4330,12233.822
00bbac68_4331,12234.157
00bbac68_4332,12233.94
00bbac68_4333,12233.889
00bbac68_4334,12233.697
00bbac68_4335,12233.661
00bbac68_4336,12233.997
00bbac68_4337,12233.529
00bbac68_4338,12233.62
00bbac68_4339,12233.864
00bbac68_4340,12233.534
00bbac68_4341,12233.945
00bbac68_4342,12233.538
00bbac68_4343,12233.611
00bbac68_4344,12233.833
00bbac68_4345,12233.638
00bbac68_4346,12233.833
00bbac68_4347,12233.653
00bbac68_4348,12233.65
00bbac68_4349,12233.31
00bbac68_4350,12233.58
00bbac68_4351,12233.525
00bbac68_4352,12233.334
00bbac68_4353,12233.524
00bbac68_4354,12233.334
00bbac68_4355,12233.515
00bbac68_4356,12233.522
00bbac68_4357,12233.313
00bbac68_4358,12233.52
00bbac68_4359,12233.496
00bbac68_4360,12233.483
00bbac68_4361,12233.313
00bbac68_4362,12233.309
00bbac68_4363,12233.372
00bbac68_4364,12233.318
00bbac68_4365,12233.342
00bbac68_4366,12233.137
00bbac68_4367,12233.379
00bbac68_4368,12233.322
00bbac68_4369,12233.345
00bbac68_4370,12233.391
00bbac68_4371,12233.441
00bbac68_4372,12233.377
00bbac68_4373,12233.416
00bbac68_4374,12233.431
00bbac68_4375,12233.534
00bbac68_4376,12233.525
00bbac68_4377,12233.567
00bbac68_4378,12233.246
00bbac68_4379,12233.4
00bbac68_4380,12233.437
00bbac68_4381,12233.454
00bbac68_4382,12233.458
00bbac68_4383,12233.487
00bbac68_4384,12233.524
00bbac68_4385,12233.477
00bbac68_4386,12233.442
00bbac68_4387,12233.491
00bbac68_4388,12233.55
00bbac68_4389,12233.51
00bbac68_4390,12233.506
00bbac68_4391,12233.468
00bbac68_4392,12233.605
00bbac68_4393,12233.432
00bbac68_4394,12233.464
00bbac68_4395,12233.563
00bbac68_4396,12233.205
00bbac68_4397,12233.615
00bbac68_4398,12233.382
00bbac68_4399,12233.508
00bbac68_4400,12233.564
00bbac68_4401,12233.416
00bbac68_4402,12233.559
00bbac68_4403,12233.471
00bbac68_4404,12233.671
00bbac68_4405,12233.594
00bbac68_4406,12233.599
00bbac68_4407,12233.624
00bbac68_4408,12233.586
00bbac68_4409,12233.627
00bbac68_4410,12233.612
00bbac68_4411,12233.64
00bbac68_4412,12233.665
00bbac68_4413,12233.709
00bbac68_4414,12233.532
00bbac68_4415,12233.711
00bbac68_4416,12233.615
00bbac68_4417,12233.631
00bbac68_4418,12233.708
00bbac68_4419,12233.588
00bbac68_4420,12233.723
00bbac68_4421,12233.694
00bbac68_4422,12233.633
00bbac68_4423,12233.682
00bbac68_4424,12233.763
00bbac68_4425,12233.655
00bbac68_4426,12233.743
00bbac68_4427,12233.6875
00bbac68_4428,12233.756
00bbac68_4429,12233.731
00bbac68_4430,12233.698
00bbac68_4431,12233.792
00bbac68_4432,12233.82
00bbac68_4433,12233.779
00bbac68_4434,12233.865
00bbac68_4435,12233.83
00bbac68_4436,12233.871
00bbac68_4437,12233.861
00bbac68_4438,12233.923
00bbac68_4439,12234.002
00bbac68_4440,12233.974
00bbac68_4441,12233.948
00bbac68_4442,12233.966
00bbac68_4443,12233.948
00bbac68_4444,12233.972
00bbac68_4445,12233.972
00bbac68_4446,12233.57
00bbac68_4447,12233.973
00bbac68_4448,12233.891
00bbac68_4449,12233.916
00bbac68_4450,12233.841
00bbac68_4451,12233.93
00bbac68_4452,12233.559
00bbac68_4453,12233.602
00bbac68_4454,12233.573
00bbac68_4455,12233.468
00bbac68_4456,12233.562
00bbac68_4457,12233.446
00bbac68_4458,12233.564
00bbac68_4459,12233.485
00bbac68_4460,12233.461
00bbac68_4461,12233.089
00bbac68_4462,12233.401
00bbac68_4463,12233.385
00bbac68_4464,12233.327
00bbac68_4465,12233.33
00bbac68_4466,12233.408
00bbac68_4467,12233.312
00bbac68_4468,12233.404
00bbac68_4469,12233.3
00bbac68_4470,12233.346
00bbac68_4471,12233.326
00bbac68_4472,12233.374
00bbac68_4473,12233.262
00bbac68_4474,12233.4
00bbac68_4475,12233.297
00bbac68_4476,12233.407
00bbac68_4477,12233.394
00bbac68_4478,12233.404
00bbac68_4479,12233.342
00bbac68_4480,12233.148
00bbac68_4481,12233.129
00bbac68_4482,12233.401
00bbac68_4483,12233.368
00bbac68_4484,12233.302
00bbac68_4485,12233.405
00bbac68_4486,12233.073
00bbac68_4487,12233.419
00bbac68_4488,12233.353
00bbac68_4489,12233.049
00bbac68_4490,12233.465
00bbac68_4491,12233.354
00bbac68_4492,12233.144
00bbac68_4493,12233.376
00bbac68_4494,12233.1455
00bbac68_4495,12233.407
00bbac68_4496,12233.058
00bbac68_4497,12233.468
00bbac68_4498,12233.122
00bbac68_4499,12233.47
00bbac68_4500,12233.135
00bbac68_4501,12233.149
00bbac68_4502,12233.225
00bbac68_4503,12233.112
00bbac68_4504,12232.912
00bbac68_4505,12233.151
00bbac68_4506,12232.829
00bbac68_4507,12233.041
00bbac68_4508,12232.933
00bbac68_4509,12232.993
00bbac68_4510,12233.034
00bbac68_4511,12233.157
00bbac68_4512,12232.797
00bbac68_4513,12232.882
00bbac68_4514,12232.866
00bbac68_4515,12232.874
00bbac68_4516,12232.889
00bbac68_4517,12232.898
00bbac68_4518,12232.894
00bbac68_4519,12232.833
00bbac68_4520,12232.936
00bbac68_4521,12232.9
00bbac68_4522,12232.868
00bbac68_4523,12232.887
00bbac68_4524,12232.815
00bbac68_4525,12232.933
00bbac68_4526,12232.8545
00bbac68_4527,12232.842
00bbac68_4528,12232.864
00bbac68_4529,12232.822
00bbac68_4530,12232.826
00bbac68_4531,12232.867
00bbac68_4532,12232.927
00bbac68_4533,12232.795
00bbac68_4534,12232.884
00bbac68_4535,12232.8545
00bbac68_4536,12232.789
00bbac68_4537,12232.782
00bbac68_4538,12232.64
00bbac68_4539,12232.719
00bbac68_4540,12232.655
00bbac68_4541,12232.623
00bbac68_4542,12232.601
00bbac68_4543,12232.538
00bbac68_4544,12232.563
00bbac68_4545,12232.541
00bbac68_4546,12232.513
00bbac68_4547,12232.538
00bbac68_4548,12232.486
00bbac68_4549,12232.633
00bbac68_4550,12232.407
00bbac68_4551,12232.288
00bbac68_4552,12232.364
00bbac68_4553,12232.27
00bbac68_4554,12232.116
00bbac68_4555,12232.179
00bbac68_4556,12232.247
00bbac68_4557,12232.023
00bbac68_4558,12231.926
00bbac68_4559,12231.977
00bbac68_4560,12231.876
00bbac68_4561,12232.091
00bbac68_4562,12231.887
00bbac68_4563,12231.8545
00bbac68_4564,12231.706
00bbac68_4565,12231.874
00bbac68_4566,12231.877
00bbac68_4567,12231.771
00bbac68_4568,12231.708
00bbac68_4569,12231.708
00bbac68_4570,12231.93
00bbac68_4571,12231.675
00bbac68_4572,12231.398
00bbac68_4573,12231.305
00bbac68_4574,12231.341
00bbac68_4575,12231.441
00bbac68_4576,12231.326
00bbac68_4577,12231.437
00bbac68_4578,12231.352
00bbac68_4579,12231.417
00bbac68_4580,12231.271
00bbac68_4581,12231.27
00bbac68_4582,12231.371
00bbac68_4583,12231.303
00bbac68_4584,12231.549
00bbac68_4585,12231.414
00bbac68_4586,12231.664
00bbac68_4587,12231.379
00bbac68_4588,12231.384
00bbac68_4589,12231.15
00bbac68_4590,12231.2
00bbac68_4591,12231.192
00bbac68_4592,12231.195
00bbac68_4593,12231.357
00bbac68_4594,12231.173
00bbac68_4595,12231.165
00bbac68_4596,12231.162
00bbac68_4597,12231.363
00bbac68_4598,12231.24
00bbac68_4599,12231.2295
00bbac68_4600,12231.331
00bbac68_4601,12231.325
00bbac68_4602,12231.406
00bbac68_4603,12231.191
00bbac68_4604,12230.976
00bbac68_4605,12230.9795
00bbac68_4606,12230.944
00bbac68_4607,12230.84
00bbac68_4608,12230.839
00bbac68_4609,12230.84
00bbac68_4610,12230.888
00bbac68_4611,12230.922
00bbac68_4612,12230.813
00bbac68_4613,12230.781
00bbac68_4614,12230.842
00bbac68_4615,12230.9
00bbac68_4616,12230.78
00bbac68_4617,12230.78
00bbac68_4618,12230.76
00bbac68_4619,12230.77
00bbac68_4620,12230.8545
00bbac68_4621,12230.798
00bbac68_4622,12230.815
00bbac68_4623,12230.765
00bbac68_4624,12230.874
00bbac68_4625,12231.195
00bbac68_4626,12230.768
00bbac68_4627,12230.476
00bbac68_4628,12230.34
00bbac68_4629,12230.45
00bbac68_4630,12230.391
00bbac68_4631,12230.338
00bbac68_4632,12230.288
00bbac68_4633,12230.5205
00bbac68_4634,12230.303
00bbac68_4635,12230.136
00bbac68_4636,12230.141
00bbac68_4637,12230.081
00bbac68_4638,12230.074
00bbac68_4639,12230.293
00bbac68_4640,12229.827
00bbac68_4641,12229.867
00bbac68_4642,12230.087
00bbac68_4643,12229.823
00bbac68_4644,12230.281
00bbac68_4645,12229.783
00bbac68_4646,12229.703
00bbac68_4647,12229.722
00bbac68_4648,12230.061
00bbac68_4649,12229.475
00bbac68_4650,12229.511
00bbac68_4651,12229.599
00bbac68_4652,12230.145
00bbac68_4653,12229.649
00bbac68_4654,12229.524
00bbac68_4655,12229.955
00bbac68_4656,12229.675
00bbac68_4657,12229.708
00bbac68_4658,12230.081
00bbac68_4659,12229.605
00bbac68_4660,12229.579
00bbac68_4661,12230.117
00bbac68_4662,12229.473
00bbac68_4663,12229.653
00bbac68_4664,12229.994
00bbac68_4665,12229.713
00bbac68_4666,12229.59
00bbac68_4667,12230.216
00bbac68_4668,12229.721
00bbac68_4669,12229.685
00bbac68_4670,12230.215
00bbac68_4671,12229.749
00bbac68_4672,12230.245
00bbac68_4673,12229.645
00bbac68_4674,12229.598
00bbac68_4675,12230.216
00bbac68_4676,12229.743
00bbac68_4677,12230.164
00bbac68_4678,12229.646
00bbac68_4679,12230.147
00bbac68_4680,12228.738
00bbac68_4681,12229.232
00bbac68_4682,12228.549
00bbac68_4683,12228.995
00bbac68_4684,12228.771
00bbac68_4685,12229.258
00bbac68_4686,12228.621
00bbac68_4687,12229.033
00bbac68_4688,12228.74
00bbac68_4689,12229.253
00bbac68_4690,12228.634
00bbac68_4691,12229.254
00bbac68_4692,12228.673
00bbac68_4693,12229.194
00bbac68_4694,12228.4
00bbac68_4695,12229.045
00bbac68_4696,12228.47
00bbac68_4697,12229.105
00bbac68_4698,12228.536
00bbac68_4699,12228.964
00bbac68_4700,12228.935
00bbac68_4701,12228.411
00bbac68_4702,12229.014
00bbac68_4703,12228.425
00bbac68_4704,12228.966
00bbac68_4705,12228.66
00bbac68_4706,12228.452
00bbac68_4707,12229.0205
00bbac68_4708,12228.998
00bbac68_4709,12228.389
00bbac68_4710,12228.797
00bbac68_4711,12228.964
00bbac68_4712,12228.503
00bbac68_4713,12229.077
00bbac68_4714,12228.741
00bbac68_4715,12228.504
00bbac68_4716,12229.014
00bbac68_4717,12229.075
00bbac68_4718,12228.526
00bbac68_4719,12228.593
00bbac68_4720,12228.749
00bbac68_4721,12228.778
00bbac68_4722,12228.334
00bbac68_4723,12228.604
00bbac68_4724,12228.764
00bbac68_4725,12228.799
00bbac68_4726,12228.306
00bbac68_4727,12228.755
00bbac68_4728,12228.475
00bbac68_4729,12228.731
00bbac68_4730,12228.698
00bbac68_4731,12228.284
00bbac68_4732,12228.729
00bbac68_4733,12228.428
00bbac68_4734,12228.704
00bbac68_4735,12228.734
00bbac68_4736,12228.679
00bbac68_4737,12228.428
00bbac68_4738,12228.67
00bbac68_4739,12228.305
00bbac68_4740,12228.739
00bbac68_4741,12228.691
00bbac68_4742,12228.379
00bbac68_4743,12228.632
00bbac68_4744,12228.62
00bbac68_4745,12228.578
00bbac68_4746,12228.361
00bbac68_4747,12228.558
00bbac68_4748,12228.54
00bbac68_4749,12228.521
00bbac68_4750,12228.444
00bbac68_4751,12228.191
00bbac68_4752,12228.566
00bbac68_4753,12228.521
00bbac68_4754,12228.54
00bbac68_4755,12228.505
00bbac68_4756,12228.248
00bbac68_4757,12228.64
00bbac68_4758,12228.472
00bbac68_4759,12228.545
00bbac68_4760,12228.319
00bbac68_4761,12228.534
00bbac68_4762,12228.535
00bbac68_4763,12228.568
00bbac68_4764,12228.563
00bbac68_4765,12228.648
00bbac68_4766,12228.524
00bbac68_4767,12228.559
00bbac68_4768,12228.487
00bbac68_4769,12228.484
00bbac68_4770,12228.591
00bbac68_4771,12228.458
00bbac68_4772,12228.382
00bbac68_4773,12228.453
00bbac68_4774,12228.439
00bbac68_4775,12228.534
00bbac68_4776,12228.375
00bbac68_4777,12228.406
00bbac68_4778,12228.591
00bbac68_4779,12228.164
00bbac68_4780,12228.442
00bbac68_4781,12228.556
00bbac68_4782,12228.305
00bbac68_4783,12228.321
00bbac68_4784,12228.427
00bbac68_4785,12228.304
00bbac68_4786,12228.324
00bbac68_4787,12228.456
00bbac68_4788,12228.363
00bbac68_4789,12228.14
00bbac68_4790,12228.509
00bbac68_4791,12228.344
00bbac68_4792,12228.509
00bbac68_4793,12228.37
00bbac68_4794,12228.507
00bbac68_4795,12228.334
00bbac68_4796,12228.408
00bbac68_4797,12228.504
00bbac68_4798,12228.334
00bbac68_4799,12228.514
00bbac68_4800,12228.469
00bbac68_4801,12228.567
00bbac68_4802,12228.39
00bbac68_4803,12228.546
00bbac68_4804,12228.627
00bbac68_4805,12228.435
00bbac68_4806,12228.627
00bbac68_4807,12228.434
00bbac68_4808,12228.507
00bbac68_4809,12228.346
00bbac68_4810,12228.488
00bbac68_4811,12228.488
00bbac68_4812,12228.335
00bbac68_4813,12228.4795
00bbac68_4814,12228.518
00bbac68_4815,12228.308
00bbac68_4816,12228.408
00bbac68_4817,12228.26
00bbac68_4818,12228.443
00bbac68_4819,12228.382
00bbac68_4820,12228.338
00bbac68_4821,12228.487
00bbac68_4822,12228.494
00bbac68_4823,12228.235
00bbac68_4824,12228.616
00bbac68_4825,12228.476
00bbac68_4826,12228.386
00bbac68_4827,12228.27
00bbac68_4828,12228.453
00bbac68_4829,12228.411
00bbac68_4830,12228.252
00bbac68_4831,12228.385
00bbac68_4832,12228.374
00bbac68_4833,12228.244
00bbac68_4834,12228.45
00bbac68_4835,12228.451
00bbac68_4836,12228.545
00bbac68_4837,12228.126
00bbac68_4838,12228.503
00bbac68_4839,12228.435
00bbac68_4840,12228.593
00bbac68_4841,12228.43
00bbac68_4842,12228.594
00bbac68_4843,12228.664
00bbac68_4844,12228.521
00bbac68_4845,12228.673
00bbac68_4846,12228.531
00bbac68_4847,12228.715
00bbac68_4848,12228.687
00bbac68_4849,12228.724
00bbac68_4850,12228.624
00bbac68_4851,12228.604
00bbac68_4852,12228.766
00bbac68_4853,12228.712
00bbac68_4854,12228.817
00bbac68_4855,12228.727
00bbac68_4856,12228.434
00bbac68_4857,12228.781
00bbac68_4858,12228.807
00bbac68_4859,12228.731
00bbac68_4860,12228.753
00bbac68_4861,12228.726
00bbac68_4862,12228.818
00bbac68_4863,12228.642
00bbac68_4864,12228.796
00bbac68_4865,12228.757
00bbac68_4866,12228.798
00bbac68_4867,12228.756
00bbac68_4868,12228.757
00bbac68_4869,12228.67
00bbac68_4870,12228.693
00bbac68_4871,12228.667
00bbac68_4872,12228.669
00bbac68_4873,12228.526
00bbac68_4874,12228.621
00bbac68_4875,12228.613
00bbac68_4876,12228.647
00bbac68_4877,12228.634
00bbac68_4878,12228.818
00bbac68_4879,12228.785
00bbac68_4880,12228.79
00bbac68_4881,12228.769
00bbac68_4882,12228.787
00bbac68_4883,12228.546
00bbac68_4884,12228.572
00bbac68_4885,12228.552
00bbac68_4886,12228.571
00bbac68_4887,12228.55
00bbac68_4888,12228.586
00bbac68_4889,12228.518
00bbac68_4890,12228.588
00bbac68_4891,12228.568
00bbac68_4892,12228.595
00bbac68_4893,12228.575
00bbac68_4894,12228.56
00bbac68_4895,12228.591
00bbac68_4896,12228.561
00bbac68_4897,12228.594
00bbac68_4898,12228.559
00bbac68_4899,12228.585
00bbac68_4900,12228.5625
00bbac68_4901,12228.57
00bbac68_4902,12228.606
00bbac68_4903,12228.657
00bbac68_4904,12228.628
00bbac68_4905,12228.648
00bbac68_4906,12228.661
00bbac68_4907,12228.589
00bbac68_4908,12228.617
00bbac68_4909,12228.661
00bbac68_4910,12228.689
00bbac68_4911,12228.661
00bbac68_4912,12228.682
00bbac68_4913,12228.693
00bbac68_4914,12228.7
00bbac68_4915,12228.669
00bbac68_4916,12228.734
00bbac68_4917,12228.711
00bbac68_4918,12228.728
00bbac68_4919,12228.689
00bbac68_4920,12228.724
00bbac68_4921,12228.668
00bbac68_4922,12228.65
00bbac68_4923,12228.714
00bbac68_4924,12228.74
00bbac68_4925,12228.723
00bbac68_4926,12228.729
00bbac68_4927,12228.736
00bbac68_4928,12228.802
00bbac68_4929,12228.754
00bbac68_4930,12228.727
00bbac68_4931,12228.709
00bbac68_4932,12228.827
00bbac68_4933,12228.711
00bbac68_4934,12228.699
00bbac68_4935,12228.828
00bbac68_4936,12228.835
00bbac68_4937,12228.759
00bbac68_4938,12228.81
00bbac68_4939,12228.757
00bbac68_4940,12228.812
00bbac68_4941,12228.783
00bbac68_4942,12228.889
00bbac68_4943,12228.881
00bbac68_4944,12228.979
00bbac68_4945,12229.041
00bbac68_4946,12229.04
00bbac68_4947,12229.048
00bbac68_4948,12229.091
00bbac68_4949,12229.083
00bbac68_4950,12229.063
00bbac68_4951,12229.101
00bbac68_4952,12229.152
00bbac68_4953,12229.135
00bbac68_4954,12229.121
00bbac68_4955,12229.12
00bbac68_4956,12229.161
00bbac68_4957,12229.112
00bbac68_4958,12229.137
00bbac68_4959,12229.115
00bbac68_4960,12229.273
00bbac68_4961,12229.223
00bbac68_4962,12229.223
00bbac68_4963,12229.207
00bbac68_4964,12229.279
00bbac68_4965,12229.215
00bbac68_4966,12229.224
00bbac68_4967,12229.3125
00bbac68_4968,12229.39
00bbac68_4969,12229.331
00bbac68_4970,12229.337
00bbac68_4971,12229.337
00bbac68_4972,12229.343
00bbac68_4973,12229.339
00bbac68_4974,12229.333
00bbac68_4975,12229.332
00bbac68_4976,12229.347
00bbac68_4977,12229.403
00bbac68_4978,12229.392
00bbac68_4979,12229.396
00bbac68_4980,12229.402
00bbac68_4981,12229.392
00bbac68_4982,12229.396
00bbac68_4983,12229.351
00bbac68_4984,12229.345
00bbac68_4985,12229.409
00bbac68_4986,12229.399
00bbac68_4987,12229.35
00bbac68_4988,12229.411
00bbac68_4989,12229.519
00bbac68_4990,12229.483
00bbac68_4991,12229.579
00bbac68_4992,12229.6
00bbac68_4993,12229.687
00bbac68_4994,12229.636
00bbac68_4995,12229.693
00bbac68_4996,12229.666
00bbac68_4997,12229.721
00bbac68_4998,12229.729
00bbac68_4999,12229.741
00bbac68_5000,12229.687
00bbac68_5001,12229.752
00bbac68_5002,12229.683
00bbac68_5003,12229.711
00bbac68_5004,12229.746
00bbac68_5005,12229.829
00bbac68_5006,12229.742
00bbac68_5007,12229.727
00bbac68_5008,12229.729
00bbac68_5009,12229.779
00bbac68_5010,12229.751
00bbac68_5011,12229.762
00bbac68_5012,12229.783
00bbac68_5013,12229.803
00bbac68_5014,12229.681
00bbac68_5015,12229.683
00bbac68_5016,12229.728
00bbac68_5017,12229.7295
00bbac68_5018,12229.735
00bbac68_5019,12229.695
00bbac68_5020,12229.649
00bbac68_5021,12229.632
00bbac68_5022,12229.746
00bbac68_5023,12229.686
00bbac68_5024,12229.632
00bbac68_5025,12229.593
00bbac68_5026,12229.581
00bbac68_5027,12229.694
00bbac68_5028,12229.635
00bbac68_5029,12229.634
00bbac68_5030,12229.635
00bbac68_5031,12229.71
00bbac68_5032,12229.67
00bbac68_5033,12229.683
00bbac68_5034,12229.649
00bbac68_5035,12229.578
00bbac68_5036,12229.634
00bbac68_5037,12229.602
00bbac68_5038,12229.607
00bbac68_5039,12229.552
00bbac68_5040,12229.633
00bbac68_5041,12229.536
00bbac68_5042,12229.551
00bbac68_5043,12229.499
00bbac68_5044,12229.462
00bbac68_5045,12229.496
00bbac68_5046,12229.525
00bbac68_5047,12229.541
00bbac68_5048,12229.504
00bbac68_5049,12229.46
00bbac68_5050,12229.465
00bbac68_5051,12229.615
00bbac68_5052,12229.563
00bbac68_5053,12229.563
00bbac68_5054,12229.604
00bbac68_5055,12229.625
00bbac68_5056,12229.571
00bbac68_5057,12229.555
00bbac68_5058,12229.589
00bbac68_5059,12229.599
00bbac68_5060,12229.613
00bbac68_5061,12229.573
00bbac68_5062,12229.569
00bbac68_5063,12229.611
00bbac68_5064,12229.614
00bbac68_5065,12229.553
00bbac68_5066,12229.612
00bbac68_5067,12229.62
00bbac68_5068,12229.589
00bbac68_5069,12229.591
00bbac68_5070,12229.559
00bbac68_5071,12229.68
00bbac68_5072,12229.625
00bbac68_5073,12229.634
00bbac68_5074,12229.676
00bbac68_5075,12229.68
00bbac68_5076,12229.635
00bbac68_5077,12229.632
00bbac68_5078,12229.694
00bbac68_5079,12229.843
00bbac68_5080,12229.795
00bbac68_5081,12229.837
00bbac68_5082,12229.84
00bbac68_5083,12229.779
00bbac68_5084,12229.803
00bbac68_5085,12229.825
00bbac68_5086,12229.84
00bbac68_5087,12229.771
00bbac68_5088,12229.844
00bbac68_5089,12229.827
00bbac68_5090,12229.785
00bbac68_5091,12229.843
00bbac68_5092,12229.831
00bbac68_5093,12229.781
00bbac68_5094,12229.947
00bbac68_5095,12229.963
00bbac68_5096,12229.964
00bbac68_5097,12229.944
00bbac68_5098,12229.952
00bbac68_5099,12229.945
00bbac68_5100,12229.924
00bbac68_5101,12229.954
00bbac68_5102,12229.961
00bbac68_5103,12229.938
00bbac68_5104,12230.009
00bbac68_5105,12230.695
00bbac68_5106,12230.655
00bbac68_5107,12230.646
00bbac68_5108,12230.66
00bbac68_5109,12230.677
00bbac68_5110,12230.564
00bbac68_5111,12230.582
00bbac68_5112,12230.599
00bbac68_5113,12230.579
00bbac68_5114,12230.601
00bbac68_5115,12230.613
00bbac68_5116,12230.572
00bbac68_5117,12230.596
00bbac68_5118,12230.616
00bbac68_5119,12230.6
00bbac68_5120,12230.633
00bbac68_5121,12230.635
00bbac68_5122,12230.694
00bbac68_5123,12230.668
00bbac68_5124,12230.718
00bbac68_5125,12230.733
00bbac68_5126,12230.703
00bbac68_5127,12230.724
00bbac68_5128,12230.736
00bbac68_5129,12230.698
00bbac68_5130,12230.717
00bbac68_5131,12230.819
00bbac68_5132,12230.783
00bbac68_5133,12230.793
00bbac68_5134,12230.8545
00bbac68_5135,12230.817
00bbac68_5136,12230.82
00bbac68_5137,12230.818
00bbac68_5138,12230.861
00bbac68_5139,12230.924
00bbac68_5140,12231.001
00bbac68_5141,12230.982
00bbac68_5142,12230.923
00bbac68_5143,12230.912
00bbac68_5144,12230.911
00bbac68_5145,12230.916
00bbac68_5146,12230.781
00bbac68_5147,12230.779
00bbac68_5148,12230.731
00bbac68_5149,12230.704
00bbac68_5150,12230.754
00bbac68_5151,12230.829
00bbac68_5152,12230.766
00bbac68_5153,12230.843
00bbac68_5154,12230.825
00bbac68_5155,12230.767
00bbac68_5156,12230.899
00bbac68_5157,12230.89
00bbac68_5158,12230.847
00bbac68_5159,12230.909
00bbac68_5160,12230.908
00bbac68_5161,12230.802
00bbac68_5162,12230.795
00bbac68_5163,12230.815
00bbac68_5164,12230.773
00bbac68_5165,12230.702
00bbac68_5166,12230.778
00bbac68_5167,12230.76
00bbac68_5168,12230.703
00bbac68_5169,12230.765
00bbac68_5170,12230.754
00bbac68_5171,12230.636
00bbac68_5172,12230.7295
00bbac68_5173,12230.691
00bbac68_5174,12230.676
00bbac68_5175,12230.767
00bbac68_5176,12230.731
00bbac68_5177,12230.717
00bbac68_5178,12230.722
00bbac68_5179,12230.794
00bbac68_5180,12231.144
00bbac68_5181,12231.093
00bbac68_5182,12230.847
00bbac68_5183,12230.837
00bbac68_5184,12230.737
00bbac68_5185,12230.802
00bbac68_5186,12230.869
00bbac68_5187,12230.89
00bbac68_5188,12230.9375
00bbac68_5189,12230.858
00bbac68_5190,12230.796
00bbac68_5191,12230.792
00bbac68_5192,12230.875
00bbac68_5193,12230.854
00bbac68_5194,12230.858
00bbac68_5195,12230.798
00bbac68_5196,12230.699
00bbac68_5197,12230.725
00bbac68_5198,12230.753
00bbac68_5199,12230.789
00bbac68_5200,12230.772
00bbac68_5201,12230.825
00bbac68_5202,12230.807
00bbac68_5203,12230.822
00bbac68_5204,12230.802
00bbac68_5205,12230.816
00bbac68_5206,12230.865
00bbac68_5207,12230.82
00bbac68_5208,12230.831
00bbac68_5209,12230.897
00bbac68_5210,12230.757
00bbac68_5211,12230.811
00bbac68_5212,12230.931
00bbac68_5213,12230.85
00bbac68_5214,12231.027
00bbac68_5215,12230.815
00bbac68_5216,12230.947
00bbac68_5217,12230.727
00bbac68_5218,12230.787
00bbac68_5219,12230.978
00bbac68_5220,12230.824
00bbac68_5221,12230.847
00bbac68_5222,12230.94
00bbac68_5223,12230.846
00bbac68_5224,12230.829
00bbac68_5225,12230.972
00bbac68_5226,12230.855
00bbac68_5227,12231.012
00bbac68_5228,12230.6875
00bbac68_5229,12230.659
00bbac68_5230,12230.805
00bbac68_5231,12230.617
00bbac68_5232,12230.726
00bbac68_5233,12230.916
00bbac68_5234,12230.822
00bbac68_5235,12230.794
00bbac68_5236,12230.939
00bbac68_5237,12230.615
00bbac68_5238,12230.802
00bbac68_5239,12230.608
00bbac68_5240,12230.71
00bbac68_5241,12230.797
00bbac68_5242,12230.736
00bbac68_5243,12230.685
00bbac68_5244,12230.65
00bbac68_5245,12230.826
00bbac68_5246,12230.47
00bbac68_5247,12230.183
00bbac68_5248,12230.5205
00bbac68_5249,12230.621
00bbac68_5250,12231.016
00bbac68_5251,12231.108
00bbac68_5252,12230.747
00bbac68_5253,12231.08
00bbac68_5254,12231.006
00bbac68_5255,12231.215
00bbac68_5256,12231.089
00bbac68_5257,12231.21
00bbac68_5258,12230.888
00bbac68_5259,12230.976
00bbac68_5260,12230.704
00bbac68_5261,12231.046
00bbac68_5262,12230.949
00bbac68_5263,12231.147
00bbac68_5264,12230.941
00bbac68_5265,12230.922
00bbac68_5266,12231.113
00bbac68_5267,12230.96
00bbac68_5268,12230.576
00bbac68_5269,12230.67
00bbac68_5270,12230.748
00bbac68_5271,12230.483
00bbac68_5272,12230.767
00bbac68_5273,12230.692
00bbac68_5274,12230.832
00bbac68_5275,12230.608
00bbac68_5276,12230.308
00bbac68_5277,12230.538
00bbac68_5278,12230.467
00bbac68_5279,12230.249
00bbac68_5280,12230.412
00bbac68_5281,12230.774
00bbac68_5282,12230.19
00bbac68_5283,12230.531
00bbac68_5284,12230.211
00bbac68_5285,12230.504
00bbac68_5286,12230.418
00bbac68_5287,12230.215
00bbac68_5288,12230.5
00bbac68_5289,12230.423
00bbac68_5290,12229.993
00bbac68_5291,12230.239
00bbac68_5292,12230.003
00bbac68_5293,12230.339
00bbac68_5294,12230.269
00bbac68_5295,12229.925
00bbac68_5296,12230.192
00bbac68_5297,12229.867
00bbac68_5298,12230.051
00bbac68_5299,12230.056
00bbac68_5300,12229.844
00bbac68_5301,12230.128
00bbac68_5302,12230.107
00bbac68_5303,12229.844
00bbac68_5304,12230.086
00bbac68_5305,12229.866
00bbac68_5306,12230.134
00bbac68_5307,12230.095
00bbac68_5308,12229.8545
00bbac68_5309,12230.063
00bbac68_5310,12230.605
00bbac68_5311,12229.787
00bbac68_5312,12229.916
00bbac68_5313,12229.701
00bbac68_5314,12229.91
00bbac68_5315,12229.985
00bbac68_5316,12230.1045
00bbac68_5317,12229.875
00bbac68_5318,12229.985
00bbac68_5319,12229.773
00bbac68_5320,12229.911
00bbac68_5321,12229.738
00bbac68_5322,12229.971
00bbac68_5323,12229.83
00bbac68_5324,12229.573
00bbac68_5325,12229.914
00bbac68_5326,12229.917
00bbac68_5327,12229.597
00bbac68_5328,12229.897
00bbac68_5329,12229.633
00bbac68_5330,12229.875
00bbac68_5331,12229.922
00bbac68_5332,12229.6
00bbac68_5333,12229.875
00bbac68_5334,12229.66
00bbac68_5335,12230.434
00bbac68_5336,12229.818
00bbac68_5337,12229.64
00bbac68_5338,12229.898
00bbac68_5339,12229.818
00bbac68_5340,12229.64
00bbac68_5341,12229.841
00bbac68_5342,12230.02
00bbac68_5343,12229.807
00bbac68_5344,12229.843
00bbac68_5345,12229.967
00bbac68_5346,12229.756
00bbac68_5347,12229.791
00bbac68_5348,12229.872
00bbac68_5349,12229.66
00bbac68_5350,12229.453
00bbac68_5351,12229.796
00bbac68_5352,12229.734
00bbac68_5353,12229.522
00bbac68_5354,12229.635
00bbac68_5355,12229.521
00bbac68_5356,12229.28
00bbac68_5357,12229.602
00bbac68_5358,12229.274
00bbac68_5359,12229.584
00bbac68_5360,12230.071
00bbac68_5361,12229.377
00bbac68_5362,12229.705
00bbac68_5363,12229.414
00bbac68_5364,12229.702
00bbac68_5365,12229.657
00bbac68_5366,12229.482
00bbac68_5367,12229.748
00bbac68_5368,12229.629
00bbac68_5369,12229.614
00bbac68_5370,12229.403
00bbac68_5371,12229.198
00bbac68_5372,12230.184
00bbac68_5373,12229.914
00bbac68_5374,12230.127
00bbac68_5375,12229.949
00bbac68_5376,12229.993
00bbac68_5377,12229.749
00bbac68_5378,12230.107
00bbac68_5379,12229.744
00bbac68_5380,12230.038
00bbac68_5381,12230.055
00bbac68_5382,12229.839
00bbac68_5383,12230.587
00bbac68_5384,12230.151
00bbac68_5385,12229.958
00bbac68_5386,12230.02
00bbac68_5387,12229.804
00bbac68_5388,12230.086
00bbac68_5389,12230.107
00bbac68_5390,12229.838
00bbac68_5391,12229.976
00bbac68_5392,12229.976
00bbac68_5393,12229.728
00bbac68_5394,12229.94
00bbac68_5395,12229.697
00bbac68_5396,12229.966
00bbac68_5397,12229.937
00bbac68_5398,12229.552
00bbac68_5399,12230.0
00bbac68_5400,12229.946
00bbac68_5401,12229.732
00bbac68_5402,12229.508
00bbac68_5403,12229.996
00bbac68_5404,12229.465
00bbac68_5405,12229.919
00bbac68_5406,12229.429
00bbac68_5407,12229.96
00bbac68_5408,12229.469
00bbac68_5409,12229.701
00bbac68_5410,12229.471
00bbac68_5411,12228.761
00bbac68_5412,12228.904
00bbac68_5413,12228.747
00bbac68_5414,12228.627
00bbac68_5415,12228.53
00bbac68_5416,12228.2
00bbac68_5417,12228.796
00bbac68_5418,12228.269
00bbac68_5419,12228.268
00bbac68_5420,12228.168
00bbac68_5421,12228.2
00bbac68_5422,12228.013
00bbac68_5423,12228.164
00bbac68_5424,12228.137
00bbac68_5425,12228.109
00bbac68_5426,12228.109
00bbac68_5427,12228.137
00bbac68_5428,12228.228
00bbac68_5429,12228.17
00bbac68_5430,12228.133
00bbac68_5431,12228.253
00bbac68_5432,12228.196
00bbac68_5433,12228.115
00bbac68_5434,12228.2
00bbac68_5435,12228.172
00bbac68_5436,12228.32
00bbac68_5437,12228.168
00bbac68_5438,12228.224
00bbac68_5439,12228.372
00bbac68_5440,12228.045
00bbac68_5441,12228.262
00bbac68_5442,12228.263
00bbac68_5443,12228.249
00bbac68_5444,12228.143
00bbac68_5445,12228.22
00bbac68_5446,12228.208
00bbac68_5447,12228.212
00bbac68_5448,12228.182
00bbac68_5449,12228.061
00bbac68_5450,12228.085
00bbac68_5451,12227.842
00bbac68_5452,12227.585
00bbac68_5453,12227.501
00bbac68_5454,12227.438
00bbac68_5455,12227.648
00bbac68_5456,12227.49
00bbac68_5457,12227.452
00bbac68_5458,12227.316
00bbac68_5459,12227.177
00bbac68_5460,12227.122
00bbac68_5461,12226.962
00bbac68_5462,12226.985
00bbac68_5463,12227.105
00bbac68_5464,12226.748
00bbac68_5465,12226.819
00bbac68_5466,12226.865
00bbac68_5467,12226.7705
00bbac68_5468,12226.778
00bbac68_5469,12226.844
00bbac68_5470,12226.627
00bbac68_5471,12226.666
00bbac68_5472,12226.607
00bbac68_5473,12226.541
00bbac68_5474,12226.682
00bbac68_5475,12226.615
00bbac68_5476,12226.603
00bbac68_5477,12226.775
00bbac68_5478,12226.686
00bbac68_5479,12226.704
00bbac68_5480,12226.522
00bbac68_5481,12226.444
00bbac68_5482,12226.595
00bbac68_5483,12226.253
00bbac68_5484,12226.226
00bbac68_5485,12226.285
00bbac68_5486,12226.168
00bbac68_5487,12226.365
00bbac68_5488,12226.284
00bbac68_5489,12226.188
00bbac68_5490,12226.165
00bbac68_5491,12225.935
00bbac68_5492,12226.11
00bbac68_5493,12226.036
00bbac68_5494,12225.859
00bbac68_5495,12226.03
00bbac68_5496,12225.86
00bbac68_5497,12226.046
00bbac68_5498,12225.829
00bbac68_5499,12225.719
00bbac68_5500,12225.704
00bbac68_5501,12225.577
00bbac68_5502,12225.664
00bbac68_5503,12225.544
00bbac68_5504,12225.379
00bbac68_5505,12225.597
00bbac68_5506,12225.492
00bbac68_5507,12225.3
00bbac68_5508,12225.322
00bbac68_5509,12225.264
00bbac68_5510,12225.371
00bbac68_5511,12225.244
00bbac68_5512,12225.281
00bbac68_5513,12225.326
00bbac68_5514,12225.323
00bbac68_5515,12225.375
00bbac68_5516,12225.348
00bbac68_5517,12225.337
00bbac68_5518,12225.285
00bbac68_5519,12225.162
00bbac68_5520,12225.187
00bbac68_5521,12224.946
00bbac68_5522,12224.86
00bbac68_5523,12225.112
00bbac68_5524,12224.817
00bbac68_5525,12224.916
00bbac68_5526,12224.843
00bbac68_5527,12224.821
00bbac68_5528,12224.936
00bbac68_5529,12224.772
00bbac68_5530,12225.021
00bbac68_5531,12224.567
00bbac68_5532,12224.689
00bbac68_5533,12224.616
00bbac68_5534,12224.393
00bbac68_5535,12224.646
00bbac68_5536,12224.463
00bbac68_5537,12224.638
00bbac68_5538,12224.493
00bbac68_5539,12224.389
00bbac68_5540,12224.5205
00bbac68_5541,12224.388
00bbac68_5542,12224.395
00bbac68_5543,12224.271
00bbac68_5544,12224.3
00bbac68_5545,12224.305
00bbac68_5546,12224.065
00bbac68_5547,12224.193
00bbac68_5548,12224.13
00bbac68_5549,12224.057
00bbac68_5550,12224.049
00bbac68_5551,12224.025
00bbac68_5552,12224.049
00bbac68_5553,12223.571
00bbac68_5554,12223.698
00bbac68_5555,12223.723
00bbac68_5556,12223.602
00bbac68_5557,12223.757
00bbac68_5558,12223.654
00bbac68_5559,12223.784
00bbac68_5560,12223.762
00bbac68_5561,12223.642
00bbac68_5562,12223.79
00bbac68_5563,12223.586
00bbac68_5564,12223.74
00bbac68_5565,12223.629
00bbac68_5566,12223.621
00bbac68_5567,12223.317
00bbac68_5568,12223.372
00bbac68_5569,12223.361
00bbac68_5570,12223.294
00bbac68_5571,12223.426
00bbac68_5572,12223.477
00bbac68_5573,12223.345
00bbac68_5574,12223.124
00bbac68_5575,12222.8545
00bbac68_5576,12222.876
00bbac68_5577,12222.621
00bbac68_5578,12222.509
00bbac68_5579,12222.601
00bbac68_5580,12222.739
00bbac68_5581,12222.565
00bbac68_5582,12222.704
00bbac68_5583,12222.575
00bbac68_5584,12222.498
00bbac68_5585,12222.265
00bbac68_5586,12222.043
00bbac68_5587,12222.236
00bbac68_5588,12222.29
00bbac68_5589,12222.217
00bbac68_5590,12222.092
00bbac68_5591,12222.027
00bbac68_5592,12222.17
00bbac68_5593,12222.069
00bbac68_5594,12222.008
00bbac68_5595,12221.881
00bbac68_5596,12222.105
00bbac68_5597,12222.085
00bbac68_5598,12221.839
00bbac68_5599,12221.844
00bbac68_5600,12221.958
00bbac68_5601,12221.66
00bbac68_5602,12221.94
00bbac68_5603,12221.747
00bbac68_5604,12221.446
00bbac68_5605,12221.586
00bbac68_5606,12221.436
00bbac68_5607,12221.465
00bbac68_5608,12221.647
00bbac68_5609,12221.38
00bbac68_5610,12221.594
00bbac68_5611,12221.156
00bbac68_5612,12221.4
00bbac68_5613,12221.133
00bbac68_5614,12221.284
00bbac68_5615,12220.995
00bbac68_5616,12220.849
00bbac68_5617,12220.925
00bbac68_5618,12220.711
00bbac68_5619,12220.836
00bbac68_5620,12220.699
00bbac68_5621,12220.655
00bbac68_5622,12220.786
00bbac68_5623,12220.453
00bbac68_5624,12220.76
00bbac68_5625,12220.4375
00bbac68_5626,12220.457
00bbac68_5627,12220.206
00bbac68_5628,12220.305
00bbac68_5629,12220.182
00bbac68_5630,12220.234
00bbac68_5631,12220.213
00bbac68_5632,12220.144
00bbac68_5633,12220.132
00bbac68_5634,12220.366
00bbac68_5635,12220.212
00bbac68_5636,12220.3125
00bbac68_5637,12220.137
00bbac68_5638,12220.302
00bbac68_5639,12220.063
00bbac68_5640,12220.052
00bbac68_5641,12220.079
00bbac68_5642,12220.068
00bbac68_5643,12220.254
00bbac68_5644,12219.935
00bbac68_5645,12219.963
00bbac68_5646,12220.136
00bbac68_5647,12220.033
00bbac68_5648,12220.044
00bbac68_5649,12220.173
00bbac68_5650,12220.184
00bbac68_5651,12220.121
00bbac68_5652,12220.0625
00bbac68_5653,12220.174
00bbac68_5654,12220.036
00bbac68_5655,12220.1
00bbac68_5656,12220.015
00bbac68_5657,12219.845
00bbac68_5658,12219.8545
00bbac68_5659,12220.037
00bbac68_5660,12219.822
00bbac68_5661,12219.751
00bbac68_5662,12219.753
00bbac68_5663,12219.986
00bbac68_5664,12219.676
00bbac68_5665,12219.768
00bbac68_5666,12219.731
00bbac68_5667,12219.835
00bbac68_5668,12219.471
00bbac68_5669,12219.479
00bbac68_5670,12218.939
00bbac68_5671,12219.169
00bbac68_5672,12218.887
00bbac68_5673,12218.452
00bbac68_5674,12218.384
00bbac68_5675,12218.397
00bbac68_5676,12218.52
00bbac68_5677,12218.403
00bbac68_5678,12218.315
00bbac68_5679,12217.912
00bbac68_5680,12217.879
00bbac68_5681,12217.87
00bbac68_5682,12217.913
00bbac68_5683,12217.91
00bbac68_5684,12217.807
00bbac68_5685,12217.766
00bbac68_5686,12217.782
00bbac68_5687,12217.827
00bbac68_5688,12217.597
00bbac68_5689,12217.76
00bbac68_5690,12217.555
00bbac68_5691,12217.3125
00bbac68_5692,12217.214
00bbac68_5693,12217.055
00bbac68_5694,12216.937
00bbac68_5695,12216.668
00bbac68_5696,12216.531
00bbac68_5697,12216.475
00bbac68_5698,12216.171
00bbac68_5699,12216.385
00bbac68_5700,12216.146
00bbac68_5701,12216.197
00bbac68_5702,12216.357
00bbac68_5703,12216.284
00bbac68_5704,12216.161
00bbac68_5705,12216.301
00bbac68_5706,12216.313
00bbac68_5707,12216.39
00bbac68_5708,12216.37
00bbac68_5709,12216.339
00bbac68_5710,12216.421
00bbac68_5711,12216.322
00bbac68_5712,12216.309
00bbac68_5713,12216.215
00bbac68_5714,12216.337
00bbac68_5715,12216.091
00bbac68_5716,12216.311
00bbac68_5717,12216.212
00bbac68_5718,12216.276
00bbac68_5719,12216.055
00bbac68_5720,12215.983
00bbac68_5721,12215.747
00bbac68_5722,12215.755
00bbac68_5723,12215.67
00bbac68_5724,12215.6875
00bbac68_5725,12215.678
00bbac68_5726,12215.484
00bbac68_5727,12215.315
00bbac68_5728,12215.4795
00bbac68_5729,12215.348
00bbac68_5730,12214.811
00bbac68_5731,12214.864
00bbac68_5732,12215.04
00bbac68_5733,12214.955
00bbac68_5734,12214.965
00bbac68_5735,12215.047
00bbac68_5736,12215.044
00bbac68_5737,12215.277
00bbac68_5738,12215.034
00bbac68_5739,12214.831
00bbac68_5740,12214.851
00bbac68_5741,12215.005
00bbac68_5742,12214.47
00bbac68_5743,12214.444
00bbac68_5744,12214.172
00bbac68_5745,12214.234
00bbac68_5746,12214.226
00bbac68_5747,12214.14
00bbac68_5748,12214.113
00bbac68_5749,12213.973
00bbac68_5750,12213.948
00bbac68_5751,12213.614
00bbac68_5752,12213.692
00bbac68_5753,12213.625
00bbac68_5754,12213.808
00bbac68_5755,12213.485
00bbac68_5756,12213.615
00bbac68_5757,12213.3955
00bbac68_5758,12213.433
00bbac68_5759,12213.596
00bbac68_5760,12213.476
00bbac68_5761,12213.362
00bbac68_5762,12213.405
00bbac68_5763,12213.402
00bbac68_5764,12213.199
00bbac68_5765,12212.512
00bbac68_5766,12212.519
00bbac68_5767,12212.652
00bbac68_5768,12212.573
00bbac68_5769,12212.404
00bbac68_5770,12212.481
00bbac68_5771,12212.447
00bbac68_5772,12212.453
00bbac68_5773,12212.331
00bbac68_5774,12212.608
00bbac68_5775,12212.363
00bbac68_5776,12212.147
00bbac68_5777,12212.133
00bbac68_5778,12212.197
00bbac68_5779,12211.964
00bbac68_5780,12211.982
00bbac68_5781,12212.026
00bbac68_5782,12212.027
00bbac68_5783,12212.029
00bbac68_5784,12212.021
00bbac68_5785,12212.057
00bbac68_5786,12211.955
00bbac68_5787,12211.916
00bbac68_5788,12211.934
00bbac68_5789,12212.048
00bbac68_5790,12211.94
00bbac68_5791,12211.988
00bbac68_5792,12212.079
00bbac68_5793,12211.896
00bbac68_5794,12211.975
00bbac68_5795,12211.997
00bbac68_5796,12211.946
00bbac68_5797,12211.999
00bbac68_5798,12211.952
00bbac68_5799,12211.829
00bbac68_5800,12211.944
00bbac68_5801,12211.778
00bbac68_5802,12211.797
00bbac68_5803,12211.894
00bbac68_5804,12212.016
00bbac68_5805,12211.89
00bbac68_5806,12211.83
00bbac68_5807,12212.06
00bbac68_5808,12211.821
00bbac68_5809,12211.476
00bbac68_5810,12211.55
00bbac68_5811,12211.64
00bbac68_5812,12211.515
00bbac68_5813,12211.541
00bbac68_5814,12211.551
00bbac68_5815,12211.47
00bbac68_5816,12211.443
00bbac68_5817,12211.594
00bbac68_5818,12211.492
00bbac68_5819,12211.235
00bbac68_5820,12211.132
00bbac68_5821,12211.182
00bbac68_5822,12211.206
00bbac68_5823,12211.025
00bbac68_5824,12210.927
00bbac68_5825,12210.812
00bbac68_5826,12210.7705
00bbac68_5827,12210.594
00bbac68_5828,12210.463
00bbac68_5829,12210.456
00bbac68_5830,12210.321
00bbac68_5831,12210.497
00bbac68_5832,12210.375
00bbac68_5833,12210.359
00bbac68_5834,12210.21
00bbac68_5835,12210.167
00bbac68_5836,12210.355
00bbac68_5837,12209.877
00bbac68_5838,12209.866
00bbac68_5839,12209.9795
00bbac68_5840,12209.987
00bbac68_5841,12209.933
00bbac68_5842,12209.926
00bbac68_5843,12209.988
00bbac68_5844,12209.945
00bbac68_5845,12210.027
00bbac68_5846,12210.133
00bbac68_5847,12210.112
00bbac68_5848,12210.199
00bbac68_5849,12210.131
00bbac68_5850,12210.337
00bbac68_5851,12210.178
00bbac68_5852,12210.156
00bbac68_5853,12210.184
00bbac68_5854,12210.188
00bbac68_5855,12210.179
00bbac68_5856,12210.171
00bbac68_5857,12210.3545
00bbac68_5858,12209.964
00bbac68_5859,12210.011
00bbac68_5860,12209.999
00bbac68_5861,12210.307
00bbac68_5862,12210.308
00bbac68_5863,12210.571
00bbac68_5864,12210.309
00bbac68_5865,12210.216
00bbac68_5866,12210.252
00bbac68_5867,12210.288
00bbac68_5868,12210.132
00bbac68_5869,12210.336
00bbac68_5870,12210.487
00bbac68_5871,12210.242
00bbac68_5872,12210.281
00bbac68_5873,12210.393
00bbac68_5874,12210.15
00bbac68_5875,12210.177
00bbac68_5876,12209.648
00bbac68_5877,12209.261
00bbac68_5878,12209.381
00bbac68_5879,12209.158
00bbac68_5880,12209.817
00bbac68_5881,12209.578
00bbac68_5882,12209.916
00bbac68_5883,12209.635
00bbac68_5884,12209.666
00bbac68_5885,12209.56
00bbac68_5886,12209.456
00bbac68_5887,12209.287
00bbac68_5888,12209.273
00bbac68_5889,12209.303
00bbac68_5890,12208.775
00bbac68_5891,12208.941
00bbac68_5892,12208.92
00bbac68_5893,12208.788
00bbac68_5894,12208.831
00bbac68_5895,12208.43
00bbac68_5896,12208.292
00bbac68_5897,12208.479
00bbac68_5898,12208.407
00bbac68_5899,12208.384
00bbac68_5900,12208.272
00bbac68_5901,12208.883
00bbac68_5902,12208.8125
00bbac68_5903,12208.976
00bbac68_5904,12208.901
00bbac68_5905,12208.926
00bbac68_5906,12208.89
00bbac68_5907,12208.762
00bbac68_5908,12208.604
00bbac68_5909,12208.421
00bbac68_5910,12208.405
00bbac68_5911,12208.445
00bbac68_5912,12208.374
00bbac68_5913,12208.474
00bbac68_5914,12208.694
00bbac68_5915,12208.563
00bbac68_5916,12208.424
00bbac68_5917,12208.313
00bbac68_5918,12208.419
00bbac68_5919,12208.149
00bbac68_5920,12208.088
00bbac68_5921,12208.132
00bbac68_5922,12207.983
00bbac68_5923,12208.04
00bbac68_5924,12207.843
00bbac68_5925,12207.969
00bbac68_5926,12208.062
00bbac68_5927,12207.863
00bbac68_5928,12207.8545
00bbac68_5929,12207.7705
00bbac68_5930,12207.826
00bbac68_5931,12207.911
00bbac68_5932,12207.652
00bbac68_5933,12207.852
00bbac68_5934,12207.745
00bbac68_5935,12207.956
00bbac68_5936,12207.634
00bbac68_5937,12207.436
00bbac68_5938,12207.436
00bbac68_5939,12207.2295
00bbac68_5940,12207.203
00bbac68_5941,12207.406
00bbac68_5942,12206.669
00bbac68_5943,12206.761
00bbac68_5944,12206.927
00bbac68_5945,12206.835
00bbac68_5946,12206.341
00bbac68_5947,12206.2
00bbac68_5948,12206.138
00bbac68_5949,12206.347
00bbac68_5950,12206.37
00bbac68_5951,12206.315
00bbac68_5952,12206.376
00bbac68_5953,12206.145
00bbac68_5954,12206.03
00bbac68_5955,12206.312
00bbac68_5956,12206.041
00bbac68_5957,12205.715
00bbac68_5958,12205.917
00bbac68_5959,12205.687
00bbac68_5960,12205.808
00bbac68_5961,12205.791
00bbac68_5962,12205.558
00bbac68_5963,12205.672
00bbac68_5964,12205.76
00bbac68_5965,12205.662
00bbac68_5966,12205.587
00bbac68_5967,12205.606
00bbac68_5968,12205.067
00bbac68_5969,12205.387
00bbac68_5970,12205.075
00bbac68_5971,12205.229
00bbac68_5972,12204.592
00bbac68_5973,12204.692
00bbac68_5974,12204.651
00bbac68_5975,12204.93
00bbac68_5976,12204.4795
00bbac68_5977,12204.804
00bbac68_5978,12204.464
00bbac68_5979,12204.715
00bbac68_5980,12204.576
00bbac68_5981,12204.688
00bbac68_5982,12204.633
00bbac68_5983,12204.697
00bbac68_5984,12204.807
00bbac68_5985,12204.775
00bbac68_5986,12204.102
00bbac68_5987,12204.332
00bbac68_5988,12203.684
00bbac68_5989,12203.785
00bbac68_5990,12203.539
00bbac68_5991,12203.754
00bbac68_5992,12203.7
00bbac68_5993,12203.753
00bbac68_5994,12203.816
00bbac68_5995,12203.692
00bbac68_5996,12203.575
00bbac68_5997,12203.606
00bbac68_5998,12203.239
00bbac68_5999,12203.031
00bbac68_6000,12202.882
00bbac68_6001,12202.728
00bbac68_6002,12202.806
00bbac68_6003,12202.826
00bbac68_6004,12202.894
00bbac68_6005,12202.863
00bbac68_6006,12202.598
00bbac68_6007,12202.901
00bbac68_6008,12202.703
00bbac68_6009,12203.008
00bbac68_6010,12202.612
00bbac68_6011,12202.915
00bbac68_6012,12202.55
00bbac68_6013,12202.558
00bbac68_6014,12202.611
00bbac68_6015,12202.524
00bbac68_6016,12202.472
00bbac68_6017,12202.506
00bbac68_6018,12202.535
00bbac68_6019,12202.513
00bbac68_6020,12202.26
00bbac68_6021,12202.538
00bbac68_6022,12202.235
00bbac68_6023,12202.463
00bbac68_6024,12202.352
00bbac68_6025,12202.457
00bbac68_6026,12202.241
00bbac68_6027,12202.312
00bbac68_6028,12202.455
00bbac68_6029,12202.502
00bbac68_6030,12202.483
00bbac68_6031,12202.534
00bbac68_6032,12202.586
00bbac68_6033,12202.634
00bbac68_6034,12202.746
00bbac68_6035,12202.503
00bbac68_6036,12202.624
00bbac68_6037,12202.361
00bbac68_6038,12202.376
00bbac68_6039,12202.325
00bbac68_6040,12202.378
00bbac68_6041,12202.32
00bbac68_6042,12202.229
00bbac68_6043,12202.084
00bbac68_6044,12201.941
00bbac68_6045,12201.889
00bbac68_6046,12201.947
00bbac68_6047,12201.652
00bbac68_6048,12201.995
00bbac68_6049,12201.741
00bbac68_6050,12201.984
00bbac68_6051,12201.4795
00bbac68_6052,12201.697
00bbac68_6053,12201.552
00bbac68_6054,12201.48
00bbac68_6055,12201.658
00bbac68_6056,12201.497
00bbac68_6057,12201.185
00bbac68_6058,12201.105
00bbac68_6059,12201.408
00bbac68_6060,12201.105
00bbac68_6061,12201.137
00bbac68_6062,12201.098
00bbac68_6063,12201.052
00bbac68_6064,12200.6875
00bbac68_6065,12201.009
00bbac68_6066,12200.843
00bbac68_6067,12200.834
00bbac68_6068,12200.7295
00bbac68_6069,12200.74
00bbac68_6070,12200.615
00bbac68_6071,12200.817
00bbac68_6072,12200.666
00bbac68_6073,12200.705
00bbac68_6074,12200.598
00bbac68_6075,12200.762
00bbac68_6076,12200.539
00bbac68_6077,12200.789
00bbac68_6078,12200.275
00bbac68_6079,12200.708
00bbac68_6080,12200.593
00bbac68_6081,12200.856
00bbac68_6082,12200.59
00bbac68_6083,12200.889
00bbac68_6084,12200.556
00bbac68_6085,12200.577
00bbac68_6086,12200.583
00bbac68_6087,12200.521
00bbac68_6088,12200.678
00bbac68_6089,12200.419
00bbac68_6090,12200.451
00bbac68_6091,12200.43
00bbac68_6092,12200.443
00bbac68_6093,12200.364
00bbac68_6094,12200.217
00bbac68_6095,12200.147
00bbac68_6096,12200.34
00bbac68_6097,12200.243
00bbac68_6098,12200.131
00bbac68_6099,12199.898
00bbac68_6100,12200.055
00bbac68_6101,12199.886
00bbac68_6102,12200.045
00bbac68_6103,12199.859
00bbac68_6104,12200.058
00bbac68_6105,12200.163
00bbac68_6106,12199.937
00bbac68_6107,12200.006
00bbac68_6108,12199.842
00bbac68_6109,12199.902
00bbac68_6110,12199.791
00bbac68_6111,12199.911
00bbac68_6112,12199.836
00bbac68_6113,12199.766
00bbac68_6114,12199.757
00bbac68_6115,12199.676
00bbac68_6116,12199.843
00bbac68_6117,12199.795
00bbac68_6118,12199.716
00bbac68_6119,12199.81
00bbac68_6120,12199.714
00bbac68_6121,12200.1
00bbac68_6122,12199.703
00bbac68_6123,12199.799
00bbac68_6124,12199.707
00bbac68_6125,12199.726
00bbac68_6126,12199.802
00bbac68_6127,12199.449
00bbac68_6128,12199.747
00bbac68_6129,12199.579
00bbac68_6130,12199.359
00bbac68_6131,12199.548
00bbac68_6132,12199.389
00bbac68_6133,12199.354
00bbac68_6134,12199.08
00bbac68_6135,12199.272
00bbac68_6136,12199.171
00bbac68_6137,12198.872
00bbac68_6138,12199.124
00bbac68_6139,12198.892
00bbac68_6140,12198.714
00bbac68_6141,12198.816
00bbac68_6142,12198.568
00bbac68_6143,12198.686
00bbac68_6144,12198.804
00bbac68_6145,12198.217
00bbac68_6146,12198.494
00bbac68_6147,12198.571
00bbac68_6148,12198.121
00bbac68_6149,12197.966
00bbac68_6150,12198.069
00bbac68_6151,12197.952
00bbac68_6152,12198.072
00bbac68_6153,12197.812
00bbac68_6154,12197.929
00bbac68_6155,12197.784
00bbac68_6156,12197.926
00bbac68_6157,12197.675
00bbac68_6158,12197.927
00bbac68_6159,12197.643
00bbac68_6160,12197.893
00bbac68_6161,12197.746
00bbac68_6162,12197.886
00bbac68_6163,12197.692
00bbac68_6164,12197.843
00bbac68_6165,12197.739
00bbac68_6166,12197.722
00bbac68_6167,12197.307
00bbac68_6168,12197.332
00bbac68_6169,12197.412
00bbac68_6170,12197.484
00bbac68_6171,12197.271
00bbac68_6172,12197.419
00bbac68_6173,12197.215
00bbac68_6174,12197.383
00bbac68_6175,12197.167
00bbac68_6176,12197.355
00bbac68_6177,12197.258
00bbac68_6178,12197.382
00bbac68_6179,12197.288
00bbac68_6180,12197.402
00bbac68_6181,12197.303
00bbac68_6182,12197.349
00bbac68_6183,12197.456
00bbac68_6184,12197.329
00bbac68_6185,12197.429
00bbac68_6186,12197.357
00bbac68_6187,12197.371
00bbac68_6188,12197.249
00bbac68_6189,12197.349
00bbac68_6190,12197.178
00bbac68_6191,12197.69
00bbac68_6192,12197.234
00bbac68_6193,12197.31
00bbac68_6194,12197.324
00bbac68_6195,12197.324
00bbac68_6196,12197.242
00bbac68_6197,12197.029
00bbac68_6198,12197.255
00bbac68_6199,12197.202
00bbac68_6200,12197.548
00bbac68_6201,12197.105
00bbac68_6202,12197.062
00bbac68_6203,12196.961
00bbac68_6204,12196.852
00bbac68_6205,12197.348
00bbac68_6206,12197.01
00bbac68_6207,12197.236
00bbac68_6208,12197.191
00bbac68_6209,12197.185
00bbac68_6210,12197.123
00bbac68_6211,12197.186
00bbac68_6212,12197.118
00bbac68_6213,12197.079
00bbac68_6214,12197.186
00bbac68_6215,12197.15
00bbac68_6216,12197.221
00bbac68_6217,12197.145
00bbac68_6218,12197.096
00bbac68_6219,12197.196
00bbac68_6220,12197.132
00bbac68_6221,12197.493
00bbac68_6222,12197.096
00bbac68_6223,12197.572
00bbac68_6224,12197.209
00bbac68_6225,12197.131
00bbac68_6226,12197.261
00bbac68_6227,12197.168
00bbac68_6228,12197.088
00bbac68_6229,12197.476
00bbac68_6230,12197.072
00bbac68_6231,12197.456
00bbac68_6232,12197.004
00bbac68_6233,12197.006
00bbac68_6234,12197.397
00bbac68_6235,12197.11
00bbac68_6236,12196.915
00bbac68_6237,12196.52
00bbac68_6238,12196.51
00bbac68_6239,12197.277
00bbac68_6240,12196.876
00bbac68_6241,12197.588
00bbac68_6242,12197.249
00bbac68_6243,12196.887
00bbac68_6244,12197.616
00bbac68_6245,12197.266
00bbac68_6246,12196.963
00bbac68_6247,12197.633
00bbac68_6248,12197.324
00bbac68_6249,12197.671
00bbac68_6250,12196.971
00bbac68_6251,12197.76
00bbac68_6252,12196.892
00bbac68_6253,12197.232
00bbac68_6254,12196.949
00bbac68_6255,12197.266
00bbac68_6256,12197.2295
00bbac68_6257,12196.95
00bbac68_6258,12197.228
00bbac68_6259,12197.225
00bbac68_6260,12197.351
00bbac68_6261,12196.549
00bbac68_6262,12197.226
00bbac68_6263,12197.349
00bbac68_6264,12197.228
00bbac68_6265,12197.228
00bbac68_6266,12197.199
00bbac68_6267,12197.35
00bbac68_6268,12197.229
00bbac68_6269,12197.228
00bbac68_6270,12197.366
00bbac68_6271,12197.225
00bbac68_6272,12197.189
00bbac68_6273,12197.164
00bbac68_6274,12197.319
00bbac68_6275,12197.378
00bbac68_6276,12197.14
00bbac68_6277,12197.19
00bbac68_6278,12197.419
00bbac68_6279,12197.499
00bbac68_6280,12197.293
00bbac68_6281,12197.467
00bbac68_6282,12197.371
00bbac68_6283,12197.397
00bbac68_6284,12197.572
00bbac68_6285,12197.202
00bbac68_6286,12197.785
00bbac68_6287,12197.542
00bbac68_6288,12197.669
00bbac68_6289,12197.657
00bbac68_6290,12197.48
00bbac68_6291,12197.569
00bbac68_6292,12197.281
00bbac68_6293,12197.11
00bbac68_6294,12197.321
00bbac68_6295,12197.302
00bbac68_6296,12197.306
00bbac68_6297,12197.29
00bbac68_6298,12197.304
00bbac68_6299,12197.118
00bbac68_6300,12197.379
00bbac68_6301,12197.328
00bbac68_6302,12197.342
00bbac68_6303,12197.325
00bbac68_6304,12197.342
00bbac68_6305,12197.299
00bbac68_6306,12197.303
00bbac68_6307,12197.342
00bbac68_6308,12197.325
00bbac68_6309,12197.339
00bbac68_6310,12197.324
00bbac68_6311,12197.154
00bbac68_6312,12197.295
00bbac68_6313,12197.339
00bbac68_6314,12197.157
00bbac68_6315,12197.327
00bbac68_6316,12197.371
00bbac68_6317,12197.185
00bbac68_6318,12197.329
00bbac68_6319,12197.15
00bbac68_6320,12197.286
00bbac68_6321,12197.122
00bbac68_6322,12197.259
00bbac68_6323,12197.117
00bbac68_6324,12196.859
00bbac68_6325,12196.905
00bbac68_6326,12196.916
00bbac68_6327,12196.613
00bbac68_6328,12196.916
00bbac68_6329,12196.848
00bbac68_6330,12196.994
00bbac68_6331,12197.003
00bbac68_6332,12196.814
00bbac68_6333,12196.988
00bbac68_6334,12196.848
00bbac68_6335,12197.018
00bbac68_6336,12197.004
00bbac68_6337,12197.002
00bbac68_6338,12197.0
00bbac68_6339,12197.03
00bbac68_6340,12197.013
00bbac68_6341,12196.833
00bbac68_6342,12196.916
00bbac68_6343,12196.921
00bbac68_6344,12196.969
00bbac68_6345,12196.851
00bbac68_6346,12196.991
00bbac68_6347,12197.05
00bbac68_6348,12196.987
00bbac68_6349,12196.997
00bbac68_6350,12196.741
00bbac68_6351,12196.796
00bbac68_6352,12196.967
00bbac68_6353,12196.953
00bbac68_6354,12197.024
00bbac68_6355,12197.011
00bbac68_6356,12197.038
00bbac68_6357,12197.016
00bbac68_6358,12197.193
00bbac68_6359,12197.218
00bbac68_6360,12197.221
00bbac68_6361,12197.231
00bbac68_6362,12197.24
00bbac68_6363,12197.237
00bbac68_6364,12197.239
00bbac68_6365,12197.242
00bbac68_6366,12197.244
00bbac68_6367,12197.241
00bbac68_6368,12197.259
00bbac68_6369,12197.245
00bbac68_6370,12197.27
00bbac68_6371,12197.247
00bbac68_6372,12197.25
00bbac68_6373,12197.247
00bbac68_6374,12197.269
00bbac68_6375,12197.305
00bbac68_6376,12197.247
00bbac68_6377,12197.244
00bbac68_6378,12197.256
00bbac68_6379,12197.025
00bbac68_6380,12197.263
00bbac68_6381,12197.213
00bbac68_6382,12197.212
00bbac68_6383,12197.0205
00bbac68_6384,12197.257
00bbac68_6385,12197.207
00bbac68_6386,12197.192
00bbac68_6387,12197.158
00bbac68_6388,12197.217
00bbac68_6389,12197.193
00bbac68_6390,12197.018
00bbac68_6391,12197.222
00bbac68_6392,12197.117
00bbac68_6393,12197.2295
00bbac68_6394,12197.185
00bbac68_6395,12197.118
00bbac68_6396,12197.214
00bbac68_6397,12196.993
00bbac68_6398,12197.252
00bbac68_6399,12196.993
00bbac68_6400,12197.218
00bbac68_6401,12197.131
00bbac68_6402,12197.212
00bbac68_6403,12197.131
00bbac68_6404,12197.236
00bbac68_6405,12196.995
00bbac68_6406,12197.227
00bbac68_6407,12197.001
00bbac68_6408,12197.154
00bbac68_6409,12197.36
00bbac68_6410,12197.108
00bbac68_6411,12197.366
00bbac68_6412,12197.103
00bbac68_6413,12197.25
00bbac68_6414,12197.067
00bbac68_6415,12197.097
00bbac68_6416,12197.257
00bbac68_6417,12197.357
00bbac68_6418,12197.314
00bbac68_6419,12197.232
00bbac68_6420,12197.396
00bbac68_6421,12197.135
00bbac68_6422,12197.137
00bbac68_6423,12197.385
00bbac68_6424,12197.112
00bbac68_6425,12197.271
00bbac68_6426,12197.35
00bbac68_6427,12197.219
00bbac68_6428,12197.107
00bbac68_6429,12197.35
00bbac68_6430,12197.218
00bbac68_6431,12196.978
00bbac68_6432,12197.397
00bbac68_6433,12197.118
00bbac68_6434,12197.391
00bbac68_6435,12197.26
00bbac68_6436,12197.139
00bbac68_6437,12197.394
00bbac68_6438,12197.317
00bbac68_6439,12197.585
00bbac68_6440,12197.624
00bbac68_6441,12197.3545
00bbac68_6442,12197.626
00bbac68_6443,12197.453
00bbac68_6444,12197.848
00bbac68_6445,12197.921
00bbac68_6446,12197.683
00bbac68_6447,12198.064
00bbac68_6448,12197.687
00bbac68_6449,12197.872
00bbac68_6450,12197.692
00bbac68_6451,12197.769
00bbac68_6452,12197.863
00bbac68_6453,12197.563
00bbac68_6454,12197.819
00bbac68_6455,12197.563
00bbac68_6456,12197.814
00bbac68_6457,12197.612
00bbac68_6458,12197.699
00bbac68_6459,12197.797
00bbac68_6460,12197.536
00bbac68_6461,12197.798
00bbac68_6462,12197.537
00bbac68_6463,12197.798
00bbac68_6464,12197.559
00bbac68_6465,12197.552
00bbac68_6466,12197.748
00bbac68_6467,12198.0
00bbac68_6468,12197.881
00bbac68_6469,12197.996
00bbac68_6470,12197.708
00bbac68_6471,12197.97
00bbac68_6472,12197.759
00bbac68_6473,12198.022
00bbac68_6474,12197.783
00bbac68_6475,12198.034
00bbac68_6476,12197.789
00bbac68_6477,12197.916
00bbac68_6478,12197.797
00bbac68_6479,12197.924
00bbac68_6480,12197.826
00bbac68_6481,12197.921
00bbac68_6482,12197.51
00bbac68_6483,12197.931
00bbac68_6484,12197.701
00bbac68_6485,12197.941
00bbac68_6486,12197.696
00bbac68_6487,12197.936
00bbac68_6488,12197.886
00bbac68_6489,12197.688
00bbac68_6490,12197.933
00bbac68_6491,12197.689
00bbac68_6492,12197.91
00bbac68_6493,12197.662
00bbac68_6494,12197.794
00bbac68_6495,12197.766
00bbac68_6496,12197.564
00bbac68_6497,12197.812
00bbac68_6498,12197.563
00bbac68_6499,12197.935
00bbac68_6500,12197.56
00bbac68_6501,12197.795
00bbac68_6502,12197.767
00bbac68_6503,12197.562
00bbac68_6504,12197.816
00bbac68_6505,12197.695
00bbac68_6506,12197.93
00bbac68_6507,12197.78
00bbac68_6508,12197.695
00bbac68_6509,12197.94
00bbac68_6510,12197.891
00bbac68_6511,12197.672
00bbac68_6512,12197.815
00bbac68_6513,12197.549
00bbac68_6514,12197.816
00bbac68_6515,12197.797
00bbac68_6516,12197.599
00bbac68_6517,12197.432
00bbac68_6518,12197.656
00bbac68_6519,12197.617
00bbac68_6520,12197.679
00bbac68_6521,12197.647
00bbac68_6522,12197.4795
00bbac68_6523,12197.678
00bbac68_6524,12197.676
00bbac68_6525,12197.656
00bbac68_6526,12197.631
00bbac68_6527,12197.704
00bbac68_6528,12197.668
00bbac68_6529,12197.658
00bbac68_6530,12197.693
00bbac68_6531,12197.681
00bbac68_6532,12197.693
00bbac68_6533,12197.531
00bbac68_6534,12197.736
00bbac68_6535,12197.708
00bbac68_6536,12197.687
00bbac68_6537,12197.745
00bbac68_6538,12197.645
00bbac68_6539,12197.861
00bbac68_6540,12197.864
00bbac68_6541,12197.71
00bbac68_6542,12197.897
00bbac68_6543,12197.851
00bbac68_6544,12197.876
00bbac68_6545,12197.711
00bbac68_6546,12197.951
00bbac68_6547,12197.884
00bbac68_6548,12197.888
00bbac68_6549,12197.884
00bbac68_6550,12197.729
00bbac68_6551,12197.902
00bbac68_6552,12197.886
00bbac68_6553,12197.891
00bbac68_6554,12197.875
00bbac68_6555,12197.899
00bbac68_6556,12197.735
00bbac68_6557,12197.911
00bbac68_6558,12197.882
00bbac68_6559,12197.889
00bbac68_6560,12197.991
00bbac68_6561,12197.994
00bbac68_6562,12197.987
00bbac68_6563,12198.136
00bbac68_6564,12197.855
00bbac68_6565,12198.037
00bbac68_6566,12197.867
00bbac68_6567,12197.87
00bbac68_6568,12197.858
00bbac68_6569,12197.847
00bbac68_6570,12197.857
00bbac68_6571,12197.887
00bbac68_6572,12197.862
00bbac68_6573,12197.873
00bbac68_6574,12197.872
00bbac68_6575,12197.77
00bbac68_6576,12197.892
00bbac68_6577,12197.855
00bbac68_6578,12197.833
00bbac68_6579,12197.87
00bbac68_6580,12197.859
00bbac68_6581,12197.862
00bbac68_6582,12197.857
00bbac68_6583,12197.964
00bbac68_6584,12198.092
00bbac68_6585,12198.116
00bbac68_6586,12198.113
00bbac68_6587,12198.127
00bbac68_6588,12198.132
00bbac68_6589,12198.135
00bbac68_6590,12198.228
00bbac68_6591,12198.253
00bbac68_6592,12198.271
00bbac68_6593,12198.2705
00bbac68_6594,12198.294
00bbac68_6595,12198.255
00bbac68_6596,12198.281
00bbac68_6597,12198.278
00bbac68_6598,12198.059
00bbac68_6599,12198.269
00bbac68_6600,12198.194
00bbac68_6601,12198.237
00bbac68_6602,12198.281
00bbac68_6603,12198.362
00bbac68_6604,12198.355
00bbac68_6605,12198.395
00bbac68_6606,12198.403
00bbac68_6607,12198.405
00bbac68_6608,12198.395
00bbac68_6609,12198.4795
00bbac68_6610,12198.449
00bbac68_6611,12198.463
00bbac68_6612,12198.369
00bbac68_6613,12198.38
00bbac68_6614,12198.394
00bbac68_6615,12198.432
00bbac68_6616,12198.407
00bbac68_6617,12198.426
00bbac68_6618,12198.492
00bbac68_6619,12198.233
00bbac68_6620,12198.413
00bbac68_6621,12198.38
00bbac68_6622,12198.385
00bbac68_6623,12198.341
00bbac68_6624,12198.399
00bbac68_6625,12198.16
00bbac68_6626,12198.303
00bbac68_6627,12198.357
00bbac68_6628,12198.334
00bbac68_6629,12198.34
00bbac68_6630,12198.336
00bbac68_6631,12198.101
00bbac68_6632,12198.282
00bbac68_6633,12198.325
00bbac68_6634,12198.32
00bbac68_6635,12198.105
00bbac68_6636,12198.3125
00bbac68_6637,12198.318
00bbac68_6638,12198.328
00bbac68_6639,12198.325
00bbac68_6640,12198.417
00bbac68_6641,12198.482
00bbac68_6642,12198.514
00bbac68_6643,12198.304
00bbac68_6644,12198.484
00bbac68_6645,12198.675
00bbac68_6646,12198.652
00bbac68_6647,12198.443
00bbac68_6648,12198.627
00bbac68_6649,12198.647
00bbac68_6650,12198.4375
00bbac68_6651,12198.685
00bbac68_6652,12198.749
00bbac68_6653,12198.696
00bbac68_6654,12198.427
00bbac68_6655,12198.78
00bbac68_6656,12198.631
00bbac68_6657,12198.425
00bbac68_6658,12198.626
00bbac68_6659,12198.63
00bbac68_6660,12198.421
00bbac68_6661,12198.624
00bbac68_6662,12198.627
00bbac68_6663,12198.425
00bbac68_6664,12198.625
00bbac68_6665,12198.418
00bbac68_6666,12198.633
00bbac68_6667,12198.658
00bbac68_6668,12198.406
00bbac68_6669,12198.602
00bbac68_6670,12198.64
00bbac68_6671,12198.407
00bbac68_6672,12198.546
00bbac68_6673,12198.49
00bbac68_6674,12198.563
00bbac68_6675,12198.311
00bbac68_6676,12198.542
00bbac68_6677,12198.584
00bbac68_6678,12198.335
00bbac68_6679,12198.54
00bbac68_6680,12198.334
00bbac68_6681,12198.552
00bbac68_6682,12198.478
00bbac68_6683,12198.522
00bbac68_6684,12198.554
00bbac68_6685,12198.479
00bbac68_6686,12198.542
00bbac68_6687,12198.325
00bbac68_6688,12198.478
00bbac68_6689,12198.281
00bbac68_6690,12198.486
00bbac68_6691,12198.415
00bbac68_6692,12198.484
00bbac68_6693,12198.326
00bbac68_6694,12198.59
00bbac68_6695,12198.553
00bbac68_6696,12198.666
00bbac68_6697,12198.473
00bbac68_6698,12198.706
00bbac68_6699,12198.517
00bbac68_6700,12198.682
00bbac68_6701,12199.374
00bbac68_6702,12199.165
00bbac68_6703,12199.389
00bbac68_6704,12199.425
00bbac68_6705,12199.496
00bbac68_6706,12199.3125
00bbac68_6707,12199.513
00bbac68_6708,12199.314
00bbac68_6709,12199.28
00bbac68_6710,12199.553
00bbac68_6711,12199.364
00bbac68_6712,12199.592
00bbac68_6713,12199.51
00bbac68_6714,12199.341
00bbac68_6715,12199.587
00bbac68_6716,12199.364
00bbac68_6717,12199.411
00bbac68_6718,12199.511
00bbac68_6719,12199.292
00bbac68_6720,12199.41
00bbac68_6721,12199.52
00bbac68_6722,12199.293
00bbac68_6723,12199.409
00bbac68_6724,12199.519
00bbac68_6725,12199.294
00bbac68_6726,12199.377
00bbac68_6727,12199.24
00bbac68_6728,12199.3125
00bbac68_6729,12199.387
00bbac68_6730,12199.211
00bbac68_6731,12199.473
00bbac68_6732,12199.248
00bbac68_6733,12199.363
00bbac68_6734,12199.228
00bbac68_6735,12199.453
00bbac68_6736,12199.3955
00bbac68_6737,12199.1875
00bbac68_6738,12199.174
00bbac68_6739,12199.313
00bbac68_6740,12199.417
00bbac68_6741,12199.211
00bbac68_6742,12199.177
00bbac68_6743,12199.319
00bbac68_6744,12199.175
00bbac68_6745,12199.163
00bbac68_6746,12199.746
00bbac68_6747,12199.545
00bbac68_6748,12199.51
00bbac68_6749,12199.648
00bbac68_6750,12199.675
00bbac68_6751,12199.746
00bbac68_6752,12199.909
00bbac68_6753,12199.997
00bbac68_6754,12199.955
00bbac68_6755,12199.932
00bbac68_6756,12200.055
00bbac68_6757,12200.141
00bbac68_6758,12200.139
00bbac68_6759,12200.292
00bbac68_6760,12200.149
00bbac68_6761,12200.143
00bbac68_6762,12200.136
00bbac68_6763,12200.287
00bbac68_6764,12200.095
00bbac68_6765,12200.137
00bbac68_6766,12200.284
00bbac68_6767,12200.15
00bbac68_6768,12200.496
00bbac68_6769,12200.496
00bbac68_6770,12200.806
00bbac68_6771,12200.67
00bbac68_6772,12200.657
00bbac68_6773,12200.795
00bbac68_6774,12200.655
00bbac68_6775,12200.78
00bbac68_6776,12200.806
00bbac68_6777,12201.084
00bbac68_6778,12201.022
00bbac68_6779,12201.02
00bbac68_6780,12201.173
00bbac68_6781,12201.072
00bbac68_6782,12201.072
00bbac68_6783,12201.185
00bbac68_6784,12201.343
00bbac68_6785,12201.166
00bbac68_6786,12201.168
00bbac68_6787,12201.476
00bbac68_6788,12201.298
00bbac68_6789,12201.295
00bbac68_6790,12201.288
00bbac68_6791,12200.96
00bbac68_6792,12200.84
00bbac68_6793,12200.889
00bbac68_6794,12201.082
00bbac68_6795,12200.947
00bbac68_6796,12200.964
00bbac68_6797,12200.917
00bbac68_6798,12201.062
00bbac68_6799,12200.919
00bbac68_6800,12200.959
00bbac68_6801,12200.931
00bbac68_6802,12201.066
00bbac68_6803,12200.925
00bbac68_6804,12200.936
00bbac68_6805,12200.918
00bbac68_6806,12201.01
00bbac68_6807,12201.155
00bbac68_6808,12201.131
00bbac68_6809,12201.322
00bbac68_6810,12201.174
00bbac68_6811,12201.173
00bbac68_6812,12201.321
00bbac68_6813,12201.187
00bbac68_6814,12201.156
00bbac68_6815,12201.18
00bbac68_6816,12201.277
00bbac68_6817,12201.141
00bbac68_6818,12201.155
00bbac68_6819,12201.302
00bbac68_6820,12201.126
00bbac68_6821,12201.14
00bbac68_6822,12201.11
00bbac68_6823,12201.264
00bbac68_6824,12201.116
00bbac68_6825,12201.276
00bbac68_6826,12201.436
00bbac68_6827,12201.307
00bbac68_6828,12201.319
00bbac68_6829,12201.44
00bbac68_6830,12201.577
00bbac68_6831,12201.471
00bbac68_6832,12201.39
00bbac68_6833,12201.553
00bbac68_6834,12201.418
00bbac68_6835,12201.4
00bbac68_6836,12201.396
00bbac68_6837,12201.566
00bbac68_6838,12201.442
00bbac68_6839,12201.679
00bbac68_6840,12201.809
00bbac68_6841,12201.692
00bbac68_6842,12201.708
00bbac68_6843,12201.705
00bbac68_6844,12201.85
00bbac68_6845,12201.674
00bbac68_6846,12201.687
00bbac68_6847,12201.938
00bbac68_6848,12201.823
00bbac68_6849,12201.806
00bbac68_6850,12201.976
00bbac68_6851,12201.806
00bbac68_6852,12201.845
00bbac68_6853,12201.861
00bbac68_6854,12201.972
00bbac68_6855,12201.839
00bbac68_6856,12201.848
00bbac68_6857,12201.968
00bbac68_6858,12201.846
00bbac68_6859,12201.827
00bbac68_6860,12201.829
00bbac68_6861,12202.0205
00bbac68_6862,12201.915
00bbac68_6863,12201.973
00bbac68_6864,12202.119
00bbac68_6865,12202.152
00bbac68_6866,12202.195
00bbac68_6867,12202.2
00bbac68_6868,12202.259
00bbac68_6869,12202.233
00bbac68_6870,12202.262
00bbac68_6871,12202.252
00bbac68_6872,12202.324
00bbac68_6873,12202.432
00bbac68_6874,12202.411
00bbac68_6875,12202.355
00bbac68_6876,12202.386
00bbac68_6877,12202.389
00bbac68_6878,12202.35
00bbac68_6879,12202.421
00bbac68_6880,12202.417
00bbac68_6881,12202.462
00bbac68_6882,12202.413
00bbac68_6883,12202.459
00bbac68_6884,12202.447
00bbac68_6885,12202.451
00bbac68_6886,12202.499
00bbac68_6887,12202.553
00bbac68_6888,12202.502
00bbac68_6889,12202.533
00bbac68_6890,12202.536
00bbac68_6891,12202.532
00bbac68_6892,12202.551
00bbac68_6893,12202.528
00bbac68_6894,12202.559
00bbac68_6895,12202.573
00bbac68_6896,12202.63
00bbac68_6897,12202.625
00bbac68_6898,12202.633
00bbac68_6899,12202.621
00bbac68_6900,12202.621
00bbac68_6901,12202.392
00bbac68_6902,12202.424
00bbac68_6903,12202.42
00bbac68_6904,12202.39
00bbac68_6905,12202.392
00bbac68_6906,12202.391
00bbac68_6907,12202.364
00bbac68_6908,12202.366
00bbac68_6909,12202.364
00bbac68_6910,12202.482
00bbac68_6911,12202.474
00bbac68_6912,12202.62
00bbac68_6913,12202.618
00bbac68_6914,12202.635
00bbac68_6915,12202.636
00bbac68_6916,12202.74
00bbac68_6917,12202.76
00bbac68_6918,12202.758
00bbac68_6919,12202.751
00bbac68_6920,12202.789
00bbac68_6921,12202.787
00bbac68_6922,12202.796
00bbac68_6923,12202.811
00bbac68_6924,12202.968
00bbac68_6925,12202.863
00bbac68_6926,12202.784
00bbac68_6927,12202.819
00bbac68_6928,12202.821
00bbac68_6929,12202.804
00bbac68_6930,12202.956
00bbac68_6931,12202.886
00bbac68_6932,12202.842
00bbac68_6933,12202.864
00bbac68_6934,12203.059
00bbac68_6935,12203.102
00bbac68_6936,12203.092
00bbac68_6937,12203.113
00bbac68_6938,12203.123
00bbac68_6939,12203.27
00bbac68_6940,12203.481
00bbac68_6941,12203.37
00bbac68_6942,12203.348
00bbac68_6943,12203.536
00bbac68_6944,12203.396
00bbac68_6945,12203.37
00bbac68_6946,12203.368
00bbac68_6947,12203.443
00bbac68_6948,12203.441
00bbac68_6949,12203.407
00bbac68_6950,12203.482
00bbac68_6951,12203.413
00bbac68_6952,12203.332
00bbac68_6953,12203.409
00bbac68_6954,12203.373
00bbac68_6955,12203.341
00bbac68_6956,12203.555
00bbac68_6957,12203.42
00bbac68_6958,12203.439
00bbac68_6959,12203.417
00bbac68_6960,12203.549
00bbac68_6961,12203.598
00bbac68_6962,12203.91
00bbac68_6963,12204.069
00bbac68_6964,12203.8955
00bbac68_6965,12204.165
00bbac68_6966,12204.046
00bbac68_6967,12204.049
00bbac68_6968,12204.047
00bbac68_6969,12204.472
00bbac68_6970,12204.291
00bbac68_6971,12204.412
00bbac68_6972,12204.307
00bbac68_6973,12204.345
00bbac68_6974,12204.382
00bbac68_6975,12204.541
00bbac68_6976,12204.794
00bbac68_6977,12204.988
00bbac68_6978,12204.785
00bbac68_6979,12204.295
00bbac68_6980,12204.55
00bbac68_6981,12204.552
00bbac68_6982,12204.738
00bbac68_6983,12204.585
00bbac68_6984,12204.608
00bbac68_6985,12204.615
00bbac68_6986,12204.773
00bbac68_6987,12204.632
00bbac68_6988,12205.238
00bbac68_6989,12205.388
00bbac68_6990,12205.288
00bbac68_6991,12205.244
00bbac68_6992,12205.229
00bbac68_6993,12205.365
00bbac68_6994,12205.177
00bbac68_6995,12205.2
00bbac68_6996,12205.398
00bbac68_6997,12205.21
00bbac68_6998,12205.198
00bbac68_6999,12205.379
00bbac68_7000,12205.176
00bbac68_7001,12205.235
00bbac68_7002,12205.416
00bbac68_7003,12205.195
00bbac68_7004,12205.353
00bbac68_7005,12205.367
00bbac68_7006,12205.188
00bbac68_7007,12205.129
00bbac68_7008,12205.271
00bbac68_7009,12205.141
00bbac68_7010,12205.089
00bbac68_7011,12205.15
00bbac68_7012,12205.304
00bbac68_7013,12205.291
00bbac68_7014,12205.093
00bbac68_7015,12205.273
00bbac68_7016,12205.3545
00bbac68_7017,12205.208
00bbac68_7018,12205.3955
00bbac68_7019,12205.219
00bbac68_7020,12205.381
00bbac68_7021,12205.408
00bbac68_7022,12205.297
00bbac68_7023,12205.407
00bbac68_7024,12205.392
00bbac68_7025,12205.562
00bbac68_7026,12205.533
00bbac68_7027,12205.365
00bbac68_7028,12205.65
00bbac68_7029,12205.552
00bbac68_7030,12205.538
00bbac68_7031,12205.697
00bbac68_7032,12205.602
00bbac68_7033,12205.702
00bbac68_7034,12205.732
00bbac68_7035,12205.611
00bbac68_7036,12205.56
00bbac68_7037,12205.581
00bbac68_7038,12205.685
00bbac68_7039,12205.683
00bbac68_7040,12205.551
00bbac68_7041,12205.697
00bbac68_7042,12205.443
00bbac68_7043,12205.486
00bbac68_7044,12205.72
00bbac68_7045,12205.532
00bbac68_7046,12205.6875
00bbac68_7047,12205.717
00bbac68_7048,12205.599
00bbac68_7049,12205.72
00bbac68_7050,12205.774
00bbac68_7051,12205.8545
00bbac68_7052,12205.897
00bbac68_7053,12205.746
00bbac68_7054,12205.373
00bbac68_7055,12205.739
00bbac68_7056,12205.889
00bbac68_7057,12205.404
00bbac68_7058,12205.323
00bbac68_7059,12205.444
00bbac68_7060,12205.272
00bbac68_7061,12205.417
00bbac68_7062,12205.453
00bbac68_7063,12205.504
00bbac68_7064,12205.495
00bbac68_7065,12205.369
00bbac68_7066,12205.448
00bbac68_7067,12205.464
00bbac68_7068,12205.473
00bbac68_7069,12205.619
00bbac68_7070,12205.52
00bbac68_7071,12206.14
00bbac68_7072,12206.098
00bbac68_7073,12206.053
00bbac68_7074,12206.199
00bbac68_7075,12206.092
00bbac68_7076,12206.275
00bbac68_7077,12206.156
00bbac68_7078,12206.281
00bbac68_7079,12206.311
00bbac68_7080,12206.166
00bbac68_7081,12206.116
00bbac68_7082,12206.158
00bbac68_7083,12206.377
00bbac68_7084,12206.363
00bbac68_7085,12206.302
00bbac68_7086,12206.411
00bbac68_7087,12206.292
00bbac68_7088,12206.412
00bbac68_7089,12206.427
00bbac68_7090,12206.276
00bbac68_7091,12206.443
00bbac68_7092,12206.338
00bbac68_7093,12206.485
00bbac68_7094,12206.324
00bbac68_7095,12206.4375
00bbac68_7096,12206.425
00bbac68_7097,12206.29
00bbac68_7098,12206.437
00bbac68_7099,12206.454
00bbac68_7100,12206.421
00bbac68_7101,12206.407
00bbac68_7102,12206.288
00bbac68_7103,12206.408
00bbac68_7104,12206.288
00bbac68_7105,12206.408
00bbac68_7106,12206.288
00bbac68_7107,12206.424
00bbac68_7108,12206.362
00bbac68_7109,12206.217
00bbac68_7110,12206.364
00bbac68_7111,12206.217
00bbac68_7112,12206.401
00bbac68_7113,12206.236
00bbac68_7114,12206.143
00bbac68_7115,12206.261
00bbac68_7116,12206.151
00bbac68_7117,12206.089
00bbac68_7118,12206.152
00bbac68_7119,12206.299
00bbac68_7120,12206.347
00bbac68_7121,12206.54
00bbac68_7122,12206.693
00bbac68_7123,12206.569
00bbac68_7124,12206.7295
00bbac68_7125,12206.781
00bbac68_7126,12206.599
00bbac68_7127,12206.744
00bbac68_7128,12206.596
00bbac68_7129,12206.742
00bbac68_7130,12206.804
00bbac68_7131,12206.784
00bbac68_7132,12206.903
00bbac68_7133,12206.718
00bbac68_7134,12206.86
00bbac68_7135,12206.904
00bbac68_7136,12206.94
00bbac68_7137,12206.925
00bbac68_7138,12206.8
00bbac68_7139,12206.947
00bbac68_7140,12206.889
00bbac68_7141,12206.799
00bbac68_7142,12206.973
00bbac68_7143,12206.921
00bbac68_7144,12207.053
00bbac68_7145,12206.915
00bbac68_7146,12207.085
00bbac68_7147,12206.643
00bbac68_7148,12206.457
00bbac68_7149,12206.596
00bbac68_7150,12206.487
00bbac68_7151,12206.627
00bbac68_7152,12206.512
00bbac68_7153,12206.51
00bbac68_7154,12206.571
00bbac68_7155,12206.533
00bbac68_7156,12206.73
00bbac68_7157,12206.782
00bbac68_7158,12206.964
00bbac68_7159,12206.798
00bbac68_7160,12206.709
00bbac68_7161,12206.94
00bbac68_7162,12206.774
00bbac68_7163,12206.99
00bbac68_7164,12206.767
00bbac68_7165,12206.728
00bbac68_7166,12206.903
00bbac68_7167,12206.733
00bbac68_7168,12206.93
00bbac68_7169,12206.743
00bbac68_7170,12207.003
00bbac68_7171,12206.795
00bbac68_7172,12206.79
00bbac68_7173,12206.774
00bbac68_7174,12206.741
00bbac68_7175,12207.025
00bbac68_7176,12207.006
00bbac68_7177,12206.824
00bbac68_7178,12206.837
00bbac68_7179,12206.711
00bbac68_7180,12206.972
00bbac68_7181,12207.098
00bbac68_7182,12206.995
00bbac68_7183,12207.132
00bbac68_7184,12206.934
00bbac68_7185,12207.084
00bbac68_7186,12207.037
00bbac68_7187,12207.03
00bbac68_7188,12207.135
00bbac68_7189,12207.052
00bbac68_7190,12207.038
00bbac68_7191,12207.177
00bbac68_7192,12207.073
00bbac68_7193,12207.077
00bbac68_7194,12207.313
00bbac68_7195,12207.515
00bbac68_7196,12207.333
00bbac68_7197,12207.496
00bbac68_7198,12207.503
00bbac68_7199,12207.345
00bbac68_7200,12207.496
00bbac68_7201,12207.5205
00bbac68_7202,12207.34
00bbac68_7203,12207.486
00bbac68_7204,12207.34
00bbac68_7205,12207.496
00bbac68_7206,12207.537
00bbac68_7207,12207.38
00bbac68_7208,12207.508
00bbac68_7209,12207.364
00bbac68_7210,12207.684
00bbac68_7211,12207.532
00bbac68_7212,12207.511
00bbac68_7213,12207.793
00bbac68_7214,12207.615
00bbac68_7215,12207.78
00bbac68_7216,12207.632
00bbac68_7217,12207.52
00bbac68_7218,12207.546
00bbac68_7219,12207.676
00bbac68_7220,12207.513
00bbac68_7221,12207.686
00bbac68_7222,12207.533
00bbac68_7223,12207.686
00bbac68_7224,12207.736
00bbac68_7225,12207.534
00bbac68_7226,12207.753
00bbac68_7227,12207.644
00bbac68_7228,12207.617
00bbac68_7229,12207.6455
00bbac68_7230,12207.589
00bbac68_7231,12207.803
00bbac68_7232,12207.711
00bbac68_7233,12207.715
00bbac68_7234,12207.713
00bbac68_7235,12207.875
00bbac68_7236,12207.787
00bbac68_7237,12207.68
00bbac68_7238,12208.155
00bbac68_7239,12208.262
00bbac68_7240,12208.247
00bbac68_7241,12208.21
00bbac68_7242,12208.352
00bbac68_7243,12208.226
00bbac68_7244,12208.234
00bbac68_7245,12208.261
00bbac68_7246,12208.372
00bbac68_7247,12208.27
00bbac68_7248,12208.287
00bbac68_7249,12208.316
00bbac68_7250,12208.2705
00bbac68_7251,12208.399
00bbac68_7252,12208.352
00bbac68_7253,12208.49
00bbac68_7254,12208.643
00bbac68_7255,12208.379
00bbac68_7256,12208.349
00bbac68_7257,12208.706
00bbac68_7258,12208.67
00bbac68_7259,12208.685
00bbac68_7260,12208.675
00bbac68_7261,12208.701
00bbac68_7262,12208.668
00bbac68_7263,12208.711
00bbac68_7264,12208.701
00bbac68_7265,12208.754
00bbac68_7266,12208.762
00bbac68_7267,12208.769
00bbac68_7268,12208.757
00bbac68_7269,12208.9
00bbac68_7270,12208.779
00bbac68_7271,12208.713
00bbac68_7272,12208.698
00bbac68_7273,12208.602
00bbac68_7274,12208.602
00bbac68_7275,12208.595
00bbac68_7276,12208.744
00bbac68_7277,12208.616
00bbac68_7278,12208.576
00bbac68_7279,12208.753
00bbac68_7280,12208.689
00bbac68_7281,12208.662
00bbac68_7282,12208.758
00bbac68_7283,12208.707
00bbac68_7284,12208.807
00bbac68_7285,12208.887
00bbac68_7286,12208.784
00bbac68_7287,12208.902
00bbac68_7288,12208.859
00bbac68_7289,12208.933
00bbac68_7290,12208.939
00bbac68_7291,12208.936
00bbac68_7292,12209.0
00bbac68_7293,12208.985
00bbac68_7294,12208.95
00bbac68_7295,12209.02
00bbac68_7296,12208.996
00bbac68_7297,12208.928
00bbac68_7298,12209.049
00bbac68_7299,12208.991
00bbac68_7300,12208.987
00bbac68_7301,12209.43
00bbac68_7302,12209.387
00bbac68_7303,12209.59
00bbac68_7304,12209.583
00bbac68_7305,12209.676
00bbac68_7306,12209.649
00bbac68_7307,12209.578
00bbac68_7308,12209.654
00bbac68_7309,12209.595
00bbac68_7310,12209.578
00bbac68_7311,12209.713
00bbac68_7312,12209.578
00bbac68_7313,12209.635
00bbac68_7314,12209.733
00bbac68_7315,12209.746
00bbac68_7316,12209.711
00bbac68_7317,12209.695
00bbac68_7318,12209.798
00bbac68_7319,12209.892
00bbac68_7320,12209.88
00bbac68_7321,12209.983
00bbac68_7322,12209.926
00bbac68_7323,12209.887
00bbac68_7324,12209.974
00bbac68_7325,12209.895
00bbac68_7326,12209.863
00bbac68_7327,12209.879
00bbac68_7328,12209.954
00bbac68_7329,12209.94
00bbac68_7330,12209.908
00bbac68_7331,12210.015
00bbac68_7332,12209.912
00bbac68_7333,12209.883
00bbac68_7334,12210.019
00bbac68_7335,12209.953
00bbac68_7336,12210.154
00bbac68_7337,12210.113
00bbac68_7338,12210.117
00bbac68_7339,12210.386
00bbac68_7340,12210.415
00bbac68_7341,12210.454
00bbac68_7342,12210.426
00bbac68_7343,12210.517
00bbac68_7344,12210.523
00bbac68_7345,12210.82
00bbac68_7346,12210.781
00bbac68_7347,12210.759
00bbac68_7348,12210.807
00bbac68_7349,12210.82
00bbac68_7350,12210.928
00bbac68_7351,12210.935
00bbac68_7352,12210.926
00bbac68_7353,12210.989
00bbac68_7354,12210.904
00bbac68_7355,12210.875
00bbac68_7356,12210.85
00bbac68_7357,12210.965
00bbac68_7358,12210.892
00bbac68_7359,12210.895
00bbac68_7360,12211.005
00bbac68_7361,12210.922
00bbac68_7362,12210.891
00bbac68_7363,12210.868
00bbac68_7364,12210.925
00bbac68_7365,12210.891
00bbac68_7366,12210.886
00bbac68_7367,12210.945
00bbac68_7368,12210.955
00bbac68_7369,12210.933
00bbac68_7370,12210.927
00bbac68_7371,12211.001
00bbac68_7372,12211.044
00bbac68_7373,12211.105
00bbac68_7374,12211.083
00bbac68_7375,12211.06
00bbac68_7376,12211.0625
00bbac68_7377,12211.015
00bbac68_7378,12211.09
00bbac68_7379,12211.066
00bbac68_7380,12211.063
00bbac68_7381,12211.162
00bbac68_7382,12211.099
00bbac68_7383,12211.056
00bbac68_7384,12211.045
00bbac68_7385,12211.154
00bbac68_7386,12211.09
00bbac68_7387,12211.106
00bbac68_7388,12211.114
00bbac68_7389,12211.133
00bbac68_7390,12211.175
00bbac68_7391,12211.147
00bbac68_7392,12211.174
00bbac68_7393,12211.505
00bbac68_7394,12211.481
00bbac68_7395,12211.439
00bbac68_7396,12211.563
00bbac68_7397,12211.488
00bbac68_7398,12211.492
00bbac68_7399,12211.49
00bbac68_7400,12211.468
00bbac68_7401,12211.559
00bbac68_7402,12211.496
00bbac68_7403,12211.505
00bbac68_7404,12211.495
00bbac68_7405,12211.769
00bbac68_7406,12211.827
00bbac68_7407,12212.013
00bbac68_7408,12211.981
00bbac68_7409,12211.986
00bbac68_7410,12212.026
00bbac68_7411,12211.981
00bbac68_7412,12211.985
00bbac68_7413,12211.916
00bbac68_7414,12212.011
00bbac68_7415,12212.016
00bbac68_7416,12211.978
00bbac68_7417,12212.024
00bbac68_7418,12212.031
00bbac68_7419,12212.016
00bbac68_7420,12212.036
00bbac68_7421,12212.134
00bbac68_7422,12212.109
00bbac68_7423,12214.426
00bbac68_7424,12214.408
00bbac68_7425,12214.4375
00bbac68_7426,12214.44
00bbac68_7427,12214.189
00bbac68_7428,12214.172
00bbac68_7429,12214.206
00bbac68_7430,12214.162
00bbac68_7431,12214.269
00bbac68_7432,12214.227
00bbac68_7433,12214.251
00bbac68_7434,12214.301
00bbac68_7435,12214.295
00bbac68_7436,12214.305
00bbac68_7437,12214.497
00bbac68_7438,12214.907
00bbac68_7439,12215.514
00bbac68_7440,12215.539
00bbac68_7441,12215.502
00bbac68_7442,12215.497
00bbac68_7443,12215.478
00bbac68_7444,12215.5
00bbac68_7445,12215.514
00bbac68_7446,12215.502
00bbac68_7447,12215.487
00bbac68_7448,12215.52
00bbac68_7449,12215.542
00bbac68_7450,12215.541
00bbac68_7451,12215.591
00bbac68_7452,12215.588
00bbac68_7453,12215.593
00bbac68_7454,12215.5625
00bbac68_7455,12215.577
00bbac68_7456,12215.604
00bbac68_7457,12215.615
00bbac68_7458,12215.61
00bbac68_7459,12215.606
00bbac68_7460,12215.592
00bbac68_7461,12215.609
00bbac68_7462,12215.62
00bbac68_7463,12215.608
00bbac68_7464,12215.598
00bbac68_7465,12215.606
00bbac68_7466,12215.663
00bbac68_7467,12215.933
00bbac68_7468,12215.796
00bbac68_7469,12215.763
00bbac68_7470,12215.299
00bbac68_7471,12215.328
00bbac68_7472,12215.384
00bbac68_7473,12215.482
00bbac68_7474,12215.336
00bbac68_7475,12215.412
00bbac68_7476,12215.45
00bbac68_7477,12215.417
00bbac68_7478,12215.501
00bbac68_7479,12215.416
00bbac68_7480,12215.459
00bbac68_7481,12215.536
00bbac68_7482,12215.4375
00bbac68_7483,12215.466
00bbac68_7484,12215.556
00bbac68_7485,12215.521
00bbac68_7486,12215.547
00bbac68_7487,12215.645
00bbac68_7488,12215.518
00bbac68_7489,12215.711
00bbac68_7490,12215.78
00bbac68_7491,12215.675
00bbac68_7492,12216.031
00bbac68_7493,12215.942
00bbac68_7494,12216.095
00bbac68_7495,12216.184
00bbac68_7496,12216.052
00bbac68_7497,12216.211
00bbac68_7498,12216.108
00bbac68_7499,12216.233
00bbac68_7500,12215.961
00bbac68_7501,12216.217
00bbac68_7502,12216.119
00bbac68_7503,12216.238
00bbac68_7504,12216.146
00bbac68_7505,12216.254
00bbac68_7506,12216.132
00bbac68_7507,12216.225
00bbac68_7508,12216.229
00bbac68_7509,12216.116
00bbac68_7510,12216.251
00bbac68_7511,12216.219
00bbac68_7512,12216.145
00bbac68_7513,12216.251
00bbac68_7514,12216.12
00bbac68_7515,12216.246
00bbac68_7516,12216.217
00bbac68_7517,12216.221
00bbac68_7518,12216.104
00bbac68_7519,12216.234
00bbac68_7520,12216.445
00bbac68_7521,12216.352
00bbac68_7522,12216.444
00bbac68_7523,12216.43
00bbac68_7524,12216.417
00bbac68_7525,12216.337
00bbac68_7526,12216.443
00bbac68_7527,12216.417
00bbac68_7528,12216.415
00bbac68_7529,12216.41
00bbac68_7530,12216.312
00bbac68_7531,12216.271
00bbac68_7532,12216.392
00bbac68_7533,12216.371
00bbac68_7534,12216.409
00bbac68_7535,12216.408
00bbac68_7536,12216.444
00bbac68_7537,12216.448
00bbac68_7538,12216.538
00bbac68_7539,12216.558
00bbac68_7540,12216.547
00bbac68_7541,12216.551
00bbac68_7542,12216.579
00bbac68_7543,12216.584
00bbac68_7544,12216.574
00bbac68_7545,12216.607
00bbac68_7546,12216.608
00bbac68_7547,12216.615
00bbac68_7548,12216.615
00bbac68_7549,12216.608
00bbac68_7550,12216.898
00bbac68_7551,12216.885
00bbac68_7552,12216.894
00bbac68_7553,12216.795
00bbac68_7554,12217.016
00bbac68_7555,12217.057
00bbac68_7556,12217.097
00bbac68_7557,12217.082
00bbac68_7558,12217.078
00e12e8b_2083,11605.152
00e12e8b_2084,11605.31
00e12e8b_2085,11605.129
00e12e8b_2086,11605.282
00e12e8b_2087,11605.168
00e12e8b_2088,11605.21
00e12e8b_2089,11605.085
00e12e8b_2090,11605.249
00e12e8b_2091,11605.101
00e12e8b_2092,11605.045
00e12e8b_2093,11605.136
00e12e8b_2094,11605.188
00e12e8b_2095,11605.19
00e12e8b_2096,11605.223
00e12e8b_2097,11604.793
00e12e8b_2098,11605.181
00e12e8b_2099,11605.186
00e12e8b_2100,11605.321
00e12e8b_2101,11605.176
00e12e8b_2102,11605.341
00e12e8b_2103,11605.272
00e12e8b_2104,11605.272
00e12e8b_2105,11605.387
00e12e8b_2106,11605.073
00e12e8b_2107,11605.278
00e12e8b_2108,11605.203
00e12e8b_2109,11605.415
00e12e8b_2110,11605.285
00e12e8b_2111,11605.31
00e12e8b_2112,11605.165
00e12e8b_2113,11605.346
00e12e8b_2114,11605.335
00e12e8b_2115,11605.412
00e12e8b_2116,11605.344
00e12e8b_2117,11605.392
00e12e8b_2118,11605.243
00e12e8b_2119,11605.39
00e12e8b_2120,11605.309
00e12e8b_2121,11605.4795
00e12e8b_2122,11605.378
00e12e8b_2123,11605.433
00e12e8b_2124,11605.327
00e12e8b_2125,11605.405
00e12e8b_2126,11605.248
00e12e8b_2127,11605.429
00e12e8b_2128,11605.351
00e12e8b_2129,11605.507
00e12e8b_2130,11605.31
00e12e8b_2131,11605.558
00e12e8b_2132,11605.448
00e12e8b_2133,11605.814
00e12e8b_2134,11605.756
00e12e8b_2135,11605.604
00e12e8b_2136,11605.928
00e12e8b_2137,11605.684
00e12e8b_2138,11605.8545
00e12e8b_2139,11605.726
00e12e8b_2140,11605.922
00e12e8b_2141,11605.692
00e12e8b_2142,11605.858
00e12e8b_2143,11605.781
00e12e8b_2144,11605.868
00e12e8b_2145,11605.812
00e12e8b_2146,11606.031
00e12e8b_2147,11605.814
00e12e8b_2148,11606.043
00e12e8b_2149,11605.924
00e12e8b_2150,11606.049
00e12e8b_2151,11605.989
00e12e8b_2152,11606.176
00e12e8b_2153,11605.936
00e12e8b_2154,11606.16
00e12e8b_2155,11605.898
00e12e8b_2156,11606.409
00e12e8b_2157,11606.324
00e12e8b_2158,11606.618
00e12e8b_2159,11606.693
00e12e8b_2160,11606.991
00e12e8b_2161,11606.748
00e12e8b_2162,11607.129
00e12e8b_2163,11607.208
00e12e8b_2164,11606.72
00e12e8b_2165,11607.226
00e12e8b_2166,11606.803
00e12e8b_2167,11607.12
00e12e8b_2168,11606.898
00e12e8b_2169,11607.241
00e12e8b_2170,11606.73
00e12e8b_2171,11607.2295
00e12e8b_2172,11607.098
00e12e8b_2173,11606.969
00e12e8b_2174,11606.992
00e12e8b_2175,11607.174
00e12e8b_2176,11606.789
00e12e8b_2177,11607.248
00e12e8b_2178,11606.919
00e12e8b_2179,11607.184
00e12e8b_2180,11607.095
00e12e8b_2181,11607.346
00e12e8b_2182,11607.115
00e12e8b_2183,11607.476
00e12e8b_2184,11607.437
00e12e8b_2185,11607.5625
00e12e8b_2186,11607.516
00e12e8b_2187,11607.621
00e12e8b_2188,11607.589
00e12e8b_2189,11607.77
00e12e8b_2190,11607.54
00e12e8b_2191,11607.807
00e12e8b_2192,11607.817
00e12e8b_2193,11607.615
00e12e8b_2194,11607.643
00e12e8b_2195,11607.845
00e12e8b_2196,11607.795
00e12e8b_2197,11607.494
00e12e8b_2198,11607.891
00e12e8b_2199,11607.806
00e12e8b_2200,11608.001
00e12e8b_2201,11607.781
00e12e8b_2202,11607.938
00e12e8b_2203,11607.849
00e12e8b_2204,11608.071
00e12e8b_2205,11607.829
00e12e8b_2206,11608.133
00e12e8b_2207,11608.019
00e12e8b_2208,11608.239
00e12e8b_2209,11608.126
00e12e8b_2210,11608.233
00e12e8b_2211,11608.082
00e12e8b_2212,11608.34
00e12e8b_2213,11608.429
00e12e8b_2214,11608.503
00e12e8b_2215,11608.4795
00e12e8b_2216,11608.515
00e12e8b_2217,11608.335
00e12e8b_2218,11608.497
00e12e8b_2219,11608.368
00e12e8b_2220,11608.416
00e12e8b_2221,11608.322
00e12e8b_2222,11608.265
00e12e8b_2223,11608.129
00e12e8b_2224,11608.244
00e12e8b_2225,11608.096
00e12e8b_2226,11608.219
00e12e8b_2227,11608.098
00e12e8b_2228,11608.216
00e12e8b_2229,11608.167
00e12e8b_2230,11608.39
00e12e8b_2231,11608.436
00e12e8b_2232,11608.518
00e12e8b_2233,11608.501
00e12e8b_2234,11608.543
00e12e8b_2235,11608.621
00e12e8b_2236,11608.5205
00e12e8b_2237,11608.507
00e12e8b_2238,11608.462
00e12e8b_2239,11608.656
00e12e8b_2240,11608.321
00e12e8b_2241,11608.6
00e12e8b_2242,11608.447
00e12e8b_2243,11608.528
00e12e8b_2244,11608.482
00e12e8b_2245,11608.562
00e12e8b_2246,11608.414
00e12e8b_2247,11608.56
00e12e8b_2248,11608.486
00e12e8b_2249,11608.628
00e12e8b_2250,11608.401
00e12e8b_2251,11608.647
00e12e8b_2252,11608.5625
00e12e8b_2253,11608.639
00e12e8b_2254,11608.51
00e12e8b_2255,11608.733
00e12e8b_2256,11608.493
00e12e8b_2257,11608.715
00e12e8b_2258,11608.732
00e12e8b_2259,11608.78
00e12e8b_2260,11608.744
00e12e8b_2261,11609.003
00e12e8b_2262,11608.881
00e12e8b_2263,11609.085
00e12e8b_2264,11608.953
00e12e8b_2265,11609.206
00e12e8b_2266,11609.106
00e12e8b_2267,11609.16
00e12e8b_2268,11609.312
00e12e8b_2269,11609.218
00e12e8b_2270,11609.393
00e12e8b_2271,11609.464
00e12e8b_2272,11609.343
00e12e8b_2273,11609.516
00e12e8b_2274,11609.452
00e12e8b_2275,11609.519
00e12e8b_2276,11609.32
00e12e8b_2277,11609.924
00e12e8b_2278,11609.584
00e12e8b_2279,11609.773
00e12e8b_2280,11609.56
00e12e8b_2281,11609.66
00e12e8b_2282,11609.656
00e12e8b_2283,11609.815
00e12e8b_2284,11609.743
00e12e8b_2285,11609.88
00e12e8b_2286,11609.811
00e12e8b_2287,11609.89
00e12e8b_2288,11609.798
00e12e8b_2289,11610.097
00e12e8b_2290,11609.725
00e12e8b_2291,11610.1875
00e12e8b_2292,11609.823
00e12e8b_2293,11610.208
00e12e8b_2294,11610.075
00e12e8b_2295,11610.092
00e12e8b_2296,11610.047
00e12e8b_2297,11610.288
00e12e8b_2298,11610.241
00e12e8b_2299,11610.434
00e12e8b_2300,11610.131
00e12e8b_2301,11610.434
00e12e8b_2302,11610.391
00e12e8b_2303,11610.504
00e12e8b_2304,11610.391
00e12e8b_2305,11610.498
00e12e8b_2306,11610.194
00e12e8b_2307,11610.23
00e12e8b_2308,11610.151
00e12e8b_2309,11610.562
00e12e8b_2310,11610.46
00e12e8b_2311,11610.267
00e12e8b_2312,11610.432
00e12e8b_2313,11610.497
00e12e8b_2314,11610.365
00e12e8b_2315,11610.364
00e12e8b_2316,11610.512
00e12e8b_2317,11610.213
00e12e8b_2318,11610.522
00e12e8b_2319,11610.42
00e12e8b_2320,11610.522
00e12e8b_2321,11610.436
00e12e8b_2322,11610.5
00e12e8b_2323,11610.436
00e12e8b_2324,11610.509
00e12e8b_2325,11610.4375
00e12e8b_2326,11610.502
00e12e8b_2327,11610.552
00e12e8b_2328,11610.543
00e12e8b_2329,11610.441
00e12e8b_2330,11610.541
00e12e8b_2331,11610.479
00e12e8b_2332,11610.613
00e12e8b_2333,11610.549
00e12e8b_2334,11610.62
00e12e8b_2335,11610.603
00e12e8b_2336,11610.642
00e12e8b_2337,11610.5
00e12e8b_2338,11610.735
00e12e8b_2339,11610.595
00e12e8b_2340,11610.623
00e12e8b_2341,11610.623
00e12e8b_2342,11610.64
00e12e8b_2343,11610.481
00e12e8b_2344,11610.712
00e12e8b_2345,11610.751
00e12e8b_2346,11610.801
00e12e8b_2347,11610.78
00e12e8b_2348,11610.683
00e12e8b_2349,11611.147
00e12e8b_2350,11610.721
00e12e8b_2351,11610.779
00e12e8b_2352,11610.68
00e12e8b_2353,11610.892
00e12e8b_2354,11610.721
00e12e8b_2355,11611.122
00e12e8b_2356,11610.715
00e12e8b_2357,11610.811
00e12e8b_2358,11610.987
00e12e8b_2359,11610.954
00e12e8b_2360,11610.424
00e12e8b_2361,11611.162
00e12e8b_2362,11610.808
00e12e8b_2363,11611.229
00e12e8b_2364,11610.776
00e12e8b_2365,11611.303
00e12e8b_2366,11610.88
00e12e8b_2367,11611.017
00e12e8b_2368,11610.931
00e12e8b_2369,11611.069
00e12e8b_2370,11610.965
00e12e8b_2371,11611.003
00e12e8b_2372,11610.971
00e12e8b_2373,11610.932
00e12e8b_2374,11610.971
00e12e8b_2375,11610.948
00e12e8b_2376,11610.852
00e12e8b_2377,11610.69
00e12e8b_2378,11611.117
00e12e8b_2379,11610.829
00e12e8b_2380,11610.824
00e12e8b_2381,11610.852
00e12e8b_2382,11610.889
00e12e8b_2383,11610.61
00e12e8b_2384,11611.255
00e12e8b_2385,11611.02
00e12e8b_2386,11610.975
00e12e8b_2387,11611.013
00e12e8b_2388,11611.153
00e12e8b_2389,11610.883
00e12e8b_2390,11611.328
00e12e8b_2391,11611.019
00e12e8b_2392,11610.964
00e12e8b_2393,11611.318
00e12e8b_2394,11610.499
00e12e8b_2395,11610.601
00e12e8b_2396,11610.545
00e12e8b_2397,11610.84
00e12e8b_2398,11610.496
00e12e8b_2399,11610.761
00e12e8b_2400,11610.288
00e12e8b_2401,11610.727
00e12e8b_2402,11610.375
00e12e8b_2403,11610.554
00e12e8b_2404,11610.367
00e12e8b_2405,11610.332
00e12e8b_2406,11610.427
00e12e8b_2407,11610.528
00e12e8b_2408,11610.275
00e12e8b_2409,11610.637
00e12e8b_2410,11610.252
00e12e8b_2411,11610.462
00e12e8b_2412,11610.251
00e12e8b_2413,11610.581
00e12e8b_2414,11610.403
00e12e8b_2415,11610.899
00e12e8b_2416,11610.375
00e12e8b_2417,11610.373
00e12e8b_2418,11610.5625
00e12e8b_2419,11610.684
00e12e8b_2420,11610.599
00e12e8b_2421,11610.313
00e12e8b_2422,11610.301
00e12e8b_2423,11610.936
00e12e8b_2424,11610.328
00e12e8b_2425,11610.264
00e12e8b_2426,11610.635
00e12e8b_2427,11609.991
00e12e8b_2428,11610.318
00e12e8b_2429,11610.558
00e12e8b_2430,11609.896
00e12e8b_2431,11609.878
00e12e8b_2432,11610.278
00e12e8b_2433,11610.151
00e12e8b_2434,11610.888
00e12e8b_2435,11610.209
00e12e8b_2436,11610.011
00e12e8b_2437,11610.892
00e12e8b_2438,11610.58
00e12e8b_2439,11610.011
00e12e8b_2440,11610.524
00e12e8b_2441,11610.776
00e12e8b_2442,11610.6455
00e12e8b_2443,11610.793
00e12e8b_2444,11610.735
00e12e8b_2445,11610.391
00e12e8b_2446,11610.836
00e12e8b_2447,11610.519
00e12e8b_2448,11610.592
00e12e8b_2449,11610.87
00e12e8b_2450,11610.184
00e12e8b_2451,11611.23
00e12e8b_2452,11610.49
00e12e8b_2453,11611.181
00e12e8b_2454,11610.561
00e12e8b_2455,11610.94
00e12e8b_2456,11610.314
00e12e8b_2457,11611.277
00e12e8b_2458,11610.457
00e12e8b_2459,11611.008
00e12e8b_2460,11610.628
00e12e8b_2461,11611.254
00e12e8b_2462,11610.619
00e12e8b_2463,11611.318
00e12e8b_2464,11610.709
00e12e8b_2465,11611.195
00e12e8b_2466,11610.999
00e12e8b_2467,11610.746
00e12e8b_2468,11610.768
00e12e8b_2469,11610.784
00e12e8b_2470,11611.082
00e12e8b_2471,11610.976
00e12e8b_2472,11610.435
00e12e8b_2473,11611.212
00e12e8b_2474,11610.626
00e12e8b_2475,11611.232
00e12e8b_2476,11610.198
00e12e8b_2477,11610.843
00e12e8b_2478,11610.855
00e12e8b_2479,11610.165
00e12e8b_2480,11611.17
00e12e8b_2481,11610.629
00e12e8b_2482,11611.107
00e12e8b_2483,11610.797
00e12e8b_2484,11610.163
00e12e8b_2485,11610.783
00e12e8b_2486,11611.002
00e12e8b_2487,11610.223
00e12e8b_2488,11610.989
00e12e8b_2489,11609.931
00e12e8b_2490,11611.01
00e12e8b_2491,11610.344
00e12e8b_2492,11610.977
00e12e8b_2493,11610.603
00e12e8b_2494,11610.662
00e12e8b_2495,11610.853
00e12e8b_2496,11611.027
00e12e8b_2497,11610.443
00e12e8b_2498,11610.81
00e12e8b_2499,11611.082
00e12e8b_2500,11610.404
00e12e8b_2501,11611.042
00e12e8b_2502,11610.006
00e12e8b_2503,11610.573
00e12e8b_2504,11610.955
00e12e8b_2505,11610.996
00e12e8b_2506,11610.655
00e12e8b_2507,11610.641
00e12e8b_2508,11610.686
00e12e8b_2509,11611.118
00e12e8b_2510,11610.4795
00e12e8b_2511,11611.118
00e12e8b_2512,11610.895
00e12e8b_2513,11610.713
00e12e8b_2514,11610.875
00e12e8b_2515,11611.257
00e12e8b_2516,11611.146
00e12e8b_2517,11611.202
00e12e8b_2518,11610.99
00e12e8b_2519,11610.812
00e12e8b_2520,11610.99
00e12e8b_2521,11610.868
00e12e8b_2522,11611.227
00e12e8b_2523,11610.417
00e12e8b_2524,11611.004
00e12e8b_2525,11610.492
00e12e8b_2526,11610.823
00e12e8b_2527,11610.536
00e12e8b_2528,11610.756
00e12e8b_2529,11610.118
00e12e8b_2530,11610.843
00e12e8b_2531,11610.367
00e12e8b_2532,11610.642
00e12e8b_2533,11609.901
00e12e8b_2534,11610.68
00e12e8b_2535,11610.607
00e12e8b_2536,11610.264
00e12e8b_2537,11610.38
00e12e8b_2538,11610.469
00e12e8b_2539,11610.407
00e12e8b_2540,11610.746
00e12e8b_2541,11610.8125
00e12e8b_2542,11610.6045
00e12e8b_2543,11610.548
00e12e8b_2544,11610.605
00e12e8b_2545,11611.118
00e12e8b_2546,11610.184
00e12e8b_2547,11610.859
00e12e8b_2548,11610.658
00e12e8b_2549,11610.241
00e12e8b_2550,11610.88
00e12e8b_2551,11610.682
00e12e8b_2552,11611.001
00e12e8b_2553,11610.398
00e12e8b_2554,11610.96
00e12e8b_2555,11610.437
00e12e8b_2556,11610.687
00e12e8b_2557,11611.089
00e12e8b_2558,11610.961
00e12e8b_2559,11611.182
00e12e8b_2560,11610.605
00e12e8b_2561,11610.93
00e12e8b_2562,11610.93
00e12e8b_2563,11610.85
00e12e8b_2564,11610.924
00e12e8b_2565,11611.23
00e12e8b_2566,11610.93
00e12e8b_2567,11610.489
00e12e8b_2568,11611.151
00e12e8b_2569,11610.786
00e12e8b_2570,11611.05
00e12e8b_2571,11610.606
00e12e8b_2572,11611.013
00e12e8b_2573,11610.717
00e12e8b_2574,11610.367
00e12e8b_2575,11610.763
00e12e8b_2576,11610.398
00e12e8b_2577,11610.501
00e12e8b_2578,11609.892
00e12e8b_2579,11609.552
00e12e8b_2580,11609.859
00e12e8b_2581,11610.135
00e12e8b_2582,11610.175
00e12e8b_2583,11610.284
00e12e8b_2584,11610.609
00e12e8b_2585,11609.953
00e12e8b_2586,11610.257
00e12e8b_2587,11610.575
00e12e8b_2588,11610.338
00e12e8b_2589,11609.478
00e12e8b_2590,11610.316
00e12e8b_2591,11610.564
00e12e8b_2592,11610.52
00e12e8b_2593,11609.95
00e12e8b_2594,11610.571
00e12e8b_2595,11609.398
00e12e8b_2596,11610.544
00e12e8b_2597,11609.947
00e12e8b_2598,11610.389
00e12e8b_2599,11610.667
00e12e8b_2600,11610.415
00e12e8b_2601,11609.533
00e12e8b_2602,11610.43
00e12e8b_2603,11610.545
00e12e8b_2604,11610.83
00e12e8b_2605,11609.621
00e12e8b_2606,11610.622
00e12e8b_2607,11610.617
00e12e8b_2608,11610.484
00e12e8b_2609,11610.208
00e12e8b_2610,11610.701
00e12e8b_2611,11610.868
00e12e8b_2612,11610.982
00e12e8b_2613,11609.845
00e12e8b_2614,11610.912
00e12e8b_2615,11610.713
00e12e8b_2616,11609.744
00e12e8b_2617,11610.394
00e12e8b_2618,11610.595
00e12e8b_2619,11610.809
00e12e8b_2620,11609.639
00e12e8b_2621,11610.089
00e12e8b_2622,11610.649
00e12e8b_2623,11609.628
00e12e8b_2624,11610.333
00e12e8b_2625,11610.301
00e12e8b_2626,11609.625
00e12e8b_2627,11610.77
00e12e8b_2628,11610.564
00e12e8b_2629,11610.266
00e12e8b_2630,11609.927
00e12e8b_2631,11610.539
00e12e8b_2632,11610.764
00e12e8b_2633,11610.252
00e12e8b_2634,11609.671
00e12e8b_2635,11610.71
00e12e8b_2636,11610.379
00e12e8b_2637,11610.259
00e12e8b_2638,11610.374
00e12e8b_2639,11610.276
00e12e8b_2640,11610.491
00e12e8b_2641,11609.353
00e12e8b_2642,11610.339
00e12e8b_2643,11610.03
00e12e8b_2644,11610.003
00e12e8b_2645,11609.728
00e12e8b_2646,11609.845
00e12e8b_2647,11610.055
00e12e8b_2648,11609.557
00e12e8b_2649,11610.068
00e12e8b_2650,11609.895
00e12e8b_2651,11609.895
00e12e8b_2652,11609.75
00e12e8b_2653,11609.944
00e12e8b_2654,11610.16
00e12e8b_2655,11609.834
00e12e8b_2656,11609.535
00e12e8b_2657,11610.0205
00e12e8b_2658,11609.834
00e12e8b_2659,11610.114
00e12e8b_2660,11610.005
00e12e8b_2661,11610.14
00e12e8b_2662,11609.956
00e12e8b_2663,11609.622
00e12e8b_2664,11610.142
00e12e8b_2665,11610.004
00e12e8b_2666,11610.318
00e12e8b_2667,11609.763
00e12e8b_2668,11610.231
00e12e8b_2669,11610.04
00e12e8b_2670,11610.321
00e12e8b_2671,11610.121
00e12e8b_2672,11610.105
00e12e8b_2673,11610.259
00e12e8b_2674,11610.291
00e12e8b_2675,11610.351
00e12e8b_2676,11609.83
00e12e8b_2677,11609.944
00e12e8b_2678,11610.0205
00e12e8b_2679,11610.009
00e12e8b_2680,11609.912
00e12e8b_2681,11609.9375
00e12e8b_2682,11610.134
00e12e8b_2683,11610.157
00e12e8b_2684,11609.786
00e12e8b_2685,11609.823
00e12e8b_2686,11610.095
00e12e8b_2687,11609.481
00e12e8b_2688,11610.06
00e12e8b_2689,11610.019
00e12e8b_2690,11610.194
00e12e8b_2691,11609.569
00e12e8b_2692,11609.967
00e12e8b_2693,11609.416
00e12e8b_2694,11609.994
00e12e8b_2695,11609.562
00e12e8b_2696,11609.82
00e12e8b_2697,11609.282
00e12e8b_2698,11609.843
00e12e8b_2699,11610.001
00e12e8b_2700,11609.585
00e12e8b_2701,11609.88
00e12e8b_2702,11609.412
00e12e8b_2703,11609.671
00e12e8b_2704,11609.185
00e12e8b_2705,11609.667
00e12e8b_2706,11609.626
00e12e8b_2707,11609.228
00e12e8b_2708,11609.558
00e12e8b_2709,11609.645
00e12e8b_2710,11609.468
00e12e8b_2711,11609.538
00e12e8b_2712,11609.539
00e12e8b_2713,11609.775
00e12e8b_2714,11609.259
00e12e8b_2715,11609.855
00e12e8b_2716,11609.5
00e12e8b_2717,11609.876
00e12e8b_2718,11609.85
00e12e8b_2719,11609.4795
00e12e8b_2720,11609.841
00e12e8b_2721,11609.905
00e12e8b_2722,11609.622
00e12e8b_2723,11609.832
00e12e8b_2724,11609.531
00e12e8b_2725,11609.782
00e12e8b_2726,11610.28
00e12e8b_2727,11610.113
00e12e8b_2728,11609.838
00e12e8b_2729,11610.012
00e12e8b_2730,11609.967
00e12e8b_2731,11609.634
00e12e8b_2732,11609.964
00e12e8b_2733,11609.991
00e12e8b_2734,11609.992
00e12e8b_2735,11609.963
00e12e8b_2736,11610.034
00e12e8b_2737,11609.983
00e12e8b_2738,11610.037
00e12e8b_2739,11609.997
00e12e8b_2740,11609.991
00e12e8b_2741,11609.74
00e12e8b_2742,11610.026
00e12e8b_2743,11610.044
00e12e8b_2744,11610.113
00e12e8b_2745,11610.18
00e12e8b_2746,11610.253
00e12e8b_2747,11610.03
00e12e8b_2748,11610.119
00e12e8b_2749,11609.922
00e12e8b_2750,11610.14
00e12e8b_2751,11609.916
00e12e8b_2752,11610.136
00e12e8b_2753,11610.207
00e12e8b_2754,11609.904
00e12e8b_2755,11610.123
00e12e8b_2756,11610.043
00e12e8b_2757,11610.018
00e12e8b_2758,11609.986
00e12e8b_2759,11610.063
00e12e8b_2760,11609.789
00e12e8b_2761,11609.979
00e12e8b_2762,11610.468
00e12e8b_2763,11610.077
00e12e8b_2764,11610.149
00e12e8b_2765,11610.006
00e12e8b_2766,11609.943
00e12e8b_2767,11610.054
00e12e8b_2768,11609.93
00e12e8b_2769,11609.986
00e12e8b_2770,11610.097
00e12e8b_2771,11609.873
00e12e8b_2772,11610.104
00e12e8b_2773,11610.22
00e12e8b_2774,11609.773
00e12e8b_2775,11610.058
00e12e8b_2776,11610.009
00e12e8b_2777,11609.988
00e12e8b_2778,11610.076
00e12e8b_2779,11610.176
00e12e8b_2780,11610.048
00e12e8b_2781,11610.113
00e12e8b_2782,11610.167
00e12e8b_2783,11610.129
00e12e8b_2784,11610.21
00e12e8b_2785,11609.781
00e12e8b_2786,11609.999
00e12e8b_2787,11609.866
00e12e8b_2788,11609.662
00e12e8b_2789,11609.729
00e12e8b_2790,11609.255
00e12e8b_2791,11609.475
00e12e8b_2792,11609.418
00e12e8b_2793,11609.6455
00e12e8b_2794,11609.498
00e12e8b_2795,11609.519
00e12e8b_2796,11609.587
00e12e8b_2797,11609.845
00e12e8b_2798,11609.691
00e12e8b_2799,11609.644
00e12e8b_2800,11609.867
00e12e8b_2801,11609.409
00e12e8b_2802,11609.703
00e12e8b_2803,11609.772
00e12e8b_2804,11609.388
00e12e8b_2805,11609.638
00e12e8b_2806,11609.865
00e12e8b_2807,11609.767
00e12e8b_2808,11609.767
00e12e8b_2809,11609.79
00e12e8b_2810,11609.644
00e12e8b_2811,11609.376
00e12e8b_2812,11609.791
00e12e8b_2813,11609.662
00e12e8b_2814,11609.633
00e12e8b_2815,11609.887
00e12e8b_2816,11609.588
00e12e8b_2817,11609.609
00e12e8b_2818,11609.864
00e12e8b_2819,11609.317
00e12e8b_2820,11609.567
00e12e8b_2821,11609.57
00e12e8b_2822,11609.797
00e12e8b_2823,11609.719
00e12e8b_2824,11609.766
00e12e8b_2825,11609.887
00e12e8b_2826,11609.877
00e12e8b_2827,11609.747
00e12e8b_2828,11609.75
00e12e8b_2829,11609.661
00e12e8b_2830,11609.585
00e12e8b_2831,11609.593
00e12e8b_2832,11609.639
00e12e8b_2833,11609.44
00e12e8b_2834,11609.452
00e12e8b_2835,11609.487
00e12e8b_2836,11609.495
00e12e8b_2837,11609.508
00e12e8b_2838,11609.569
00e12e8b_2839,11609.503
00e12e8b_2840,11609.399
00e12e8b_2841,11609.595
00e12e8b_2842,11609.576
00e12e8b_2843,11609.492
00e12e8b_2844,11609.407
00e12e8b_2845,11609.369
00e12e8b_2846,11609.351
00e12e8b_2847,11609.351
00e12e8b_2848,11609.345
00e12e8b_2849,11609.356
00e12e8b_2850,11609.592
00e12e8b_2851,11609.422
00e12e8b_2852,11609.45
00e12e8b_2853,11609.454
00e12e8b_2854,11609.41
00e12e8b_2855,11609.093
00e12e8b_2856,11609.5
00e12e8b_2857,11609.558
00e12e8b_2858,11609.547
00e12e8b_2859,11609.615
00e12e8b_2860,11609.312
00e12e8b_2861,11609.392
00e12e8b_2862,11609.531
00e12e8b_2863,11609.597
00e12e8b_2864,11609.578
00e12e8b_2865,11609.466
00e12e8b_2866,11609.344
00e12e8b_2867,11609.34
00e12e8b_2868,11609.374
00e12e8b_2869,11608.838
00e12e8b_2870,11609.185
00e12e8b_2871,11609.2705
00e12e8b_2872,11608.937
00e12e8b_2873,11609.39
00e12e8b_2874,11609.481
00e12e8b_2875,11608.912
00e12e8b_2876,11609.446
00e12e8b_2877,11609.207
00e12e8b_2878,11608.684
00e12e8b_2879,11609.162
00e12e8b_2880,11608.682
00e12e8b_2881,11609.174
00e12e8b_2882,11608.66
00e12e8b_2883,11609.184
00e12e8b_2884,11608.572
00e12e8b_2885,11609.147
00e12e8b_2886,11609.018
00e12e8b_2887,11609.131
00e12e8b_2888,11609.032
00e12e8b_2889,11609.139
00e12e8b_2890,11608.692
00e12e8b_2891,11609.217
00e12e8b_2892,11608.612
00e12e8b_2893,11609.387
00e12e8b_2894,11608.985
00e12e8b_2895,11609.043
00e12e8b_2896,11609.569
00e12e8b_2897,11609.006
00e12e8b_2898,11609.559
00e12e8b_2899,11609.418
00e12e8b_2900,11609.01
00e12e8b_2901,11609.628
00e12e8b_2902,11609.027
00e12e8b_2903,11609.112
00e12e8b_2904,11609.511
00e12e8b_2905,11609.656
00e12e8b_2906,11609.203
00e12e8b_2907,11609.633
00e12e8b_2908,11609.711
00e12e8b_2909,11609.196
00e12e8b_2910,11609.622
00e12e8b_2911,11609.736
00e12e8b_2912,11609.595
00e12e8b_2913,11609.266
00e12e8b_2914,11609.812
00e12e8b_2915,11609.685
00e12e8b_2916,11609.823
00e12e8b_2917,11609.283
00e12e8b_2918,11609.802
00e12e8b_2919,11609.25
00e12e8b_2920,11609.863
00e12e8b_2921,11609.321
00e12e8b_2922,11609.846
00e12e8b_2923,11610.018
00e12e8b_2924,11609.618
00e12e8b_2925,11609.936
00e12e8b_2926,11609.974
00e12e8b_2927,11609.259
00e12e8b_2928,11609.978
00e12e8b_2929,11609.988
00e12e8b_2930,11609.883
00e12e8b_2931,11610.296
00e12e8b_2932,11610.344
00e12e8b_2933,11610.178
00e12e8b_2934,11610.158
00e12e8b_2935,11610.176
00e12e8b_2936,11610.133
00e12e8b_2937,11609.613
00e12e8b_2938,11610.0625
00e12e8b_2939,11610.215
00e12e8b_2940,11610.339
00e12e8b_2941,11610.134
00e12e8b_2942,11610.231
00e12e8b_2943,11610.226
00e12e8b_2944,11610.334
00e12e8b_2945,11610.36
00e12e8b_2946,11610.158
00e12e8b_2947,11610.541
00e12e8b_2948,11610.329
00e12e8b_2949,11610.2
00e12e8b_2950,11610.166
00e12e8b_2951,11610.413
00e12e8b_2952,11610.263
00e12e8b_2953,11610.122
00e12e8b_2954,11610.034
00e12e8b_2955,11610.349
00e12e8b_2956,11610.036
00e12e8b_2957,11610.036
00e12e8b_2958,11610.258
00e12e8b_2959,11610.04
00e12e8b_2960,11610.245
00e12e8b_2961,11609.84
00e12e8b_2962,11610.296
00e12e8b_2963,11609.851
00e12e8b_2964,11609.962
00e12e8b_2965,11609.695
00e12e8b_2966,11609.908
00e12e8b_2967,11609.878
00e12e8b_2968,11609.849
00e12e8b_2969,11609.686
00e12e8b_2970,11609.981
00e12e8b_2971,11609.855
00e12e8b_2972,11609.952
00e12e8b_2973,11609.916
00e12e8b_2974,11610.02
00e12e8b_2975,11609.942
00e12e8b_2976,11609.779
00e12e8b_2977,11609.892
00e12e8b_2978,11610.063
00e12e8b_2979,11609.897
00e12e8b_2980,11610.033
00e12e8b_2981,11609.829
00e12e8b_2982,11609.736
00e12e8b_2983,11609.611
00e12e8b_2984,11609.681
00e12e8b_2985,11609.77
00e12e8b_2986,11609.508
00e12e8b_2987,11609.74
00e12e8b_2988,11609.294
00e12e8b_2989,11609.456
00e12e8b_2990,11609.229
00e12e8b_2991,11609.226
00e12e8b_2992,11609.457
00e12e8b_2993,11609.334
00e12e8b_2994,11609.147
00e12e8b_2995,11609.298
00e12e8b_2996,11609.397
00e12e8b_2997,11609.137
00e12e8b_2998,11609.628
00e12e8b_2999,11609.222
00e12e8b_3000,11609.36
00e12e8b_3001,11609.489
00e12e8b_3002,11609.347
00e12e8b_3003,11609.173
00e12e8b_3004,11609.059
00e12e8b_3005,11609.683
00e12e8b_3006,11608.884
00e12e8b_3007,11609.01
00e12e8b_3008,11609.127
00e12e8b_3009,11608.81
00e12e8b_3010,11608.971
00e12e8b_3011,11608.785
00e12e8b_3012,11609.161
00e12e8b_3013,11608.854
00e12e8b_3014,11608.98
00e12e8b_3015,11609.17
00e12e8b_3016,11608.769
00e12e8b_3017,11608.902
00e12e8b_3018,11608.781
00e12e8b_3019,11609.174
00e12e8b_3020,11608.816
00e12e8b_3021,11608.943
00e12e8b_3022,11608.924
00e12e8b_3023,11609.068
00e12e8b_3024,11608.94
00e12e8b_3025,11608.805
00e12e8b_3026,11608.989
00e12e8b_3027,11609.147
00e12e8b_3028,11608.745
00e12e8b_3029,11608.879
00e12e8b_3030,11608.671
00e12e8b_3031,11608.945
00e12e8b_3032,11608.685
00e12e8b_3033,11608.557
00e12e8b_3034,11608.75
00e12e8b_3035,11608.819
00e12e8b_3036,11608.704
00e12e8b_3037,11608.456
00e12e8b_3038,11608.604
00e12e8b_3039,11608.727
00e12e8b_3040,11608.788
00e12e8b_3041,11608.584
00e12e8b_3042,11608.451
00e12e8b_3043,11608.416
00e12e8b_3044,11608.659
00e12e8b_3045,11608.255
00e12e8b_3046,11608.458
00e12e8b_3047,11608.006
00e12e8b_3048,11608.444
00e12e8b_3049,11608.141
00e12e8b_3050,11607.902
00e12e8b_3051,11608.039
00e12e8b_3052,11607.904
00e12e8b_3053,11608.394
00e12e8b_3054,11608.019
00e12e8b_3055,11607.888
00e12e8b_3056,11608.314
00e12e8b_3057,11608.083
00e12e8b_3058,11608.373
00e12e8b_3059,11608.172
00e12e8b_3060,11608.012
00e12e8b_3061,11608.0625
00e12e8b_3062,11607.921
00e12e8b_3063,11608.213
00e12e8b_3064,11608.056
00e12e8b_3065,11608.002
00e12e8b_3066,11608.002
00e12e8b_3067,11608.006
00e12e8b_3068,11608.145
00e12e8b_3069,11608.214
00e12e8b_3070,11607.83
00e12e8b_3071,11607.984
00e12e8b_3072,11608.222
00e12e8b_3073,11608.408
00e12e8b_3074,11608.218
00e12e8b_3075,11608.01
00e12e8b_3076,11608.236
00e12e8b_3077,11608.091
00e12e8b_3078,11608.422
00e12e8b_3079,11608.481
00e12e8b_3080,11608.2295
00e12e8b_3081,11608.015
00e12e8b_3082,11608.259
00e12e8b_3083,11608.249
00e12e8b_3084,11608.35
00e12e8b_3085,11608.694
00e12e8b_3086,11608.563
00e12e8b_3087,11608.818
00e12e8b_3088,11608.679
00e12e8b_3089,11608.565
00e12e8b_3090,11608.459
00e12e8b_3091,11608.446
00e12e8b_3092,11608.983
00e12e8b_3093,11608.784
00e12e8b_3094,11608.646
00e12e8b_3095,11608.97
00e12e8b_3096,11608.685
00e12e8b_3097,11608.975
00e12e8b_3098,11608.738
00e12e8b_3099,11608.779
00e12e8b_3100,11608.698
00e12e8b_3101,11608.793
00e12e8b_3102,11608.6875
00e12e8b_3103,11608.853
00e12e8b_3104,11608.957
00e12e8b_3105,11608.801
00e12e8b_3106,11608.623
00e12e8b_3107,11608.622
00e12e8b_3108,11609.219
00e12e8b_3109,11608.955
00e12e8b_3110,11608.682
00e12e8b_3111,11609.026
00e12e8b_3112,11608.473
00e12e8b_3113,11608.614
00e12e8b_3114,11608.648
00e12e8b_3115,11608.276
00e12e8b_3116,11608.181
00e12e8b_3117,11608.466
00e12e8b_3118,11608.374
00e12e8b_3119,11608.64
00e12e8b_3120,11608.816
00e12e8b_3121,11608.381
00e12e8b_3122,11608.468
00e12e8b_3123,11607.997
00e12e8b_3124,11608.313
00e12e8b_3125,11608.026
00e12e8b_3126,11607.936
00e12e8b_3127,11608.233
00e12e8b_3128,11608.135
00e12e8b_3129,11608.236
00e12e8b_3130,11608.155
00e12e8b_3131,11608.225
00e12e8b_3132,11608.059
00e12e8b_3133,11608.199
00e12e8b_3134,11608.112
00e12e8b_3135,11607.981
00e12e8b_3136,11608.056
00e12e8b_3137,11607.627
00e12e8b_3138,11607.741
00e12e8b_3139,11607.369
00e12e8b_3140,11607.643
00e12e8b_3141,11607.643
00e12e8b_3142,11607.197
00e12e8b_3143,11607.6045
00e12e8b_3144,11607.6045
00e12e8b_3145,11607.227
00e12e8b_3146,11607.585
00e12e8b_3147,11607.595
00e12e8b_3148,11607.088
00e12e8b_3149,11607.377
00e12e8b_3150,11607.379
00e12e8b_3151,11606.792
00e12e8b_3152,11607.057
00e12e8b_3153,11606.808
00e12e8b_3154,11606.876
00e12e8b_3155,11606.855
00e12e8b_3156,11606.032
00e12e8b_3157,11606.691
00e12e8b_3158,11606.446
00e12e8b_3159,11606.444
00e12e8b_3160,11606.443
00e12e8b_3161,11605.966
00e12e8b_3162,11606.222
00e12e8b_3163,11606.278
00e12e8b_3164,11606.213
00e12e8b_3165,11606.271
00e12e8b_3166,11606.229
00e12e8b_3167,11606.242
00e12e8b_3168,11606.341
00e12e8b_3169,11605.809
00e12e8b_3170,11606.3
00e12e8b_3171,11605.877
00e12e8b_3172,11605.84
00e12e8b_3173,11605.896
00e12e8b_3174,11605.718
00e12e8b_3175,11605.795
00e12e8b_3176,11605.349
00e12e8b_3177,11605.183
00e12e8b_3178,11605.549
00e12e8b_3179,11605.073
00e12e8b_3180,11605.09
00e12e8b_3181,11605.072
00e12e8b_3182,11605.033
00e12e8b_3183,11604.835
00e12e8b_3184,11604.925
00e12e8b_3185,11605.052
00e12e8b_3186,11605.031
00e12e8b_3187,11605.08
00e12e8b_3188,11604.528
00e12e8b_3189,11604.866
00e12e8b_3190,11604.964
00e12e8b_3191,11604.529
00e12e8b_3192,11604.737
00e12e8b_3193,11604.64
00e12e8b_3194,11604.845
00e12e8b_3195,11604.46
00e12e8b_3196,11604.688
00e12e8b_3197,11604.657
00e12e8b_3198,11604.653
00e12e8b_3199,11604.607
00e12e8b_3200,11604.239
00e12e8b_3201,11603.817
00e12e8b_3202,11604.002
00e12e8b_3203,11604.05
00e12e8b_3204,11603.545
00e12e8b_3205,11604.011
00e12e8b_3206,11603.577
00e12e8b_3207,11603.891
00e12e8b_3208,11603.657
00e12e8b_3209,11603.97
00e12e8b_3210,11603.461
00e12e8b_3211,11603.733
00e12e8b_3212,11603.813
00e12e8b_3213,11603.383
00e12e8b_3214,11603.513
00e12e8b_3215,11603.307
00e12e8b_3216,11603.281
00e12e8b_3217,11603.331
00e12e8b_3218,11603.11
00e12e8b_3219,11603.3125
00e12e8b_3220,11603.202
00e12e8b_3221,11603.149
00e12e8b_3222,11603.2295
00e12e8b_3223,11603.121
00e12e8b_3224,11602.996
00e12e8b_3225,11603.057
00e12e8b_3226,11602.981
00e12e8b_3227,11603.127
00e12e8b_3228,11602.958
00e12e8b_3229,11602.977
00e12e8b_3230,11602.968
00e12e8b_3231,11603.064
00e12e8b_3232,11602.793
00e12e8b_3233,11603.055
00e12e8b_3234,11602.989
00e12e8b_3235,11602.928
00e12e8b_3236,11603.2
00e12e8b_3237,11602.999
00e12e8b_3238,11603.011
00e12e8b_3239,11603.012
00e12e8b_3240,11602.971
00e12e8b_3241,11602.958
00e12e8b_3242,11602.927
00e12e8b_3243,11602.791
00e12e8b_3244,11602.957
00e12e8b_3245,11603.009
00e12e8b_3246,11603.129
00e12e8b_3247,11603.129
00e12e8b_3248,11603.127
00e12e8b_3249,11602.995
00e12e8b_3250,11603.151
00e12e8b_3251,11603.32
00e12e8b_3252,11603.157
00e12e8b_3253,11603.34
00e12e8b_3254,11602.894
00e12e8b_3255,11603.35
00e12e8b_3256,11602.968
00e12e8b_3257,11603.052
00e12e8b_3258,11602.921
00e12e8b_3259,11602.949
00e12e8b_3260,11602.684
00e12e8b_3261,11603.054
00e12e8b_3262,11602.978
00e12e8b_3263,11602.301
00e12e8b_3264,11602.984
00e12e8b_3265,11602.728
00e12e8b_3266,11603.151
00e12e8b_3267,11602.769
00e12e8b_3268,11603.253
00e12e8b_3269,11603.372
00e12e8b_3270,11603.386
00e12e8b_3271,11602.961
00e12e8b_3272,11603.383
00e12e8b_3273,11603.383
00e12e8b_3274,11602.552
00e12e8b_3275,11603.295
00e12e8b_3276,11603.248
00e12e8b_3277,11602.33
00e12e8b_3278,11603.14
00e12e8b_3279,11602.268
00e12e8b_3280,11602.723
00e12e8b_3281,11602.41
00e12e8b_3282,11602.167
00e12e8b_3283,11603.095
00e12e8b_3284,11602.226
00e12e8b_3285,11602.099
00e12e8b_3286,11602.969
00e12e8b_3287,11602.372
00e12e8b_3288,11602.018
00e12e8b_3289,11602.166
00e12e8b_3290,11602.309
00e12e8b_3291,11602.583
00e12e8b_3292,11602.292
00e12e8b_3293,11602.093
00e12e8b_3294,11602.029
00e12e8b_3295,11602.873
00e12e8b_3296,11602.299
00e12e8b_3297,11602.215
00e12e8b_3298,11602.389
00e12e8b_3299,11602.659
00e12e8b_3300,11602.38
00e12e8b_3301,11602.297
00e12e8b_3302,11602.247
00e12e8b_3303,11603.157
00e12e8b_3304,11602.022
00e12e8b_3305,11602.062
00e12e8b_3306,11603.018
00e12e8b_3307,11602.435
00e12e8b_3308,11602.393
00e12e8b_3309,11602.393
00e12e8b_3310,11603.05
00e12e8b_3311,11602.162
00e12e8b_3312,11602.225
00e12e8b_3313,11603.019
00e12e8b_3314,11602.41
00e12e8b_3315,11602.459
00e12e8b_3316,11602.302
00e12e8b_3317,11603.0
00e12e8b_3318,11602.419
00e12e8b_3319,11602.178
00e12e8b_3320,11603.301
00e12e8b_3321,11602.334
00e12e8b_3322,11602.218
00e12e8b_3323,11603.076
00e12e8b_3324,11602.482
00e12e8b_3325,11601.605
00e12e8b_3326,11601.974
00e12e8b_3327,11602.629
00e12e8b_3328,11601.893
00e12e8b_3329,11601.896
00e12e8b_3330,11602.861
00e12e8b_3331,11602.033
00e12e8b_3332,11602.067
00e12e8b_3333,11602.56
00e12e8b_3334,11601.6875
00e12e8b_3335,11601.6875
00e12e8b_3336,11602.62
00e12e8b_3337,11601.844
00e12e8b_3338,11601.815
00e12e8b_3339,11602.621
00e12e8b_3340,11601.55
00e12e8b_3341,11602.441
00e12e8b_3342,11601.841
00e12e8b_3343,11601.709
00e12e8b_3344,11602.343
00e12e8b_3345,11601.961
00e12e8b_3346,11601.7705
00e12e8b_3347,11602.683
00e12e8b_3348,11601.813
00e12e8b_3349,11601.606
00e12e8b_3350,11602.546
00e12e8b_3351,11601.686
00e12e8b_3352,11602.372
00e12e8b_3353,11601.927
00e12e8b_3354,11601.509
00e12e8b_3355,11602.528
00e12e8b_3356,11601.4
00e12e8b_3357,11601.501
00e12e8b_3358,11602.202
00e12e8b_3359,11601.5
00e12e8b_3360,11602.008
00e12e8b_3361,11601.489
00e12e8b_3362,11601.369
00e12e8b_3363,11601.953
00e12e8b_3364,11601.487
00e12e8b_3365,11602.208
00e12e8b_3366,11601.528
00e12e8b_3367,11601.562
00e12e8b_3368,11602.271
00e12e8b_3369,11601.483
00e12e8b_3370,11602.274
00e12e8b_3371,11601.384
00e12e8b_3372,11600.925
00e12e8b_3373,11601.886
00e12e8b_3374,11601.518
00e12e8b_3375,11601.547
00e12e8b_3376,11601.4795
00e12e8b_3377,11602.086
00e12e8b_3378,11601.048
00e12e8b_3379,11601.286
00e12e8b_3380,11601.855
00e12e8b_3381,11601.136
00e12e8b_3382,11601.981
00e12e8b_3383,11601.137
00e12e8b_3384,11601.702
00e12e8b_3385,11601.11
00e12e8b_3386,11601.973
00e12e8b_3387,11601.193
00e12e8b_3388,11601.882
00e12e8b_3389,11601.116
00e12e8b_3390,11601.638
00e12e8b_3391,11601.116
00e12e8b_3392,11601.951
00e12e8b_3393,11601.628
00e12e8b_3394,11601.293
00e12e8b_3395,11601.843
00e12e8b_3396,11601.768
00e12e8b_3397,11601.2
00e12e8b_3398,11602.066
00e12e8b_3399,11601.234
00e12e8b_3400,11602.21
00e12e8b_3401,11601.86
00e12e8b_3402,11601.566
00e12e8b_3403,11601.212
00e12e8b_3404,11601.802
00e12e8b_3405,11601.58
00e12e8b_3406,11601.913
00e12e8b_3407,11601.215
00e12e8b_3408,11601.317
00e12e8b_3409,11601.864
00e12e8b_3410,11601.631
00e12e8b_3411,11600.507
00e12e8b_3412,11601.353
00e12e8b_3413,11601.747
00e12e8b_3414,11601.336
00e12e8b_3415,11601.764
00e12e8b_3416,11601.272
00e12e8b_3417,11601.09
00e12e8b_3418,11601.223
00e12e8b_3419,11600.812
00e12e8b_3420,11600.835
00e12e8b_3421,11601.183
00e12e8b_3422,11601.081
00e12e8b_3423,11600.712
00e12e8b_3424,11601.19
00e12e8b_3425,11601.275
00e12e8b_3426,11600.589
00e12e8b_3427,11601.042
00e12e8b_3428,11601.105
00e12e8b_3429,11600.864
00e12e8b_3430,11601.116
00e12e8b_3431,11601.201
00e12e8b_3432,11601.292
00e12e8b_3433,11600.959
00e12e8b_3434,11601.033
00e12e8b_3435,11600.69
00e12e8b_3436,11600.928
00e12e8b_3437,11600.986
00e12e8b_3438,11600.397
00e12e8b_3439,11600.978
00e12e8b_3440,11601.17
00e12e8b_3441,11600.775
00e12e8b_3442,11600.949
00e12e8b_3443,11601.005
00e12e8b_3444,11600.339
00e12e8b_3445,11601.012
00e12e8b_3446,11601.015
00e12e8b_3447,11600.592
00e12e8b_3448,11601.014
00e12e8b_3449,11600.959
00e12e8b_3450,11600.656
00e12e8b_3451,11600.73
00e12e8b_3452,11601.429
00e12e8b_3453,11600.825
00e12e8b_3454,11601.464
00e12e8b_3455,11601.642
00e12e8b_3456,11601.265
00e12e8b_3457,11601.642
00e12e8b_3458,11601.556
00e12e8b_3459,11601.163
00e12e8b_3460,11601.5625
00e12e8b_3461,11601.567
00e12e8b_3462,11601.446
00e12e8b_3463,11601.48
00e12e8b_3464,11601.269
00e12e8b_3465,11601.214
00e12e8b_3466,11601.494
00e12e8b_3467,11601.491
00e12e8b_3468,11601.445
00e12e8b_3469,11601.492
00e12e8b_3470,11601.447
00e12e8b_3471,11601.168
00e12e8b_3472,11601.436
00e12e8b_3473,11601.659
00e12e8b_3474,11601.201
00e12e8b_3475,11601.647
00e12e8b_3476,11601.482
00e12e8b_3477,11601.637
00e12e8b_3478,11601.611
00e12e8b_3479,11601.427
00e12e8b_3480,11601.497
00e12e8b_3481,11601.752
00e12e8b_3482,11601.304
00e12e8b_3483,11601.526
00e12e8b_3484,11601.648
00e12e8b_3485,11601.538
00e12e8b_3486,11601.297
00e12e8b_3487,11601.732
00e12e8b_3488,11601.633
00e12e8b_3489,11601.654
00e12e8b_3490,11601.592
00e12e8b_3491,11601.716
00e12e8b_3492,11601.631
00e12e8b_3493,11601.832
00e12e8b_3494,11601.697
00e12e8b_3495,11601.339
00e12e8b_3496,11601.754
00e12e8b_3497,11601.548
00e12e8b_3498,11601.626
00e12e8b_3499,11601.557
00e12e8b_3500,11601.852
00e12e8b_3501,11601.496
00e12e8b_3502,11601.877
00e12e8b_3503,11601.747
00e12e8b_3504,11601.343
00e12e8b_3505,11601.693
00e12e8b_3506,11601.931
00e12e8b_3507,11601.552
00e12e8b_3508,11601.932
00e12e8b_3509,11601.803
00e12e8b_3510,11601.804
00e12e8b_3511,11601.809
00e12e8b_3512,11601.917
00e12e8b_3513,11601.765
00e12e8b_3514,11601.906
00e12e8b_3515,11601.809
00e12e8b_3516,11601.591
00e12e8b_3517,11601.627
00e12e8b_3518,11601.723
00e12e8b_3519,11601.908
00e12e8b_3520,11601.739
00e12e8b_3521,11601.772
00e12e8b_3522,11601.766
00e12e8b_3523,11601.938
00e12e8b_3524,11601.666
00e12e8b_3525,11601.804
00e12e8b_3526,11601.6045
00e12e8b_3527,11601.706
00e12e8b_3528,11601.638
00e12e8b_3529,11601.663
00e12e8b_3530,11601.542
00e12e8b_3531,11601.721
00e12e8b_3532,11601.545
00e12e8b_3533,11601.365
00e12e8b_3534,11601.645
00e12e8b_3535,11601.445
00e12e8b_3536,11601.159
00e12e8b_3537,11601.538
00e12e8b_3538,11601.553
00e12e8b_3539,11601.37
00e12e8b_3540,11601.502
00e12e8b_3541,11601.526
00e12e8b_3542,11601.503
00e12e8b_3543,11601.314
00e12e8b_3544,11601.365
00e12e8b_3545,11601.368
00e12e8b_3546,11601.308
00e12e8b_3547,11601.414
00e12e8b_3548,11601.294
00e12e8b_3549,11601.667
00e12e8b_3550,11601.454
00e12e8b_3551,11601.634
00e12e8b_3552,11601.401
00e12e8b_3553,11601.573
00e12e8b_3554,11601.41
00e12e8b_3555,11601.735
00e12e8b_3556,11601.405
00e12e8b_3557,11601.387
00e12e8b_3558,11601.479
00e12e8b_3559,11600.913
00e12e8b_3560,11600.898
00e12e8b_3561,11601.057
00e12e8b_3562,11601.009
00e12e8b_3563,11601.123
00e12e8b_3564,11601.221
00e12e8b_3565,11601.008
00e12e8b_3566,11601.222
00e12e8b_3567,11600.9795
00e12e8b_3568,11601.31
00e12e8b_3569,11601.166
00e12e8b_3570,11600.921
00e12e8b_3571,11600.999
00e12e8b_3572,11601.112
00e12e8b_3573,11601.07
00e12e8b_3574,11601.105
00e12e8b_3575,11601.202
00e12e8b_3576,11600.787
00e12e8b_3577,11601.11
00e12e8b_3578,11600.693
00e12e8b_3579,11600.842
00e12e8b_3580,11600.246
00e12e8b_3581,11600.182
00e12e8b_3582,11600.357
00e12e8b_3583,11600.034
00e12e8b_3584,11600.035
00e12e8b_3585,11600.039
00e12e8b_3586,11599.649
00e12e8b_3587,11599.443
00e12e8b_3588,11599.619
00e12e8b_3589,11599.324
00e12e8b_3590,11599.269
00e12e8b_3591,11599.39
00e12e8b_3592,11599.19
00e12e8b_3593,11599.309
00e12e8b_3594,11599.353
00e12e8b_3595,11599.24
00e12e8b_3596,11599.214
00e12e8b_3597,11599.493
00e12e8b_3598,11599.197
00e12e8b_3599,11599.155
00e12e8b_3600,11599.132
00e12e8b_3601,11599.217
00e12e8b_3602,11599.146
00e12e8b_3603,11599.241
00e12e8b_3604,11599.468
00e12e8b_3605,11599.46
00e12e8b_3606,11599.408
00e12e8b_3607,11599.2
00e12e8b_3608,11599.588
00e12e8b_3609,11599.465
00e12e8b_3610,11599.185
00e12e8b_3611,11599.385
00e12e8b_3612,11599.464
00e12e8b_3613,11599.171
00e12e8b_3614,11599.309
00e12e8b_3615,11599.218
00e12e8b_3616,11599.243
00e12e8b_3617,11599.284
00e12e8b_3618,11599.156
00e12e8b_3619,11598.99
00e12e8b_3620,11599.269
00e12e8b_3621,11599.193
00e12e8b_3622,11598.778
00e12e8b_3623,11598.978
00e12e8b_3624,11598.956
00e12e8b_3625,11598.912
00e12e8b_3626,11598.699
00e12e8b_3627,11599.103
00e12e8b_3628,11598.753
00e12e8b_3629,11599.073
00e12e8b_3630,11598.944
00e12e8b_3631,11598.576
00e12e8b_3632,11598.869
00e12e8b_3633,11598.6875
00e12e8b_3634,11598.784
00e12e8b_3635,11599.1455
00e12e8b_3636,11598.821
00e12e8b_3637,11598.992
00e12e8b_3638,11599.036
00e12e8b_3639,11598.869
00e12e8b_3640,11598.736
00e12e8b_3641,11598.929
00e12e8b_3642,11598.536
00e12e8b_3643,11598.862
00e12e8b_3644,11598.859
00e12e8b_3645,11598.496
00e12e8b_3646,11598.79
00e12e8b_3647,11598.903
00e12e8b_3648,11598.837
00e12e8b_3649,11598.989
00e12e8b_3650,11599.038
00e12e8b_3651,11598.848
00e12e8b_3652,11598.807
00e12e8b_3653,11598.966
00e12e8b_3654,11598.83
00e12e8b_3655,11598.969
00e12e8b_3656,11598.8545
00e12e8b_3657,11598.798
00e12e8b_3658,11598.921
00e12e8b_3659,11599.123
00e12e8b_3660,11598.95
00e12e8b_3661,11599.126
00e12e8b_3662,11598.885
00e12e8b_3663,11598.998
00e12e8b_3664,11598.6875
00e12e8b_3665,11598.733
00e12e8b_3666,11598.94
00e12e8b_3667,11598.651
00e12e8b_3668,11598.952
00e12e8b_3669,11598.923
00e12e8b_3670,11598.801
00e12e8b_3671,11598.785
00e12e8b_3672,11598.906
00e12e8b_3673,11598.706
00e12e8b_3674,11598.838
00e12e8b_3675,11598.7295
00e12e8b_3676,11598.56
00e12e8b_3677,11598.585
00e12e8b_3678,11598.791
00e12e8b_3679,11598.759
00e12e8b_3680,11599.024
00e12e8b_3681,11598.909
00e12e8b_3682,11598.769
00e12e8b_3683,11598.773
00e12e8b_3684,11598.762
00e12e8b_3685,11598.429
00e12e8b_3686,11598.63
00e12e8b_3687,11598.554
00e12e8b_3688,11598.372
00e12e8b_3689,11598.508
00e12e8b_3690,11598.22
00e12e8b_3691,11598.331
00e12e8b_3692,11598.233
00e12e8b_3693,11598.0625
00e12e8b_3694,11598.152
00e12e8b_3695,11598.228
00e12e8b_3696,11597.568
00e12e8b_3697,11598.011
00e12e8b_3698,11597.916
00e12e8b_3699,11597.895
00e12e8b_3700,11598.017
00e12e8b_3701,11598.08
00e12e8b_3702,11597.881
00e12e8b_3703,11598.112
00e12e8b_3704,11598.064
00e12e8b_3705,11598.083
00e12e8b_3706,11597.835
00e12e8b_3707,11597.972
00e12e8b_3708,11597.801
00e12e8b_3709,11597.941
00e12e8b_3710,11597.839
00e12e8b_3711,11597.618
00e12e8b_3712,11597.823
00e12e8b_3713,11597.823
00e12e8b_3714,11597.855
00e12e8b_3715,11597.905
00e12e8b_3716,11597.82
00e12e8b_3717,11597.806
00e12e8b_3718,11597.706
00e12e8b_3719,11597.654
00e12e8b_3720,11597.701
00e12e8b_3721,11597.831
00e12e8b_3722,11597.632
00e12e8b_3723,11597.769
00e12e8b_3724,11597.696
00e12e8b_3725,11597.635
00e12e8b_3726,11597.711
00e12e8b_3727,11597.733
00e12e8b_3728,11597.619
00e12e8b_3729,11597.734
00e12e8b_3730,11597.852
00e12e8b_3731,11597.59
00e12e8b_3732,11597.813
00e12e8b_3733,11597.661
00e12e8b_3734,11597.756
00e12e8b_3735,11597.786
00e12e8b_3736,11597.813
00e12e8b_3737,11597.853
00e12e8b_3738,11597.843
00e12e8b_3739,11597.791
00e12e8b_3740,11597.897
00e12e8b_3741,11597.885
00e12e8b_3742,11597.64
00e12e8b_3743,11597.884
00e12e8b_3744,11597.627
00e12e8b_3745,11597.566
00e12e8b_3746,11597.597
00e12e8b_3747,11597.539
00e12e8b_3748,11597.627
00e12e8b_3749,11597.29
00e12e8b_3750,11596.97
00e12e8b_3751,11596.831
00e12e8b_3752,11596.9795
00e12e8b_3753,11596.747
00e12e8b_3754,11596.836
00e12e8b_3755,11597.193
00e12e8b_3756,11596.92
00e12e8b_3757,11597.185
00e12e8b_3758,11596.821
00e12e8b_3759,11596.744
00e12e8b_3760,11596.972
00e12e8b_3761,11596.919
00e12e8b_3762,11596.879
00e12e8b_3763,11596.712
00e12e8b_3764,11596.676
00e12e8b_3765,11596.7295
00e12e8b_3766,11596.564
00e12e8b_3767,11596.486
00e12e8b_3768,11596.419
00e12e8b_3769,11596.454
00e12e8b_3770,11596.444
00e12e8b_3771,11596.556
00e12e8b_3772,11596.848
00e12e8b_3773,11596.903
00e12e8b_3774,11596.705
00e12e8b_3775,11596.73
00e12e8b_3776,11596.954
00e12e8b_3777,11596.666
00e12e8b_3778,11596.808
00e12e8b_3779,11596.803
00e12e8b_3780,11596.797
00e12e8b_3781,11596.788
00e12e8b_3782,11596.767
00e12e8b_3783,11596.644
00e12e8b_3784,11596.55
00e12e8b_3785,11596.633
00e12e8b_3786,11596.711
00e12e8b_3787,11596.606
00e12e8b_3788,11596.392
00e12e8b_3789,11596.101
00e12e8b_3790,11596.067
00e12e8b_3791,11596.006
00e12e8b_3792,11596.121
00e12e8b_3793,11596.054
00e12e8b_3794,11596.019
00e12e8b_3795,11596.0
00e12e8b_3796,11595.631
00e12e8b_3797,11596.002
00e12e8b_3798,11595.893
00e12e8b_3799,11595.951
00e12e8b_3800,11595.893
00e12e8b_3801,11595.978
00e12e8b_3802,11595.818
00e12e8b_3803,11596.02
00e12e8b_3804,11595.732
00e12e8b_3805,11595.647
00e12e8b_3806,11595.729
00e12e8b_3807,11595.92
00e12e8b_3808,11595.755
00e12e8b_3809,11595.889
00e12e8b_3810,11595.727
00e12e8b_3811,11595.599
00e12e8b_3812,11595.753
00e12e8b_3813,11595.7
00e12e8b_3814,11595.538
00e12e8b_3815,11595.718
00e12e8b_3816,11595.624
00e12e8b_3817,11595.801
00e12e8b_3818,11595.632
00e12e8b_3819,11595.837
00e12e8b_3820,11595.603
00e12e8b_3821,11595.718
00e12e8b_3822,11595.653
00e12e8b_3823,11595.782
00e12e8b_3824,11595.617
00e12e8b_3825,11595.638
00e12e8b_3826,11595.416
00e12e8b_3827,11595.436
00e12e8b_3828,11595.304
00e12e8b_3829,11595.369
00e12e8b_3830,11595.543
00e12e8b_3831,11595.232
00e12e8b_3832,11595.573
00e12e8b_3833,11595.448
00e12e8b_3834,11595.603
00e12e8b_3835,11595.124
00e12e8b_3836,11595.54
00e12e8b_3837,11595.5625
00e12e8b_3838,11595.216
00e12e8b_3839,11595.626
00e12e8b_3840,11595.496
00e12e8b_3841,11595.618
00e12e8b_3842,11595.369
00e12e8b_3843,11595.598
00e12e8b_3844,11595.468
00e12e8b_3845,11595.432
00e12e8b_3846,11595.4375
00e12e8b_3847,11595.612
00e12e8b_3848,11595.382
00e12e8b_3849,11595.352
00e12e8b_3850,11595.599
00e12e8b_3851,11595.464
00e12e8b_3852,11595.57
00e12e8b_3853,11595.328
00e12e8b_3854,11595.602
00e12e8b_3855,11595.456
00e12e8b_3856,11595.388
00e12e8b_3857,11595.606
00e12e8b_3858,11595.394
00e12e8b_3859,11595.565
00e12e8b_3860,11594.903
00e12e8b_3861,11595.283
00e12e8b_3862,11595.195
00e12e8b_3863,11595.039
00e12e8b_3864,11595.075
00e12e8b_3865,11595.122
00e12e8b_3866,11595.175
00e12e8b_3867,11594.939
00e12e8b_3868,11595.054
00e12e8b_3869,11595.099
00e12e8b_3870,11595.009
00e12e8b_3871,11595.054
00e12e8b_3872,11595.032
00e12e8b_3873,11595.036
00e12e8b_3874,11594.87
00e12e8b_3875,11594.724
00e12e8b_3876,11594.709
00e12e8b_3877,11594.774
00e12e8b_3878,11594.775
00e12e8b_3879,11594.637
00e12e8b_3880,11594.709
00e12e8b_3881,11594.685
00e12e8b_3882,11594.675
00e12e8b_3883,11594.606
00e12e8b_3884,11594.182
00e12e8b_3885,11594.311
00e12e8b_3886,11594.131
00e12e8b_3887,11594.336
00e12e8b_3888,11593.878
00e12e8b_3889,11594.199
00e12e8b_3890,11593.784
00e12e8b_3891,11593.941
00e12e8b_3892,11593.941
00e12e8b_3893,11593.86
00e12e8b_3894,11593.826
00e12e8b_3895,11593.781
00e12e8b_3896,11594.033
00e12e8b_3897,11593.541
00e12e8b_3898,11593.711
00e12e8b_3899,11593.93
00e12e8b_3900,11593.82
00e12e8b_3901,11593.807
00e12e8b_3902,11593.645
00e12e8b_3903,11593.111
00e12e8b_3904,11593.051
00e12e8b_3905,11593.007
00e12e8b_3906,11593.226
00e12e8b_3907,11593.0205
00e12e8b_3908,11593.29
00e12e8b_3909,11593.052
00e12e8b_3910,11593.278
00e12e8b_3911,11592.888
00e12e8b_3912,11593.052
00e12e8b_3913,11593.289
00e12e8b_3914,11593.049
00e12e8b_3915,11593.209
00e12e8b_3916,11592.987
00e12e8b_3917,11593.197
00e12e8b_3918,11592.818
00e12e8b_3919,11593.248
00e12e8b_3920,11593.171
00e12e8b_3921,11592.942
00e12e8b_3922,11593.129
00e12e8b_3923,11592.8545
00e12e8b_3924,11593.158
00e12e8b_3925,11592.773
00e12e8b_3926,11592.924
00e12e8b_3927,11592.879
00e12e8b_3928,11592.957
00e12e8b_3929,11593.295
00e12e8b_3930,11592.999
00e12e8b_3931,11592.922
00e12e8b_3932,11593.042
00e12e8b_3933,11592.915
00e12e8b_3934,11593.244
00e12e8b_3935,11592.722
00e12e8b_3936,11593.122
00e12e8b_3937,11592.826
00e12e8b_3938,11592.817
00e12e8b_3939,11592.675
00e12e8b_3940,11592.884
00e12e8b_3941,11592.859
00e12e8b_3942,11592.677
00e12e8b_3943,11593.014
00e12e8b_3944,11592.618
00e12e8b_3945,11593.026
00e12e8b_3946,11592.589
00e12e8b_3947,11592.919
00e12e8b_3948,11592.633
00e12e8b_3949,11592.595
00e12e8b_3950,11592.879
00e12e8b_3951,11592.537
00e12e8b_3952,11592.876
00e12e8b_3953,11592.521
00e12e8b_3954,11592.816
00e12e8b_3955,11592.541
00e12e8b_3956,11592.819
00e12e8b_3957,11592.855
00e12e8b_3958,11592.6045
00e12e8b_3959,11593.034
00e12e8b_3960,11592.682
00e12e8b_3961,11592.749
00e12e8b_3962,11592.521
00e12e8b_3963,11592.743
00e12e8b_3964,11592.531
00e12e8b_3965,11592.491
00e12e8b_3966,11592.6875
00e12e8b_3967,11592.471
00e12e8b_3968,11592.494
00e12e8b_3969,11592.341
00e12e8b_3970,11592.651
00e12e8b_3971,11592.379
00e12e8b_3972,11592.401
00e12e8b_3973,11592.562
00e12e8b_3974,11592.396
00e12e8b_3975,11592.561
00e12e8b_3976,11592.468
00e12e8b_3977,11592.698
00e12e8b_3978,11592.413
00e12e8b_3979,11592.668
00e12e8b_3980,11592.377
00e12e8b_3981,11592.48
00e12e8b_3982,11592.576
00e12e8b_3983,11592.3545
00e12e8b_3984,11592.175
00e12e8b_3985,11591.905
00e12e8b_3986,11591.896
00e12e8b_3987,11591.755
00e12e8b_3988,11591.712
00e12e8b_3989,11592.126
00e12e8b_3990,11591.655
00e12e8b_3991,11591.896
00e12e8b_3992,11591.508
00e12e8b_3993,11591.644
00e12e8b_3994,11591.271
00e12e8b_3995,11591.614
00e12e8b_3996,11591.116
00e12e8b_3997,11591.1045
00e12e8b_3998,11591.344
00e12e8b_3999,11590.826
00e12e8b_4000,11591.183
00e12e8b_4001,11590.789
00e12e8b_4002,11591.162
00e12e8b_4003,11590.637
00e12e8b_4004,11590.944
00e12e8b_4005,11590.64
00e12e8b_4006,11590.72
00e12e8b_4007,11591.173
00e12e8b_4008,11590.719
00e12e8b_4009,11590.658
00e12e8b_4010,11590.211
00e12e8b_4011,11590.602
00e12e8b_4012,11590.155
00e12e8b_4013,11590.636
00e12e8b_4014,11590.11
00e12e8b_4015,11590.065
00e12e8b_4016,11590.413
00e12e8b_4017,11589.782
00e12e8b_4018,11590.218
00e12e8b_4019,11589.785
00e12e8b_4020,11590.229
00e12e8b_4021,11589.671
00e12e8b_4022,11589.738
00e12e8b_4023,11590.03
00e12e8b_4024,11589.732
00e12e8b_4025,11589.912
00e12e8b_4026,11589.617
00e12e8b_4027,11590.049
00e12e8b_4028,11589.699
00e12e8b_4029,11589.99
00e12e8b_4030,11589.51
00e12e8b_4031,11590.176
00e12e8b_4032,11589.662
00e12e8b_4033,11589.589
00e12e8b_4034,11589.943
00e12e8b_4035,11589.635
00e12e8b_4036,11589.442
00e12e8b_4037,11588.808
00e12e8b_4038,11589.519
00e12e8b_4039,11589.211
00e12e8b_4040,11589.378
00e12e8b_4041,11589.11
00e12e8b_4042,11589.02
00e12e8b_4043,11589.891
00e12e8b_4044,11589.247
00e12e8b_4045,11589.589
00e12e8b_4046,11589.361
00e12e8b_4047,11589.654
00e12e8b_4048,11589.169
00e12e8b_4049,11589.755
00e12e8b_4050,11589.377
00e12e8b_4051,11589.361
00e12e8b_4052,11589.723
00e12e8b_4053,11589.355
00e12e8b_4054,11589.664
00e12e8b_4055,11589.276
00e12e8b_4056,11589.686
00e12e8b_4057,11589.229
00e12e8b_4058,11589.606
00e12e8b_4059,11589.224
00e12e8b_4060,11589.647
00e12e8b_4061,11589.055
00e12e8b_4062,11589.186
00e12e8b_4063,11589.446
00e12e8b_4064,11589.121
00e12e8b_4065,11589.562
00e12e8b_4066,11589.084
00e12e8b_4067,11589.511
00e12e8b_4068,11589.177
00e12e8b_4069,11589.538
00e12e8b_4070,11589.105
00e12e8b_4071,11589.122
00e12e8b_4072,11589.544
00e12e8b_4073,11589.041
00e12e8b_4074,11589.297
00e12e8b_4075,11589.23
00e12e8b_4076,11589.389
00e12e8b_4077,11588.984
00e12e8b_4078,11589.371
00e12e8b_4079,11589.054
00e12e8b_4080,11588.871
00e12e8b_4081,11589.357
00e12e8b_4082,11589.146
00e12e8b_4083,11589.338
00e12e8b_4084,11588.837
00e12e8b_4085,11589.348
00e12e8b_4086,11588.971
00e12e8b_4087,11589.111
00e12e8b_4088,11588.669
00e12e8b_4089,11589.313
00e12e8b_4090,11588.986
00e12e8b_4091,11588.808
00e12e8b_4092,11589.251
00e12e8b_4093,11588.958
00e12e8b_4094,11589.28
00e12e8b_4095,11588.74
00e12e8b_4096,11589.254
00e12e8b_4097,11588.664
00e12e8b_4098,11588.809
00e12e8b_4099,11588.307
00e12e8b_4100,11588.509
00e12e8b_4101,11588.659
00e12e8b_4102,11588.146
00e12e8b_4103,11588.452
00e12e8b_4104,11587.716
00e12e8b_4105,11588.021
00e12e8b_4106,11587.64
00e12e8b_4107,11587.993
00e12e8b_4108,11588.027
00e12e8b_4109,11587.647
00e12e8b_4110,11588.064
00e12e8b_4111,11587.661
00e12e8b_4112,11587.92
00e12e8b_4113,11587.551
00e12e8b_4114,11588.04
00e12e8b_4115,11587.532
00e12e8b_4116,11587.846
00e12e8b_4117,11587.777
00e12e8b_4118,11587.979
00e12e8b_4119,11587.446
00e12e8b_4120,11587.62
00e12e8b_4121,11588.218
00e12e8b_4122,11587.672
00e12e8b_4123,11587.985
00e12e8b_4124,11587.681
00e12e8b_4125,11588.03
00e12e8b_4126,11587.637
00e12e8b_4127,11588.004
00e12e8b_4128,11587.623
00e12e8b_4129,11587.62
00e12e8b_4130,11588.108
00e12e8b_4131,11587.616
00e12e8b_4132,11588.008
00e12e8b_4133,11587.493
00e12e8b_4134,11587.977
00e12e8b_4135,11587.625
00e12e8b_4136,11588.286
00e12e8b_4137,11587.526
00e12e8b_4138,11587.709
00e12e8b_4139,11588.288
00e12e8b_4140,11587.43
00e12e8b_4141,11587.975
00e12e8b_4142,11587.774
00e12e8b_4143,11587.696
00e12e8b_4144,11587.774
00e12e8b_4145,11587.803
00e12e8b_4146,11587.814
00e12e8b_4147,11588.163
00e12e8b_4148,11587.763
00e12e8b_4149,11587.763
00e12e8b_4150,11587.849
00e12e8b_4151,11587.815
00e12e8b_4152,11588.102
00e12e8b_4153,11587.871
00e12e8b_4154,11587.854
00e12e8b_4155,11587.699
00e12e8b_4156,11588.162
00e12e8b_4157,11587.915
00e12e8b_4158,11588.129
00e12e8b_4159,11587.785
00e12e8b_4160,11587.971
00e12e8b_4161,11588.131
00e12e8b_4162,11587.438
00e12e8b_4163,11588.121
00e12e8b_4164,11587.627
00e12e8b_4165,11588.107
00e12e8b_4166,11587.75
00e12e8b_4167,11588.026
00e12e8b_4168,11587.456
00e12e8b_4169,11588.006
00e12e8b_4170,11587.534
00e12e8b_4171,11587.992
00e12e8b_4172,11587.42
00e12e8b_4173,11587.482
00e12e8b_4174,11587.825
00e12e8b_4175,11587.362
00e12e8b_4176,11588.029
00e12e8b_4177,11587.557
00e12e8b_4178,11587.7705
00e12e8b_4179,11587.399
00e12e8b_4180,11587.789
00e12e8b_4181,11587.366
00e12e8b_4182,11587.901
00e12e8b_4183,11587.371
00e12e8b_4184,11587.722
00e12e8b_4185,11587.353
00e12e8b_4186,11587.927
00e12e8b_4187,11587.427
00e12e8b_4188,11587.784
00e12e8b_4189,11587.28
00e12e8b_4190,11587.391
00e12e8b_4191,11587.93
00e12e8b_4192,11587.301
00e12e8b_4193,11587.984
00e12e8b_4194,11587.492
00e12e8b_4195,11587.81
00e12e8b_4196,11587.26
00e12e8b_4197,11587.869
00e12e8b_4198,11587.473
00e12e8b_4199,11587.912
00e12e8b_4200,11587.195
00e12e8b_4201,11587.944
00e12e8b_4202,11587.312
00e12e8b_4203,11587.779
00e12e8b_4204,11587.34
00e12e8b_4205,11587.909
00e12e8b_4206,11587.413
00e12e8b_4207,11587.178
00e12e8b_4208,11587.232
00e12e8b_4209,11587.281
00e12e8b_4210,11587.911
00e12e8b_4211,11587.34
00e12e8b_4212,11587.782
00e12e8b_4213,11587.148
00e12e8b_4214,11587.85
00e12e8b_4215,11587.169
00e12e8b_4216,11587.996
00e12e8b_4217,11587.307
00e12e8b_4218,11587.648
00e12e8b_4219,11587.302
00e12e8b_4220,11587.428
00e12e8b_4221,11587.073
00e12e8b_4222,11587.436
00e12e8b_4223,11587.35
00e12e8b_4224,11587.659
00e12e8b_4225,11587.184
00e12e8b_4226,11587.534
00e12e8b_4227,11587.096
00e12e8b_4228,11587.598
00e12e8b_4229,11587.582
00e12e8b_4230,11588.018
00e12e8b_4231,11587.467
00e12e8b_4232,11587.961
00e12e8b_4233,11587.518
00e12e8b_4234,11587.641
00e12e8b_4235,11587.518
00e12e8b_4236,11587.817
00e12e8b_4237,11587.517
00e12e8b_4238,11587.813
00e12e8b_4239,11587.53
00e12e8b_4240,11587.876
00e12e8b_4241,11587.833
00e12e8b_4242,11588.133
00e12e8b_4243,11587.833
00e12e8b_4244,11588.1875
00e12e8b_4245,11587.888
00e12e8b_4246,11588.195
00e12e8b_4247,11587.889
00e12e8b_4248,11588.267
00e12e8b_4249,11587.76
00e12e8b_4250,11588.315
00e12e8b_4251,11587.757
00e12e8b_4252,11588.321
00e12e8b_4253,11587.757
00e12e8b_4254,11588.316
00e12e8b_4255,11587.759
00e12e8b_4256,11588.302
00e12e8b_4257,11587.742
00e12e8b_4258,11588.308
00e12e8b_4259,11587.742
00e12e8b_4260,11588.33
00e12e8b_4261,11587.775
00e12e8b_4262,11588.34
00e12e8b_4263,11587.779
00e12e8b_4264,11588.375
00e12e8b_4265,11587.811
00e12e8b_4266,11588.369
00e12e8b_4267,11587.813
00e12e8b_4268,11588.369
00e12e8b_4269,11587.811
00e12e8b_4270,11588.38
00e12e8b_4271,11587.81
00e12e8b_4272,11588.319
00e12e8b_4273,11587.902
00e12e8b_4274,11588.203
00e12e8b_4275,11587.9795
00e12e8b_4276,11588.287
00e12e8b_4277,11587.9795
00e12e8b_4278,11588.279
00e12e8b_4279,11587.98
00e12e8b_4280,11588.278
00e12e8b_4281,11587.9795
00e12e8b_4282,11588.287
00e12e8b_4283,11587.9795
00e12e8b_4284,11588.2705
00e12e8b_4285,11587.964
00e12e8b_4286,11588.263
00e12e8b_4287,11587.948
00e12e8b_4288,11588.311
00e12e8b_4289,11587.869
00e12e8b_4290,11588.429
00e12e8b_4291,11587.871
00e12e8b_4292,11588.431
00e12e8b_4293,11587.833
00e12e8b_4294,11588.398
00e12e8b_4295,11587.815
00e12e8b_4296,11588.324
00e12e8b_4297,11587.955
00e12e8b_4298,11588.489
00e12e8b_4299,11588.193
00e12e8b_4300,11588.51
00e12e8b_4301,11588.205
00e12e8b_4302,11588.505
00e12e8b_4303,11588.159
00e12e8b_4304,11588.658
00e12e8b_4305,11588.101
00e12e8b_4306,11588.665
00e12e8b_4307,11588.101
00e12e8b_4308,11588.66
00e12e8b_4309,11587.993
00e12e8b_4310,11588.41
00e12e8b_4311,11588.117
00e12e8b_4312,11588.526
00e12e8b_4313,11588.235
00e12e8b_4314,11588.53
00e12e8b_4315,11588.2295
00e12e8b_4316,11588.5205
00e12e8b_4317,11587.736
00e12e8b_4318,11588.233
00e12e8b_4319,11587.656
00e12e8b_4320,11588.306
00e12e8b_4321,11587.749
00e12e8b_4322,11588.255
00e12e8b_4323,11588.313
00e12e8b_4324,11587.87
00e12e8b_4325,11588.244
00e12e8b_4326,11588.732
00e12e8b_4327,11588.468
00e12e8b_4328,11588.323
00e12e8b_4329,11588.633
00e12e8b_4330,11588.266
00e12e8b_4331,11588.753
00e12e8b_4332,11588.325
00e12e8b_4333,11589.012
00e12e8b_4334,11588.672
00e12e8b_4335,11589.002
00e12e8b_4336,11588.63
00e12e8b_4337,11589.057
00e12e8b_4338,11588.937
00e12e8b_4339,11589.213
00e12e8b_4340,11588.886
00e12e8b_4341,11589.371
00e12e8b_4342,11588.812
00e12e8b_4343,11589.466
00e12e8b_4344,11588.881
00e12e8b_4345,11589.373
00e12e8b_4346,11589.066
00e12e8b_4347,11589.349
00e12e8b_4348,11589.028
00e12e8b_4349,11589.309
00e12e8b_4350,11589.023
00e12e8b_4351,11589.495
00e12e8b_4352,11588.941
00e12e8b_4353,11589.516
00e12e8b_4354,11589.082
00e12e8b_4355,11589.577
00e12e8b_4356,11589.258
00e12e8b_4357,11589.638
00e12e8b_4358,11589.361
00e12e8b_4359,11589.647
00e12e8b_4360,11589.718
00e12e8b_4361,11589.363
00e12e8b_4362,11589.163
00e12e8b_4363,11589.97
00e12e8b_4364,11589.773
00e12e8b_4365,11589.559
00e12e8b_4366,11589.788
00e12e8b_4367,11589.389
00e12e8b_4368,11589.933
00e12e8b_4369,11589.304
00e12e8b_4370,11590.087
00e12e8b_4371,11589.604
00e12e8b_4372,11590.154
00e12e8b_4373,11590.072
00e12e8b_4374,11590.743
00e12e8b_4375,11590.193
00e12e8b_4376,11590.492
00e12e8b_4377,11590.1455
00e12e8b_4378,11590.635
00e12e8b_4379,11590.345
00e12e8b_4380,11590.635
00e12e8b_4381,11590.284
00e12e8b_4382,11590.83
00e12e8b_4383,11590.259
00e12e8b_4384,11590.825
00e12e8b_4385,11590.249
00e12e8b_4386,11591.249
00e12e8b_4387,11590.684
00e12e8b_4388,11590.836
00e12e8b_4389,11590.2295
00e12e8b_4390,11590.736
00e12e8b_4391,11590.297
00e12e8b_4392,11590.803
00e12e8b_4393,11590.43
00e12e8b_4394,11590.756
00e12e8b_4395,11590.456
00e12e8b_4396,11590.623
00e12e8b_4397,11590.453
00e12e8b_4398,11590.743
00e12e8b_4399,11590.702
00e12e8b_4400,11590.996
00e12e8b_4401,11590.694
00e12e8b_4402,11590.983
00e12e8b_4403,11590.665
00e12e8b_4404,11591.212
00e12e8b_4405,11591.246
00e12e8b_4406,11590.785
00e12e8b_4407,11591.087
00e12e8b_4408,11590.912
00e12e8b_4409,11591.216
00e12e8b_4410,11590.789
00e12e8b_4411,11590.986
00e12e8b_4412,11590.771
00e12e8b_4413,11591.022
00e12e8b_4414,11590.83
00e12e8b_4415,11591.125
00e12e8b_4416,11590.832
00e12e8b_4417,11591.115
00e12e8b_4418,11590.83
00e12e8b_4419,11591.116
00e12e8b_4420,11590.77
00e12e8b_4421,11591.087
00e12e8b_4422,11590.855
00e12e8b_4423,11591.059
00e12e8b_4424,11590.713
00e12e8b_4425,11591.136
00e12e8b_4426,11590.582
00e12e8b_4427,11591.424
00e12e8b_4428,11590.688
00e12e8b_4429,11591.426
00e12e8b_4430,11590.788
00e12e8b_4431,11591.542
00e12e8b_4432,11590.958
00e12e8b_4433,11591.339
00e12e8b_4434,11590.8125
00e12e8b_4435,11591.519
00e12e8b_4436,11590.916
00e12e8b_4437,11591.596
00e12e8b_4438,11591.106
00e12e8b_4439,11591.394
00e12e8b_4440,11591.107
00e12e8b_4441,11591.414
00e12e8b_4442,11591.039
00e12e8b_4443,11591.644
00e12e8b_4444,11591.007
00e12e8b_4445,11591.449
00e12e8b_4446,11590.842
00e12e8b_4447,11591.509
00e12e8b_4448,11591.121
00e12e8b_4449,11591.44
00e12e8b_4450,11591.525
00e12e8b_4451,11592.021
00e12e8b_4452,11591.46
00e12e8b_4453,11591.99
00e12e8b_4454,11591.495
00e12e8b_4455,11591.762
00e12e8b_4456,11591.428
00e12e8b_4457,11592.022
00e12e8b_4458,11591.456
00e12e8b_4459,11591.974
00e12e8b_4460,11591.586
00e12e8b_4461,11591.887
00e12e8b_4462,11591.535
00e12e8b_4463,11592.042
00e12e8b_4464,11591.453
00e12e8b_4465,11592.106
00e12e8b_4466,11591.663
00e12e8b_4467,11592.148
00e12e8b_4468,11591.581
00e12e8b_4469,11592.107
00e12e8b_4470,11591.671
00e12e8b_4471,11592.2705
00e12e8b_4472,11591.742
00e12e8b_4473,11592.326
00e12e8b_4474,11591.9795
00e12e8b_4475,11592.466
00e12e8b_4476,11591.9
00e12e8b_4477,11592.619
00e12e8b_4478,11592.192
00e12e8b_4479,11592.677
00e12e8b_4480,11592.166
00e12e8b_4481,11593.06
00e12e8b_4482,11592.621
00e12e8b_4483,11592.927
00e12e8b_4484,11592.625
00e12e8b_4485,11593.222
00e12e8b_4486,11592.602
00e12e8b_4487,11593.171
00e12e8b_4488,11592.732
00e12e8b_4489,11593.152
00e12e8b_4490,11592.936
00e12e8b_4491,11593.404
00e12e8b_4492,11592.859
00e12e8b_4493,11593.43
00e12e8b_4494,11592.992
00e12e8b_4495,11592.991
00e12e8b_4496,11593.43
00e12e8b_4497,11592.992
00e12e8b_4498,11593.442
00e12e8b_4499,11592.953
00e12e8b_4500,11593.318
00e12e8b_4501,11593.012
00e12e8b_4502,11593.442
00e12e8b_4503,11593.015
00e12e8b_4504,11593.606
00e12e8b_4505,11593.176
00e12e8b_4506,11593.685
00e12e8b_4507,11593.301
00e12e8b_4508,11594.006
00e12e8b_4509,11593.579
00e12e8b_4510,11594.006
00e12e8b_4511,11593.599
00e12e8b_4512,11594.037
00e12e8b_4513,11593.6
00e12e8b_4514,11594.004
00e12e8b_4515,11593.467
00e12e8b_4516,11594.004
00e12e8b_4517,11593.574
00e12e8b_4518,11594.012
00e12e8b_4519,11593.706
00e12e8b_4520,11593.706
00e12e8b_4521,11594.136
00e12e8b_4522,11593.709
00e12e8b_4523,11594.136
00e12e8b_4524,11593.719
00e12e8b_4525,11594.167
00e12e8b_4526,11593.751
00e12e8b_4527,11594.159
00e12e8b_4528,11593.754
00e12e8b_4529,11594.16
00e12e8b_4530,11593.78
00e12e8b_4531,11594.1045
00e12e8b_4532,11593.836
00e12e8b_4533,11594.189
00e12e8b_4534,11593.82
00e12e8b_4535,11594.213
00e12e8b_4536,11593.838
00e12e8b_4537,11594.19
00e12e8b_4538,11593.8955
00e12e8b_4539,11594.21
00e12e8b_4540,11594.027
00e12e8b_4541,11593.907
00e12e8b_4542,11594.412
00e12e8b_4543,11594.036
00e12e8b_4544,11594.42
00e12e8b_4545,11593.945
00e12e8b_4546,11594.466
00e12e8b_4547,11594.04
00e12e8b_4548,11594.438
00e12e8b_4549,11594.116
00e12e8b_4550,11594.487
00e12e8b_4551,11594.044
00e12e8b_4552,11594.515
00e12e8b_4553,11593.991
00e12e8b_4554,11594.542
00e12e8b_4555,11593.974
00e12e8b_4556,11594.46
00e12e8b_4557,11594.23
00e12e8b_4558,11593.97
00e12e8b_4559,11594.602
00e12e8b_4560,11594.054
00e12e8b_4561,11594.657
00e12e8b_4562,11594.167
00e12e8b_4563,11594.667
00e12e8b_4564,11594.24
00e12e8b_4565,11594.879
00e12e8b_4566,11594.331
00e12e8b_4567,11594.879
00e12e8b_4568,11594.357
00e12e8b_4569,11594.832
00e12e8b_4570,11594.3125
00e12e8b_4571,11595.011
00e12e8b_4572,11594.547
00e12e8b_4573,11594.812
00e12e8b_4574,11594.577
00e12e8b_4575,11594.43
00e12e8b_4576,11595.016
00e12e8b_4577,11594.621
00e12e8b_4578,11594.921
00e12e8b_4579,11594.582
00e12e8b_4580,11594.998
00e12e8b_4581,11594.477
00e12e8b_4582,11595.015
00e12e8b_4583,11594.633
00e12e8b_4584,11594.992
00e12e8b_4585,11594.471
00e12e8b_4586,11594.983
00e12e8b_4587,11594.632
00e12e8b_4588,11594.994
00e12e8b_4589,11594.443
00e12e8b_4590,11594.602
00e12e8b_4591,11595.077
00e12e8b_4592,11594.633
00e12e8b_4593,11595.002
00e12e8b_4594,11594.662
00e12e8b_4595,11594.885
00e12e8b_4596,11594.699
00e12e8b_4597,11595.266
00e12e8b_4598,11594.848
00e12e8b_4599,11595.294
00e12e8b_4600,11594.884
00e12e8b_4601,11595.295
00e12e8b_4602,11594.848
00e12e8b_4603,11595.326
00e12e8b_4604,11594.903
00e12e8b_4605,11594.877
00e12e8b_4606,11595.445
00e12e8b_4607,11595.136
00e12e8b_4608,11595.487
00e12e8b_4609,11595.439
00e12e8b_4610,11595.906
00e12e8b_4611,11595.491
00e12e8b_4612,11595.79
00e12e8b_4613,11595.297
00e12e8b_4614,11595.854
00e12e8b_4615,11595.421
00e12e8b_4616,11595.824
00e12e8b_4617,11595.375
00e12e8b_4618,11595.788
00e12e8b_4619,11595.407
00e12e8b_4620,11595.428
00e12e8b_4621,11595.827
00e12e8b_4622,11595.415
00e12e8b_4623,11595.74
00e12e8b_4624,11595.398
00e12e8b_4625,11595.781
00e12e8b_4626,11595.439
00e12e8b_4627,11595.908
00e12e8b_4628,11595.452
00e12e8b_4629,11595.932
00e12e8b_4630,11595.461
00e12e8b_4631,11595.924
00e12e8b_4632,11595.492
00e12e8b_4633,11595.879
00e12e8b_4634,11595.479
00e12e8b_4635,11595.915
00e12e8b_4636,11595.512
00e12e8b_4637,11595.924
00e12e8b_4638,11595.543
00e12e8b_4639,11595.512
00e12e8b_4640,11595.836
00e12e8b_4641,11595.513
00e12e8b_4642,11595.968
00e12e8b_4643,11595.592
00e12e8b_4644,11595.913
00e12e8b_4645,11595.455
00e12e8b_4646,11596.063
00e12e8b_4647,11595.533
00e12e8b_4648,11596.0205
00e12e8b_4649,11595.574
00e12e8b_4650,11595.834
00e12e8b_4651,11595.573
00e12e8b_4652,11595.714
00e12e8b_4653,11595.344
00e12e8b_4654,11595.767
00e12e8b_4655,11595.318
00e12e8b_4656,11595.772
00e12e8b_4657,11595.389
00e12e8b_4658,11595.36
00e12e8b_4659,11595.932
00e12e8b_4660,11595.54
00e12e8b_4661,11596.04
00e12e8b_4662,11595.642
00e12e8b_4663,11595.992
00e12e8b_4664,11595.637
00e12e8b_4665,11596.068
00e12e8b_4666,11595.363
00e12e8b_4667,11595.891
00e12e8b_4668,11595.473
00e12e8b_4669,11595.833
00e12e8b_4670,11595.285
00e12e8b_4671,11595.794
00e12e8b_4672,11595.358
00e12e8b_4673,11595.788
00e12e8b_4674,11595.353
00e12e8b_4675,11595.789
00e12e8b_4676,11595.439
00e12e8b_4677,11595.843
00e12e8b_4678,11595.381
00e12e8b_4679,11595.802
00e12e8b_4680,11595.475
00e12e8b_4681,11595.761
00e12e8b_4682,11595.61
00e12e8b_4683,11596.074
00e12e8b_4684,11595.599
00e12e8b_4685,11596.2705
00e12e8b_4686,11595.908
00e12e8b_4687,11596.514
00e12e8b_4688,11596.171
00e12e8b_4689,11596.571
00e12e8b_4690,11596.113
00e12e8b_4691,11596.488
00e12e8b_4692,11596.063
00e12e8b_4693,11596.514
00e12e8b_4694,11596.021
00e12e8b_4695,11596.531
00e12e8b_4696,11596.16
00e12e8b_4697,11596.123
00e12e8b_4698,11596.588
00e12e8b_4699,11596.115
00e12e8b_4700,11596.48
00e12e8b_4701,11596.143
00e12e8b_4702,11596.574
00e12e8b_4703,11596.163
00e12e8b_4704,11596.614
00e12e8b_4705,11596.129
00e12e8b_4706,11596.519
00e12e8b_4707,11596.116
00e12e8b_4708,11596.517
00e12e8b_4709,11596.086
00e12e8b_4710,11596.492
00e12e8b_4711,11596.129
00e12e8b_4712,11596.498
00e12e8b_4713,11596.085
00e12e8b_4714,11596.518
00e12e8b_4715,11596.164
00e12e8b_4716,11596.586
00e12e8b_4717,11596.058
00e12e8b_4718,11596.475
00e12e8b_4719,11596.119
00e12e8b_4720,11596.525
00e12e8b_4721,11596.128
00e12e8b_4722,11596.71
00e12e8b_4723,11596.212
00e12e8b_4724,11596.734
00e12e8b_4725,11596.34
00e12e8b_4726,11596.764
00e12e8b_4727,11596.241
00e12e8b_4728,11596.684
00e12e8b_4729,11596.227
00e12e8b_4730,11596.738
00e12e8b_4731,11596.298
00e12e8b_4732,11596.756
00e12e8b_4733,11596.233
00e12e8b_4734,11596.763
00e12e8b_4735,11596.314
00e12e8b_4736,11596.684
00e12e8b_4737,11596.356
00e12e8b_4738,11596.6875
00e12e8b_4739,11596.352
00e12e8b_4740,11596.66
00e12e8b_4741,11596.438
00e12e8b_4742,11596.753
00e12e8b_4743,11596.463
00e12e8b_4744,11596.857
00e12e8b_4745,11596.554
00e12e8b_4746,11596.834
00e12e8b_4747,11596.444
00e12e8b_4748,11596.572
00e12e8b_4749,11596.886
00e12e8b_4750,11596.572
00e12e8b_4751,11596.892
00e12e8b_4752,11596.4795
00e12e8b_4753,11596.817
00e12e8b_4754,11596.466
00e12e8b_4755,11596.854
00e12e8b_4756,11596.555
00e12e8b_4757,11596.855
00e12e8b_4758,11596.607
00e12e8b_4759,11596.921
00e12e8b_4760,11596.569
00e12e8b_4761,11597.28
00e12e8b_4762,11596.724
00e12e8b_4763,11597.079
00e12e8b_4764,11596.6875
00e12e8b_4765,11597.132
00e12e8b_4766,11596.693
00e12e8b_4767,11596.901
00e12e8b_4768,11597.099
00e12e8b_4769,11596.717
00e12e8b_4770,11597.282
00e12e8b_4771,11596.908
00e12e8b_4772,11597.076
00e12e8b_4773,11596.741
00e12e8b_4774,11597.071
00e12e8b_4775,11596.68
00e12e8b_4776,11597.097
00e12e8b_4777,11596.699
00e12e8b_4778,11597.024
00e12e8b_4779,11596.703
00e12e8b_4780,11597.102
00e12e8b_4781,11596.574
00e12e8b_4782,11596.785
00e12e8b_4783,11596.98
00e12e8b_4784,11596.572
00e12e8b_4785,11596.928
00e12e8b_4786,11596.546
00e12e8b_4787,11596.943
00e12e8b_4788,11596.754
00e12e8b_4789,11596.989
00e12e8b_4790,11596.57
00e12e8b_4791,11596.923
00e12e8b_4792,11596.359
00e12e8b_4793,11596.758
00e12e8b_4794,11596.558
00e12e8b_4795,11596.802
00e12e8b_4796,11596.595
00e12e8b_4797,11596.37
00e12e8b_4798,11596.748
00e12e8b_4799,11596.328
00e12e8b_4800,11596.775
00e12e8b_4801,11596.481
00e12e8b_4802,11596.806
00e12e8b_4803,11596.341
00e12e8b_4804,11597.285
00e12e8b_4805,11596.59
00e12e8b_4806,11596.992
00e12e8b_4807,11596.483
00e12e8b_4808,11596.639
00e12e8b_4809,11596.976
00e12e8b_4810,11596.615
00e12e8b_4811,11596.914
00e12e8b_4812,11596.582
00e12e8b_4813,11596.993
00e12e8b_4814,11596.505
00e12e8b_4815,11596.763
00e12e8b_4816,11596.462
00e12e8b_4817,11596.939
00e12e8b_4818,11596.682
00e12e8b_4819,11596.906
00e12e8b_4820,11596.816
00e12e8b_4821,11596.869
00e12e8b_4822,11596.485
00e12e8b_4823,11596.966
00e12e8b_4824,11596.552
00e12e8b_4825,11596.976
00e12e8b_4826,11596.547
00e12e8b_4827,11596.519
00e12e8b_4828,11596.941
00e12e8b_4829,11596.511
00e12e8b_4830,11596.843
00e12e8b_4831,11596.589
00e12e8b_4832,11596.85
00e12e8b_4833,11596.476
00e12e8b_4834,11596.837
00e12e8b_4835,11596.548
00e12e8b_4836,11596.935
00e12e8b_4837,11596.665
00e12e8b_4838,11596.917
00e12e8b_4839,11596.559
00e12e8b_4840,11596.967
00e12e8b_4841,11596.621
00e12e8b_4842,11596.944
00e12e8b_4843,11596.709
00e12e8b_4844,11596.9795
00e12e8b_4845,11596.681
00e12e8b_4846,11596.984
00e12e8b_4847,11596.687
00e12e8b_4848,11597.003
00e12e8b_4849,11596.626
00e12e8b_4850,11597.001
00e12e8b_4851,11596.652
00e12e8b_4852,11596.941
00e12e8b_4853,11597.081
00e12e8b_4854,11596.567
00e12e8b_4855,11597.046
00e12e8b_4856,11596.374
00e12e8b_4857,11596.928
00e12e8b_4858,11596.394
00e12e8b_4859,11596.835
00e12e8b_4860,11596.364
00e12e8b_4861,11596.754
00e12e8b_4862,11596.291
00e12e8b_4863,11596.873
00e12e8b_4864,11596.378
00e12e8b_4865,11596.809
00e12e8b_4866,11596.532
00e12e8b_4867,11596.942
00e12e8b_4868,11596.418
00e12e8b_4869,11596.841
00e12e8b_4870,11596.552
00e12e8b_4871,11596.959
00e12e8b_4872,11596.414
00e12e8b_4873,11596.863
00e12e8b_4874,11596.959
00e12e8b_4875,11596.439
00e12e8b_4876,11596.918
00e12e8b_4877,11596.435
00e12e8b_4878,11596.934
00e12e8b_4879,11596.427
00e12e8b_4880,11596.928
00e12e8b_4881,11596.505
00e12e8b_4882,11597.182
00e12e8b_4883,11596.466
00e12e8b_4884,11596.924
00e12e8b_4885,11597.034
00e12e8b_4886,11596.539
00e12e8b_4887,11597.076
00e12e8b_4888,11596.546
00e12e8b_4889,11597.036
00e12e8b_4890,11596.453
00e12e8b_4891,11596.855
00e12e8b_4892,11596.44
00e12e8b_4893,11596.874
00e12e8b_4894,11596.915
00e12e8b_4895,11596.463
00e12e8b_4896,11596.985
00e12e8b_4897,11596.486
00e12e8b_4898,11597.002
00e12e8b_4899,11596.437
00e12e8b_4900,11596.997
00e12e8b_4901,11597.069
00e12e8b_4902,11596.629
00e12e8b_4903,11597.157
00e12e8b_4904,11596.591
00e12e8b_4905,11597.157
00e12e8b_4906,11596.916
00e12e8b_4907,11597.118
00e12e8b_4908,11596.965
00e12e8b_4909,11597.385
00e12e8b_4910,11597.245
00e12e8b_4911,11596.792
00e12e8b_4912,11597.369
00e12e8b_4913,11596.838
00e12e8b_4914,11597.323
00e12e8b_4915,11596.721
00e12e8b_4916,11597.249
00e12e8b_4917,11596.86
00e12e8b_4918,11597.169
00e12e8b_4919,11597.177
00e12e8b_4920,11597.061
00e12e8b_4921,11597.248
00e12e8b_4922,11596.661
00e12e8b_4923,11597.213
00e12e8b_4924,11596.827
00e12e8b_4925,11597.289
00e12e8b_4926,11596.905
00e12e8b_4927,11597.367
00e12e8b_4928,11596.938
00e12e8b_4929,11597.337
00e12e8b_4930,11596.927
00e12e8b_4931,11597.402
00e12e8b_4932,11597.438
00e12e8b_4933,11597.0205
00e12e8b_4934,11597.44
00e12e8b_4935,11597.163
00e12e8b_4936,11597.504
00e12e8b_4937,11597.013
00e12e8b_4938,11597.475
00e12e8b_4939,11597.026
00e12e8b_4940,11597.525
00e12e8b_4941,11597.112
00e12e8b_4942,11597.669
00e12e8b_4943,11597.096
00e12e8b_4944,11597.632
00e12e8b_4945,11597.147
00e12e8b_4946,11597.545
00e12e8b_4947,11597.124
00e12e8b_4948,11597.669
00e12e8b_4949,11597.598
00e12e8b_4950,11597.108
00e12e8b_4951,11597.577
00e12e8b_4952,11597.27
00e12e8b_4953,11597.507
00e12e8b_4954,11597.063
00e12e8b_4955,11597.573
00e12e8b_4956,11597.074
00e12e8b_4957,11597.473
00e12e8b_4958,11597.107
00e12e8b_4959,11597.653
00e12e8b_4960,11597.065
00e12e8b_4961,11597.291
00e12e8b_4962,11596.812
00e12e8b_4963,11597.332
00e12e8b_4964,11596.932
00e12e8b_4965,11597.334
00e12e8b_4966,11596.846
00e12e8b_4967,11597.227
00e12e8b_4968,11597.245
00e12e8b_4969,11597.381
00e12e8b_4970,11596.921
00e12e8b_4971,11597.281
00e12e8b_4972,11597.182
00e12e8b_4973,11597.2295
00e12e8b_4974,11596.84
00e12e8b_4975,11597.758
00e12e8b_4976,11597.003
00e12e8b_4977,11597.308
00e12e8b_4978,11597.212
00e12e8b_4979,11597.261
00e12e8b_4980,11597.0625
00e12e8b_4981,11597.218
00e12e8b_4982,11596.923
00e12e8b_4983,11597.175
00e12e8b_4984,11597.029
00e12e8b_4985,11597.661
00e12e8b_4986,11596.828
00e12e8b_4987,11597.631
00e12e8b_4988,11597.119
00e12e8b_4989,11597.571
00e12e8b_4990,11596.728
00e12e8b_4991,11596.993
00e12e8b_4992,11597.3125
00e12e8b_4993,11596.883
00e12e8b_4994,11597.391
00e12e8b_4995,11596.814
00e12e8b_4996,11597.415
00e12e8b_4997,11596.935
00e12e8b_4998,11596.895
00e12e8b_4999,11596.679
00e12e8b_5000,11597.256
00e12e8b_5001,11596.739
00e12e8b_5002,11597.2
00e12e8b_5003,11596.755
00e12e8b_5004,11597.284
00e12e8b_5005,11596.605
00e12e8b_5006,11597.402
00e12e8b_5007,11596.24
00e12e8b_5008,11597.059
00e12e8b_5009,11596.704
00e12e8b_5010,11597.21
00e12e8b_5011,11596.592
00e12e8b_5012,11597.179
00e12e8b_5013,11596.674
00e12e8b_5014,11597.015
00e12e8b_5015,11596.601
00e12e8b_5016,11597.093
00e12e8b_5017,11596.463
00e12e8b_5018,11596.631
00e12e8b_5019,11596.549
00e12e8b_5020,11596.998
00e12e8b_5021,11596.498
00e12e8b_5022,11596.948
00e12e8b_5023,11596.363
00e12e8b_5024,11596.916
00e12e8b_5025,11596.252
00e12e8b_5026,11596.75
00e12e8b_5027,11596.395
00e12e8b_5028,11596.851
00e12e8b_5029,11596.288
00e12e8b_5030,11596.848
00e12e8b_5031,11596.395
00e12e8b_5032,11596.171
00e12e8b_5033,11596.156
00e12e8b_5034,11596.564
00e12e8b_5035,11596.171
00e12e8b_5036,11596.729
00e12e8b_5037,11596.258
00e12e8b_5038,11596.5625
00e12e8b_5039,11596.246
00e12e8b_5040,11596.99
00e12e8b_5041,11596.441
00e12e8b_5042,11596.814
00e12e8b_5043,11596.379
00e12e8b_5044,11596.696
00e12e8b_5045,11596.978
00e12e8b_5046,11596.532
00e12e8b_5047,11596.916
00e12e8b_5048,11596.549
00e12e8b_5049,11596.988
00e12e8b_5050,11596.32
00e12e8b_5051,11596.858
00e12e8b_5052,11596.422
00e12e8b_5053,11596.798
00e12e8b_5054,11596.217
00e12e8b_5055,11596.392
00e12e8b_5056,11596.263
00e12e8b_5057,11596.868
00e12e8b_5058,11596.1045
00e12e8b_5059,11597.333
00e12e8b_5060,11596.869
00e12e8b_5061,11596.996
00e12e8b_5062,11597.306
00e12e8b_5063,11596.859
00e12e8b_5064,11597.227
00e12e8b_5065,11596.682
00e12e8b_5066,11597.344
00e12e8b_5067,11596.7705
00e12e8b_5068,11597.318
00e12e8b_5069,11596.873
00e12e8b_5070,11597.005
00e12e8b_5071,11596.789
00e12e8b_5072,11597.234
00e12e8b_5073,11596.686
00e12e8b_5074,11597.234
00e12e8b_5075,11597.155
00e12e8b_5076,11596.721
00e12e8b_5077,11597.164
00e12e8b_5078,11596.397
00e12e8b_5079,11596.9795
00e12e8b_5080,11596.55
00e12e8b_5081,11597.164
00e12e8b_5082,11596.776
00e12e8b_5083,11597.201
00e12e8b_5084,11597.052
00e12e8b_5085,11596.72
00e12e8b_5086,11596.87
00e12e8b_5087,11596.504
00e12e8b_5088,11596.9375
00e12e8b_5089,11596.298
00e12e8b_5090,11596.7
00e12e8b_5091,11596.493
00e12e8b_5092,11596.863
00e12e8b_5093,11596.682
00e12e8b_5094,11596.465
00e12e8b_5095,11596.744
00e12e8b_5096,11596.368
00e12e8b_5097,11596.751
00e12e8b_5098,11596.414
00e12e8b_5099,11596.827
00e12e8b_5100,11596.744
00e12e8b_5101,11596.269
00e12e8b_5102,11596.619
00e12e8b_5103,11596.185
00e12e8b_5104,11596.788
00e12e8b_5105,11596.221
00e12e8b_5106,11596.621
00e12e8b_5107,11596.7
00e12e8b_5108,11596.176
00e12e8b_5109,11596.489
00e12e8b_5110,11596.116
00e12e8b_5111,11596.506
00e12e8b_5112,11596.163
00e12e8b_5113,11596.551
00e12e8b_5114,11596.084
00e12e8b_5115,11596.569
00e12e8b_5116,11596.502
00e12e8b_5117,11596.088
00e12e8b_5118,11596.555
00e12e8b_5119,11596.109
00e12e8b_5120,11596.598
00e12e8b_5121,11596.411
00e12e8b_5122,11596.359
00e12e8b_5123,11596.445
00e12e8b_5124,11596.157
00e12e8b_5125,11596.436
00e12e8b_5126,11596.205
00e12e8b_5127,11596.59
00e12e8b_5128,11596.371
00e12e8b_5129,11596.059
00e12e8b_5130,11596.26
00e12e8b_5131,11595.989
00e12e8b_5132,11596.469
00e12e8b_5133,11595.955
00e12e8b_5134,11596.295
00e12e8b_5135,11596.471
00e12e8b_5136,11596.043
00e12e8b_5137,11596.414
00e12e8b_5138,11596.1
00e12e8b_5139,11596.487
00e12e8b_5140,11596.356
00e12e8b_5141,11596.101
00e12e8b_5142,11596.3545
00e12e8b_5143,11595.9795
00e12e8b_5144,11595.915
00e12e8b_5145,11595.392
00e12e8b_5146,11595.805
00e12e8b_5147,11595.805
00e12e8b_5148,11595.505
00e12e8b_5149,11595.836
00e12e8b_5150,11595.44
00e12e8b_5151,11595.806
00e12e8b_5152,11595.885
00e12e8b_5153,11595.396
00e12e8b_5154,11595.782
00e12e8b_5155,11595.564
00e12e8b_5156,11595.812
00e12e8b_5157,11595.563
00e12e8b_5158,11595.845
00e12e8b_5159,11595.8125
00e12e8b_5160,11595.711
00e12e8b_5161,11595.889
00e12e8b_5162,11595.562
00e12e8b_5163,11595.699
00e12e8b_5164,11595.615
00e12e8b_5165,11595.33
00e12e8b_5166,11595.611
00e12e8b_5167,11595.291
00e12e8b_5168,11595.57
00e12e8b_5169,11595.731
00e12e8b_5170,11595.157
00e12e8b_5171,11595.392
00e12e8b_5172,11595.109
00e12e8b_5173,11595.5625
00e12e8b_5174,11595.433
00e12e8b_5175,11595.1045
00e12e8b_5176,11595.449
00e12e8b_5177,11595.127
00e12e8b_5178,11595.436
00e12e8b_5179,11595.416
00e12e8b_5180,11595.285
00e12e8b_5181,11595.417
00e12e8b_5182,11595.091
00e12e8b_5183,11595.561
00e12e8b_5184,11595.443
00e12e8b_5185,11595.116
00e12e8b_5186,11595.479
00e12e8b_5187,11595.188
00e12e8b_5188,11595.242
00e12e8b_5189,11595.2705
00e12e8b_5190,11594.943
00e12e8b_5191,11595.223
00e12e8b_5192,11594.849
00e12e8b_5193,11595.175
00e12e8b_5194,11595.202
00e12e8b_5195,11594.898
00e12e8b_5196,11595.149
00e12e8b_5197,11594.87
00e12e8b_5198,11595.15
00e12e8b_5199,11595.038
00e12e8b_5200,11594.898
00e12e8b_5201,11595.27
00e12e8b_5202,11594.878
00e12e8b_5203,11594.884
00e12e8b_5204,11594.93
00e12e8b_5205,11594.601
00e12e8b_5206,11595.034
00e12e8b_5207,11594.541
00e12e8b_5208,11594.825
00e12e8b_5209,11594.647
00e12e8b_5210,11594.716
00e12e8b_5211,11594.714
00e12e8b_5212,11594.578
00e12e8b_5213,11594.713
00e12e8b_5214,11594.637
00e12e8b_5215,11594.837
00e12e8b_5216,11594.878
00e12e8b_5217,11593.863
00e12e8b_5218,11594.233
00e12e8b_5219,11593.899
00e12e8b_5220,11594.207
00e12e8b_5221,11593.891
00e12e8b_5222,11594.149
00e12e8b_5223,11594.113
00e12e8b_5224,11593.947
00e12e8b_5225,11593.959
00e12e8b_5226,11593.654
00e12e8b_5227,11594.115
00e12e8b_5228,11593.906
00e12e8b_5229,11593.102
00e12e8b_5230,11594.018
00e12e8b_5231,11593.582
00e12e8b_5232,11594.115
00e12e8b_5233,11593.246
00e12e8b_5234,11593.809
00e12e8b_5235,11593.693
00e12e8b_5236,11593.665
00e12e8b_5237,11593.717
00e12e8b_5238,11593.665
00e12e8b_5239,11593.718
00e12e8b_5240,11593.619
00e12e8b_5241,11593.472
00e12e8b_5242,11593.861
00e12e8b_5243,11593.109
00e12e8b_5244,11593.422
00e12e8b_5245,11593.068
00e12e8b_5246,11593.774
00e12e8b_5247,11593.26
00e12e8b_5248,11593.655
00e12e8b_5249,11593.349
00e12e8b_5250,11593.213
00e12e8b_5251,11593.613
00e12e8b_5252,11593.116
00e12e8b_5253,11593.58
00e12e8b_5254,11593.241
00e12e8b_5255,11593.444
00e12e8b_5256,11593.461
00e12e8b_5257,11593.22
00e12e8b_5258,11594.043
00e12e8b_5259,11593.592
00e12e8b_5260,11593.835
00e12e8b_5261,11593.6455
00e12e8b_5262,11594.036
00e12e8b_5263,11593.561
00e12e8b_5264,11593.927
00e12e8b_5265,11593.843
00e12e8b_5266,11593.538
00e12e8b_5267,11593.854
00e12e8b_5268,11593.693
00e12e8b_5269,11593.877
00e12e8b_5270,11593.614
00e12e8b_5271,11593.894
00e12e8b_5272,11593.4795
00e12e8b_5273,11593.8125
00e12e8b_5274,11593.879
00e12e8b_5275,11593.607
00e12e8b_5276,11593.826
00e12e8b_5277,11593.509
00e12e8b_5278,11593.797
00e12e8b_5279,11593.577
00e12e8b_5280,11593.745
00e12e8b_5281,11593.5205
00e12e8b_5282,11593.74
00e12e8b_5283,11593.874
00e12e8b_5284,11593.393
00e12e8b_5285,11593.625
00e12e8b_5286,11593.477
00e12e8b_5287,11593.835
00e12e8b_5288,11593.3955
00e12e8b_5289,11593.707
00e12e8b_5290,11593.429
00e12e8b_5291,11593.586
00e12e8b_5292,11593.352
00e12e8b_5293,11593.473
00e12e8b_5294,11593.46
00e12e8b_5295,11593.308
00e12e8b_5296,11593.324
00e12e8b_5297,11592.982
00e12e8b_5298,11593.2705
00e12e8b_5299,11592.726
00e12e8b_5300,11593.041
00e12e8b_5301,11592.823
00e12e8b_5302,11593.119
00e12e8b_5303,11592.638
00e12e8b_5304,11592.987
00e12e8b_5305,11593.124
00e12e8b_5306,11592.847
00e12e8b_5307,11593.027
00e12e8b_5308,11592.726
00e12e8b_5309,11593.114
00e12e8b_5310,11592.768
00e12e8b_5311,11593.118
00e12e8b_5312,11592.839
00e12e8b_5313,11593.118
00e12e8b_5314,11592.801
00e12e8b_5315,11593.085
00e12e8b_5316,11592.598
00e12e8b_5317,11593.126
00e12e8b_5318,11593.059
00e12e8b_5319,11592.578
00e12e8b_5320,11592.995
00e12e8b_5321,11592.768
00e12e8b_5322,11593.03
00e12e8b_5323,11592.755
00e12e8b_5324,11593.032
00e12e8b_5325,11592.692
00e12e8b_5326,11592.962
00e12e8b_5327,11592.744
00e12e8b_5328,11593.159
00e12e8b_5329,11593.071
00e12e8b_5330,11592.634
00e12e8b_5331,11593.054
00e12e8b_5332,11592.572
00e12e8b_5333,11592.947
00e12e8b_5334,11593.019
00e12e8b_5335,11593.304
00e12e8b_5336,11592.858
00e12e8b_5337,11593.184
00e12e8b_5338,11592.942
00e12e8b_5339,11593.274
00e12e8b_5340,11593.129
00e12e8b_5341,11593.041
00e12e8b_5342,11593.272
00e12e8b_5343,11592.993
00e12e8b_5344,11593.272
00e12e8b_5345,11592.974
00e12e8b_5346,11592.967
00e12e8b_5347,11592.807
00e12e8b_5348,11593.224
00e12e8b_5349,11593.185
00e12e8b_5350,11593.521
00e12e8b_5351,11593.113
00e12e8b_5352,11593.257
00e12e8b_5353,11592.82
00e12e8b_5354,11593.393
00e12e8b_5355,11593.122
00e12e8b_5356,11593.334
00e12e8b_5357,11593.261
00e12e8b_5358,11593.117
00e12e8b_5359,11593.515
00e12e8b_5360,11593.12
00e12e8b_5361,11593.365
00e12e8b_5362,11593.088
00e12e8b_5363,11593.326
00e12e8b_5364,11592.998
00e12e8b_5365,11593.25
00e12e8b_5366,11592.975
00e12e8b_5367,11593.397
00e12e8b_5368,11592.938
00e12e8b_5369,11593.189
00e12e8b_5370,11592.867
00e12e8b_5371,11593.286
00e12e8b_5372,11593.408
00e12e8b_5373,11592.979
00e12e8b_5374,11593.251
00e12e8b_5375,11592.932
00e12e8b_5376,11593.452
00e12e8b_5377,11593.235
00e12e8b_5378,11593.567
00e12e8b_5379,11593.129
00e12e8b_5380,11593.329
00e12e8b_5381,11592.874
00e12e8b_5382,11593.401
00e12e8b_5383,11593.231
00e12e8b_5384,11593.327
00e12e8b_5385,11593.003
00e12e8b_5386,11593.389
00e12e8b_5387,11593.018
00e12e8b_5388,11593.207
00e12e8b_5389,11592.918
00e12e8b_5390,11593.403
00e12e8b_5391,11592.887
00e12e8b_5392,11593.301
00e12e8b_5393,11592.97
00e12e8b_5394,11593.178
00e12e8b_5395,11593.301
00e12e8b_5396,11592.97
00e12e8b_5397,11592.887
00e12e8b_5398,11593.302
00e12e8b_5399,11593.075
00e12e8b_5400,11592.964
00e12e8b_5401,11593.37
00e12e8b_5402,11592.872
00e12e8b_5403,11593.126
00e12e8b_5404,11592.874
00e12e8b_5405,11593.047
00e12e8b_5406,11592.918
00e12e8b_5407,11593.045
00e12e8b_5408,11592.929
00e12e8b_5409,11593.188
00e12e8b_5410,11592.247
00e12e8b_5411,11592.449
00e12e8b_5412,11592.227
00e12e8b_5413,11592.494
00e12e8b_5414,11592.184
00e12e8b_5415,11592.346
00e12e8b_5416,11592.218
00e12e8b_5417,11592.515
00e12e8b_5418,11592.273
00e12e8b_5419,11592.621
00e12e8b_5420,11592.241
00e12e8b_5421,11592.618
00e12e8b_5422,11592.16
00e12e8b_5423,11592.573
00e12e8b_5424,11592.19
00e12e8b_5425,11592.217
00e12e8b_5426,11592.564
00e12e8b_5427,11592.189
00e12e8b_5428,11592.48
00e12e8b_5429,11592.149
00e12e8b_5430,11592.217
00e12e8b_5431,11592.075
00e12e8b_5432,11592.096
00e12e8b_5433,11591.792
00e12e8b_5434,11591.968
00e12e8b_5435,11591.867
00e12e8b_5436,11591.774
00e12e8b_5437,11591.478
00e12e8b_5438,11591.766
00e12e8b_5439,11591.326
00e12e8b_5440,11591.639
00e12e8b_5441,11591.287
00e12e8b_5442,11591.569
00e12e8b_5443,11591.348
00e12e8b_5444,11591.562
00e12e8b_5445,11591.353
00e12e8b_5446,11591.811
00e12e8b_5447,11591.461
00e12e8b_5448,11591.72
00e12e8b_5449,11591.437
00e12e8b_5450,11592.162
00e12e8b_5451,11591.886
00e12e8b_5452,11591.833
00e12e8b_5453,11592.066
00e12e8b_5454,11591.872
00e12e8b_5455,11592.088
00e12e8b_5456,11591.888
00e12e8b_5457,11592.106
00e12e8b_5458,11591.775
00e12e8b_5459,11592.027
00e12e8b_5460,11591.951
00e12e8b_5461,11592.251
00e12e8b_5462,11591.807
00e12e8b_5463,11592.097
00e12e8b_5464,11591.965
00e12e8b_5465,11591.931
00e12e8b_5466,11592.315
00e12e8b_5467,11591.93
00e12e8b_5468,11592.214
00e12e8b_5469,11592.118
00e12e8b_5470,11592.189
00e12e8b_5471,11591.923
00e12e8b_5472,11592.277
00e12e8b_5473,11591.727
00e12e8b_5474,11591.969
00e12e8b_5475,11591.939
00e12e8b_5476,11592.075
00e12e8b_5477,11592.035
00e12e8b_5478,11591.9375
00e12e8b_5479,11592.423
00e12e8b_5480,11591.987
00e12e8b_5481,11592.134
00e12e8b_5482,11591.975
00e12e8b_5483,11592.173
00e12e8b_5484,11591.954
00e12e8b_5485,11592.239
00e12e8b_5486,11591.985
00e12e8b_5487,11592.171
00e12e8b_5488,11591.958
00e12e8b_5489,11591.998
00e12e8b_5490,11592.128
00e12e8b_5491,11591.892
00e12e8b_5492,11592.474
00e12e8b_5493,11592.146
00e12e8b_5494,11592.299
00e12e8b_5495,11592.042
00e12e8b_5496,11592.469
00e12e8b_5497,11592.226
00e12e8b_5498,11592.401
00e12e8b_5499,11592.186
00e12e8b_5500,11592.19
00e12e8b_5501,11592.554
00e12e8b_5502,11592.183
00e12e8b_5503,11592.392
00e12e8b_5504,11592.158
00e12e8b_5505,11592.452
00e12e8b_5506,11592.013
00e12e8b_5507,11592.417
00e12e8b_5508,11592.146
00e12e8b_5509,11592.189
00e12e8b_5510,11592.369
00e12e8b_5511,11592.136
00e12e8b_5512,11592.525
00e12e8b_5513,11592.485
00e12e8b_5514,11592.697
00e12e8b_5515,11592.422
00e12e8b_5516,11592.697
00e12e8b_5517,11592.575
00e12e8b_5518,11592.494
00e12e8b_5519,11592.556
00e12e8b_5520,11592.525
00e12e8b_5521,11592.714
00e12e8b_5522,11592.469
00e12e8b_5523,11592.709
00e12e8b_5524,11592.378
00e12e8b_5525,11592.757
00e12e8b_5526,11592.344
00e12e8b_5527,11592.598
00e12e8b_5528,11592.375
00e12e8b_5529,11592.343
00e12e8b_5530,11592.568
00e12e8b_5531,11592.347
00e12e8b_5532,11592.708
00e12e8b_5533,11592.469
00e12e8b_5534,11592.753
00e12e8b_5535,11592.44
00e12e8b_5536,11592.832
00e12e8b_5537,11592.569
00e12e8b_5538,11592.424
00e12e8b_5539,11592.7295
00e12e8b_5540,11592.212
00e12e8b_5541,11592.469
00e12e8b_5542,11592.391
00e12e8b_5543,11592.569
00e12e8b_5544,11592.387
00e12e8b_5545,11592.793
00e12e8b_5546,11592.251
00e12e8b_5547,11592.253
00e12e8b_5548,11592.44
00e12e8b_5549,11592.191
00e12e8b_5550,11592.679
00e12e8b_5551,11592.467
00e12e8b_5552,11592.759
00e12e8b_5553,11592.331
00e12e8b_5554,11592.768
00e12e8b_5555,11592.435
00e12e8b_5556,11592.282
00e12e8b_5557,11592.712
00e12e8b_5558,11592.435
00e12e8b_5559,11592.762
00e12e8b_5560,11592.332
00e12e8b_5561,11592.638
00e12e8b_5562,11592.33
00e12e8b_5563,11592.762
00e12e8b_5564,11592.364
00e12e8b_5565,11592.435
00e12e8b_5566,11592.762
00e12e8b_5567,11592.332
00e12e8b_5568,11592.768
00e12e8b_5569,11592.251
00e12e8b_5570,11592.707
00e12e8b_5571,11592.366
00e12e8b_5572,11592.435
00e12e8b_5573,11592.762
00e12e8b_5574,11592.364
00e12e8b_5575,11592.544
00e12e8b_5576,11592.363
00e12e8b_5577,11592.768
00e12e8b_5578,11592.33
00e12e8b_5579,11592.108
00e12e8b_5580,11592.755
00e12e8b_5581,11592.341
00e12e8b_5582,11592.773
00e12e8b_5583,11592.371
00e12e8b_5584,11592.747
00e12e8b_5585,11592.374
00e12e8b_5586,11592.226
00e12e8b_5587,11592.747
00e12e8b_5588,11592.326
00e12e8b_5589,11592.747
00e12e8b_5590,11592.49
00e12e8b_5591,11592.602
00e12e8b_5592,11592.327
00e12e8b_5593,11592.191
00e12e8b_5594,11592.581
00e12e8b_5595,11592.293
00e12e8b_5596,11592.465
00e12e8b_5597,11592.19
00e12e8b_5598,11592.237
00e12e8b_5599,11592.46
00e12e8b_5600,11592.188
00e12e8b_5601,11592.543
00e12e8b_5602,11592.311
00e12e8b_5603,11592.319
00e12e8b_5604,11592.74
00e12e8b_5605,11592.25
00e12e8b_5606,11592.542
00e12e8b_5607,11592.147
00e12e8b_5608,11592.563
00e12e8b_5609,11592.381
00e12e8b_5610,11592.298
00e12e8b_5611,11592.061
00e12e8b_5612,11591.686
00e12e8b_5613,11591.787
00e12e8b_5614,11592.092
00e12e8b_5615,11591.808
00e12e8b_5616,11592.25
00e12e8b_5617,11591.883
00e12e8b_5618,11592.113
00e12e8b_5619,11591.883
00e12e8b_5620,11591.82
00e12e8b_5621,11592.33
00e12e8b_5622,11591.756
00e12e8b_5623,11591.884
00e12e8b_5624,11592.107
00e12e8b_5625,11591.883
00e12e8b_5626,11592.083
00e12e8b_5627,11591.863
00e12e8b_5628,11591.996
00e12e8b_5629,11592.196
00e12e8b_5630,11591.962
00e12e8b_5631,11592.189
00e12e8b_5632,11592.004
00e12e8b_5633,11591.975
00e12e8b_5634,11592.079
00e12e8b_5635,11592.006
00e12e8b_5636,11592.058
00e12e8b_5637,11591.694
00e12e8b_5638,11591.704
00e12e8b_5639,11592.005
00e12e8b_5640,11591.728
00e12e8b_5641,11591.834
00e12e8b_5642,11592.052
00e12e8b_5643,11591.83
00e12e8b_5644,11592.305
00e12e8b_5645,11591.941
00e12e8b_5646,11591.919
00e12e8b_5647,11592.167
00e12e8b_5648,11591.95
00e12e8b_5649,11591.888
00e12e8b_5650,11592.2
00e12e8b_5651,11591.973
00e12e8b_5652,11592.055
00e12e8b_5653,11591.846
00e12e8b_5654,11591.908
00e12e8b_5655,11592.229
00e12e8b_5656,11591.807
00e12e8b_5657,11591.96
00e12e8b_5658,11592.131
00e12e8b_5659,11591.955
00e12e8b_5660,11592.017
00e12e8b_5661,11591.807
00e12e8b_5662,11591.963
00e12e8b_5663,11592.278
00e12e8b_5664,11592.051
00e12e8b_5665,11592.1455
00e12e8b_5666,11592.443
00e12e8b_5667,11592.184
00e12e8b_5668,11592.217
00e12e8b_5669,11592.529
00e12e8b_5670,11592.073
00e12e8b_5671,11592.456
00e12e8b_5672,11592.173
00e12e8b_5673,11592.199
00e12e8b_5674,11592.411
00e12e8b_5675,11592.306
00e12e8b_5676,11592.46
00e12e8b_5677,11592.914
00e12e8b_5678,11592.626
00e12e8b_5679,11592.822
00e12e8b_5680,11592.91
00e12e8b_5681,11592.483
00e12e8b_5682,11592.851
00e12e8b_5683,11592.585
00e12e8b_5684,11592.794
00e12e8b_5685,11593.063
00e12e8b_5686,11592.6455
00e12e8b_5687,11592.637
00e12e8b_5688,11593.089
00e12e8b_5689,11592.797
00e12e8b_5690,11592.642
00e12e8b_5691,11592.857
00e12e8b_5692,11592.687
00e12e8b_5693,11592.531
00e12e8b_5694,11593.024
00e12e8b_5695,11592.715
00e12e8b_5696,11593.133
00e12e8b_5697,11592.868
00e12e8b_5698,11592.755
00e12e8b_5699,11593.044
00e12e8b_5700,11592.806
00e12e8b_5701,11592.736
00e12e8b_5702,11593.484
00e12e8b_5703,11593.041
00e12e8b_5704,11593.188
00e12e8b_5705,11593.467
00e12e8b_5706,11593.171
00e12e8b_5707,11593.568
00e12e8b_5708,11593.272
00e12e8b_5709,11593.363
00e12e8b_5710,11593.526
00e12e8b_5711,11593.296
00e12e8b_5712,11593.265
00e12e8b_5713,11593.584
00e12e8b_5714,11593.33
00e12e8b_5715,11593.362
00e12e8b_5716,11593.624
00e12e8b_5717,11593.304
00e12e8b_5718,11593.655
00e12e8b_5719,11593.702
00e12e8b_5720,11593.42
00e12e8b_5721,11593.39
00e12e8b_5722,11593.684
00e12e8b_5723,11593.39
00e12e8b_5724,11593.547
00e12e8b_5725,11593.276
00e12e8b_5726,11593.233
00e12e8b_5727,11593.673
00e12e8b_5728,11593.523
00e12e8b_5729,11593.576
00e12e8b_5730,11593.956
00e12e8b_5731,11593.545
00e12e8b_5732,11593.555
00e12e8b_5733,11593.839
00e12e8b_5734,11593.494
00e12e8b_5735,11593.549
00e12e8b_5736,11593.748
00e12e8b_5737,11593.549
00e12e8b_5738,11593.494
00e12e8b_5739,11593.811
00e12e8b_5740,11593.678
00e12e8b_5741,11593.809
00e12e8b_5742,11593.526
00e12e8b_5743,11593.545
00e12e8b_5744,11593.651
00e12e8b_5745,11593.532
00e12e8b_5746,11593.4
00e12e8b_5747,11593.811
00e12e8b_5748,11593.526
00e12e8b_5749,11593.545
00e12e8b_5750,11593.639
00e12e8b_5751,11593.545
00e12e8b_5752,11593.547
00e12e8b_5753,11593.8125
00e12e8b_5754,11593.631
00e12e8b_5755,11593.549
00e12e8b_5756,11593.958
00e12e8b_5757,11593.706
00e12e8b_5758,11593.656
00e12e8b_5759,11593.95
00e12e8b_5760,11593.676
00e12e8b_5761,11593.73
00e12e8b_5762,11594.104
00e12e8b_5763,11593.774
00e12e8b_5764,11593.674
00e12e8b_5765,11594.229
00e12e8b_5766,11593.71
00e12e8b_5767,11594.062
00e12e8b_5768,11593.877
00e12e8b_5769,11593.8
00e12e8b_5770,11594.118
00e12e8b_5771,11593.799
00e12e8b_5772,11593.877
00e12e8b_5773,11594.0625
00e12e8b_5774,11593.833
00e12e8b_5775,11593.8
00e12e8b_5776,11594.073
00e12e8b_5777,11593.799
00e12e8b_5778,11594.096
00e12e8b_5779,11593.799
00e12e8b_5780,11593.833
00e12e8b_5781,11594.17
00e12e8b_5782,11593.755
00e12e8b_5783,11593.856
00e12e8b_5784,11594.087
00e12e8b_5785,11593.872
00e12e8b_5786,11593.612
00e12e8b_5787,11594.088
00e12e8b_5788,11593.901
00e12e8b_5789,11593.64
00e12e8b_5790,11594.043
00e12e8b_5791,11593.667
00e12e8b_5792,11594.143
00e12e8b_5793,11593.956
00e12e8b_5794,11593.876
00e12e8b_5795,11594.075
00e12e8b_5796,11593.958
00e12e8b_5797,11593.66
00e12e8b_5798,11594.432
00e12e8b_5799,11594.141
00e12e8b_5800,11594.195
00e12e8b_5801,11594.716
00e12e8b_5802,11594.3125
00e12e8b_5803,11594.6045
00e12e8b_5804,11594.308
00e12e8b_5805,11594.338
00e12e8b_5806,11594.53
00e12e8b_5807,11594.38
00e12e8b_5808,11594.396
00e12e8b_5809,11594.694
00e12e8b_5810,11594.279
00e12e8b_5811,11594.552
00e12e8b_5812,11594.41
00e12e8b_5813,11594.372
00e12e8b_5814,11594.608
00e12e8b_5815,11594.354
00e12e8b_5816,11594.442
00e12e8b_5817,11594.728
00e12e8b_5818,11594.425
00e12e8b_5819,11594.646
00e12e8b_5820,11594.343
00e12e8b_5821,11594.488
00e12e8b_5822,11594.739
00e12e8b_5823,11594.282
00e12e8b_5824,11594.477
00e12e8b_5825,11594.715
00e12e8b_5826,11594.505
00e12e8b_5827,11594.742
00e12e8b_5828,11594.515
00e12e8b_5829,11594.47
00e12e8b_5830,11594.771
00e12e8b_5831,11594.423
00e12e8b_5832,11594.571
00e12e8b_5833,11594.788
00e12e8b_5834,11594.559
00e12e8b_5835,11594.846
00e12e8b_5836,11594.524
00e12e8b_5837,11594.524
00e12e8b_5838,11594.788
00e12e8b_5839,11594.574
00e12e8b_5840,11594.856
00e12e8b_5841,11594.787
00e12e8b_5842,11594.602
00e12e8b_5843,11594.963
00e12e8b_5844,11594.602
00e12e8b_5845,11594.781
00e12e8b_5846,11595.143
00e12e8b_5847,11594.929
00e12e8b_5848,11595.143
00e12e8b_5849,11594.971
00e12e8b_5850,11594.894
00e12e8b_5851,11595.257
00e12e8b_5852,11595.031
00e12e8b_5853,11595.113
00e12e8b_5854,11595.051
00e12e8b_5855,11595.204
00e12e8b_5856,11595.405
00e12e8b_5857,11595.252
00e12e8b_5858,11595.6045
00e12e8b_5859,11595.392
00e12e8b_5860,11595.406
00e12e8b_5861,11595.662
00e12e8b_5862,11595.2
00e12e8b_5863,11595.408
00e12e8b_5864,11595.646
00e12e8b_5865,11595.43
00e12e8b_5866,11595.734
00e12e8b_5867,11595.511
00e12e8b_5868,11595.536
00e12e8b_5869,11595.79
00e12e8b_5870,11595.468
00e12e8b_5871,11595.61
00e12e8b_5872,11595.545
00e12e8b_5873,11595.528
00e12e8b_5874,11595.601
00e12e8b_5875,11595.545
00e12e8b_5876,11595.634
00e12e8b_5877,11595.843
00e12e8b_5878,11595.773
00e12e8b_5879,11595.631
00e12e8b_5880,11595.42
00e12e8b_5881,11595.455
00e12e8b_5882,11595.701
00e12e8b_5883,11595.509
00e12e8b_5884,11595.564
00e12e8b_5885,11595.773
00e12e8b_5886,11595.563
00e12e8b_5887,11596.019
00e12e8b_5888,11595.68
00e12e8b_5889,11595.843
00e12e8b_5890,11596.119
00e12e8b_5891,11595.782
00e12e8b_5892,11595.833
00e12e8b_5893,11595.935
00e12e8b_5894,11595.734
00e12e8b_5895,11595.889
00e12e8b_5896,11595.73
00e12e8b_5897,11595.592
00e12e8b_5898,11595.805
00e12e8b_5899,11595.668
00e12e8b_5900,11595.918
00e12e8b_5901,11595.812
00e12e8b_5902,11595.716
00e12e8b_5903,11596.049
00e12e8b_5904,11596.068
00e12e8b_5905,11596.201
00e12e8b_5906,11596.33
00e12e8b_5907,11596.183
00e12e8b_5908,11596.642
00e12e8b_5909,11596.38
00e12e8b_5910,11596.581
00e12e8b_5911,11596.886
00e12e8b_5912,11596.563
00e12e8b_5913,11596.477
00e12e8b_5914,11596.864
00e12e8b_5915,11596.654
00e12e8b_5916,11596.812
00e12e8b_5917,11596.727
00e12e8b_5918,11596.733
00e12e8b_5919,11596.682
00e12e8b_5920,11596.356
00e12e8b_5921,11596.213
00e12e8b_5922,11596.437
00e12e8b_5923,11595.9
00e12e8b_5924,11595.96
00e12e8b_5925,11596.184
00e12e8b_5926,11596.12
00e12e8b_5927,11596.425
00e12e8b_5928,11596.13
00e12e8b_5929,11596.046
00e12e8b_5930,11596.327
00e12e8b_5931,11596.165
00e12e8b_5932,11596.287
00e12e8b_5933,11596.171
00e12e8b_5934,11596.125
00e12e8b_5935,11596.254
00e12e8b_5936,11596.051
00e12e8b_5937,11595.969
00e12e8b_5938,11596.25
00e12e8b_5939,11596.049
00e12e8b_5940,11595.913
00e12e8b_5941,11596.164
00e12e8b_5942,11595.865
00e12e8b_5943,11595.99
00e12e8b_5944,11595.834
00e12e8b_5945,11595.854
00e12e8b_5946,11595.961
00e12e8b_5947,11595.814
00e12e8b_5948,11595.85
00e12e8b_5949,11596.229
00e12e8b_5950,11596.004
00e12e8b_5951,11596.216
00e12e8b_5952,11596.001
00e12e8b_5953,11595.998
00e12e8b_5954,11596.263
00e12e8b_5955,11596.039
00e12e8b_5956,11596.048
00e12e8b_5957,11596.254
00e12e8b_5958,11596.198
00e12e8b_5959,11596.476
00e12e8b_5960,11596.212
00e12e8b_5961,11596.223
00e12e8b_5962,11596.377
00e12e8b_5963,11596.259
00e12e8b_5964,11596.444
00e12e8b_5965,11596.306
00e12e8b_5966,11596.222
00e12e8b_5967,11596.398
00e12e8b_5968,11596.2295
00e12e8b_5969,11596.398
00e12e8b_5970,11596.087
00e12e8b_5971,11596.21
00e12e8b_5972,11596.356
00e12e8b_5973,11596.157
00e12e8b_5974,11596.408
00e12e8b_5975,11596.255
00e12e8b_5976,11596.165
00e12e8b_5977,11596.391
00e12e8b_5978,11596.121
00e12e8b_5979,11596.379
00e12e8b_5980,11596.1455
00e12e8b_5981,11596.385
00e12e8b_5982,11596.125
00e12e8b_5983,11596.167
00e12e8b_5984,11596.52
00e12e8b_5985,11596.23
00e12e8b_5986,11596.477
00e12e8b_5987,11596.23
00e12e8b_5988,11596.312
00e12e8b_5989,11596.281
00e12e8b_5990,11596.288
00e12e8b_5991,11596.365
00e12e8b_5992,11596.343
00e12e8b_5993,11596.54
00e12e8b_5994,11596.164
00e12e8b_5995,11596.6
00e12e8b_5996,11596.162
00e12e8b_5997,11596.343
00e12e8b_5998,11596.364
00e12e8b_5999,11596.383
00e12e8b_6000,11596.434
00e12e8b_6001,11596.238
00e12e8b_6002,11596.462
00e12e8b_6003,11596.352
00e12e8b_6004,11596.433
00e12e8b_6005,11596.849
00e12e8b_6006,11596.654
00e12e8b_6007,11596.895
00e12e8b_6008,11596.761
00e12e8b_6009,11596.789
00e12e8b_6010,11596.641
00e12e8b_6011,11596.821
00e12e8b_6012,11597.057
00e12e8b_6013,11597.196
00e12e8b_6014,11597.094
00e12e8b_6015,11597.121
00e12e8b_6016,11597.296
00e12e8b_6017,11597.09
00e12e8b_6018,11597.366
00e12e8b_6019,11597.017
00e12e8b_6020,11597.368
00e12e8b_6021,11597.132
00e12e8b_6022,11597.065
00e12e8b_6023,11597.22
00e12e8b_6024,11597.243
00e12e8b_6025,11597.159
00e12e8b_6026,11597.236
00e12e8b_6027,11597.165
00e12e8b_6028,11597.144
00e12e8b_6029,11597.145
00e12e8b_6030,11597.193
00e12e8b_6031,11597.097
00e12e8b_6032,11597.358
00e12e8b_6033,11596.856
00e12e8b_6034,11596.944
00e12e8b_6035,11597.131
00e12e8b_6036,11596.905
00e12e8b_6037,11597.234
00e12e8b_6038,11597.113
00e12e8b_6039,11597.196
00e12e8b_6040,11596.987
00e12e8b_6041,11597.174
00e12e8b_6042,11596.9
00e12e8b_6043,11597.228
00e12e8b_6044,11597.213
00e12e8b_6045,11597.328
00e12e8b_6046,11596.95
00e12e8b_6047,11597.222
00e12e8b_6048,11597.205
00e12e8b_6049,11597.24
00e12e8b_6050,11597.029
00e12e8b_6051,11597.132
00e12e8b_6052,11596.714
00e12e8b_6053,11597.266
00e12e8b_6054,11597.029
00e12e8b_6055,11597.117
00e12e8b_6056,11596.775
00e12e8b_6057,11597.01
00e12e8b_6058,11596.42
00e12e8b_6059,11596.764
00e12e8b_6060,11596.59
00e12e8b_6061,11596.46
00e12e8b_6062,11596.718
00e12e8b_6063,11596.575
00e12e8b_6064,11596.797
00e12e8b_6065,11596.578
00e12e8b_6066,11596.762
00e12e8b_6067,11596.427
00e12e8b_6068,11596.765
00e12e8b_6069,11596.508
00e12e8b_6070,11596.84
00e12e8b_6071,11596.424
00e12e8b_6072,11596.785
00e12e8b_6073,11596.531
00e12e8b_6074,11596.736
00e12e8b_6075,11596.214
00e12e8b_6076,11596.385
00e12e8b_6077,11596.188
00e12e8b_6078,11596.497
00e12e8b_6079,11596.264
00e12e8b_6080,11596.133
00e12e8b_6081,11596.486
00e12e8b_6082,11596.367
00e12e8b_6083,11596.509
00e12e8b_6084,11596.19
00e12e8b_6085,11596.569
00e12e8b_6086,11596.354
00e12e8b_6087,11596.585
00e12e8b_6088,11596.202
00e12e8b_6089,11596.424
00e12e8b_6090,11596.159
00e12e8b_6091,11596.6045
00e12e8b_6092,11596.359
00e12e8b_6093,11596.586
00e12e8b_6094,11596.265
00e12e8b_6095,11596.793
00e12e8b_6096,11596.156
00e12e8b_6097,11596.6455
00e12e8b_6098,11596.248
00e12e8b_6099,11596.292
00e12e8b_6100,11596.412
00e12e8b_6101,11596.246
00e12e8b_6102,11596.276
00e12e8b_6103,11596.236
00e12e8b_6104,11596.638
00e12e8b_6105,11596.232
00e12e8b_6106,11596.296
00e12e8b_6107,11596.152
00e12e8b_6108,11596.355
00e12e8b_6109,11596.006
00e12e8b_6110,11596.507
00e12e8b_6111,11596.061
00e12e8b_6112,11596.572
00e12e8b_6113,11596.063
00e12e8b_6114,11596.062
00e12e8b_6115,11596.169
00e12e8b_6116,11595.836
00e12e8b_6117,11596.234
00e12e8b_6118,11595.85
00e12e8b_6119,11596.075
00e12e8b_6120,11595.682
00e12e8b_6121,11596.071
00e12e8b_6122,11595.833
00e12e8b_6123,11596.081
00e12e8b_6124,11595.663
00e12e8b_6125,11596.138
00e12e8b_6126,11595.678
00e12e8b_6127,11596.073
00e12e8b_6128,11595.818
00e12e8b_6129,11595.83
00e12e8b_6130,11596.068
00e12e8b_6131,11595.837
00e12e8b_6132,11595.518
00e12e8b_6133,11595.3
00e12e8b_6134,11595.587
00e12e8b_6135,11595.525
00e12e8b_6136,11595.668
00e12e8b_6137,11595.082
00e12e8b_6138,11595.637
00e12e8b_6139,11595.131
00e12e8b_6140,11595.256
00e12e8b_6141,11595.623
00e12e8b_6142,11595.273
00e12e8b_6143,11595.5625
00e12e8b_6144,11595.747
00e12e8b_6145,11596.363
00e12e8b_6146,11596.024
00e12e8b_6147,11596.192
00e12e8b_6148,11596.191
00e12e8b_6149,11596.2705
00e12e8b_6150,11595.7
00e12e8b_6151,11596.18
00e12e8b_6152,11596.232
00e12e8b_6153,11596.114
00e12e8b_6154,11595.823
00e12e8b_6155,11596.0205
00e12e8b_6156,11596.161
00e12e8b_6157,11595.693
00e12e8b_6158,11596.451
00e12e8b_6159,11595.932
00e12e8b_6160,11596.05
00e12e8b_6161,11596.09
00e12e8b_6162,11596.241
00e12e8b_6163,11595.963
00e12e8b_6164,11596.042
00e12e8b_6165,11596.09
00e12e8b_6166,11596.343
00e12e8b_6167,11596.132
00e12e8b_6168,11596.071
00e12e8b_6169,11596.395
00e12e8b_6170,11596.221
00e12e8b_6171,11596.561
00e12e8b_6172,11596.099
00e12e8b_6173,11596.407
00e12e8b_6174,11596.1045
00e12e8b_6175,11596.629
00e12e8b_6176,11596.273
00e12e8b_6177,11596.389
00e12e8b_6178,11596.372
00e12e8b_6179,11596.562
00e12e8b_6180,11596.012
00e12e8b_6181,11596.521
00e12e8b_6182,11596.309
00e12e8b_6183,11596.306
00e12e8b_6184,11596.633
00e12e8b_6185,11596.452
00e12e8b_6186,11596.633
00e12e8b_6187,11596.306
00e12e8b_6188,11596.691
00e12e8b_6189,11596.084
00e12e8b_6190,11596.312
00e12e8b_6191,11596.838
00e12e8b_6192,11597.007
00e12e8b_6193,11596.69
00e12e8b_6194,11596.765
00e12e8b_6195,11596.536
00e12e8b_6196,11596.39
00e12e8b_6197,11596.059
00e12e8b_6198,11596.201
00e12e8b_6199,11596.37
00e12e8b_6200,11596.05
00e12e8b_6201,11596.453
00e12e8b_6202,11596.056
00e12e8b_6203,11596.38
00e12e8b_6204,11596.289
00e12e8b_6205,11596.497
00e12e8b_6206,11596.19
00e12e8b_6207,11596.511
00e12e8b_6208,11596.385
00e12e8b_6209,11596.593
00e12e8b_6210,11596.267
00e12e8b_6211,11596.5625
00e12e8b_6212,11596.111
00e12e8b_6213,11596.431
00e12e8b_6214,11596.223
00e12e8b_6215,11596.214
00e12e8b_6216,11596.418
00e12e8b_6217,11595.791
00e12e8b_6218,11596.297
00e12e8b_6219,11595.786
00e12e8b_6220,11596.087
00e12e8b_6221,11595.974
00e12e8b_6222,11595.931
00e12e8b_6223,11595.685
00e12e8b_6224,11595.958
00e12e8b_6225,11595.71
00e12e8b_6226,11595.966
00e12e8b_6227,11595.853
00e12e8b_6228,11595.964
00e12e8b_6229,11595.655
00e12e8b_6230,11595.958
00e12e8b_6231,11595.738
00e12e8b_6232,11595.994
00e12e8b_6233,11595.88
00e12e8b_6234,11596.092
00e12e8b_6235,11595.777
00e12e8b_6236,11596.2295
00e12e8b_6237,11595.723
00e12e8b_6238,11595.887
00e12e8b_6239,11595.793
00e12e8b_6240,11595.674
00e12e8b_6241,11595.732
00e12e8b_6242,11595.539
00e12e8b_6243,11595.675
00e12e8b_6244,11595.335
00e12e8b_6245,11595.845
00e12e8b_6246,11595.775
00e12e8b_6247,11595.3545
00e12e8b_6248,11596.293
00e12e8b_6249,11596.305
00e12e8b_6250,11596.073
00e12e8b_6251,11596.525
00e12e8b_6252,11595.998
00e12e8b_6253,11595.54
00e12e8b_6254,11595.728
00e12e8b_6255,11595.812
00e12e8b_6256,11595.321
00e12e8b_6257,11595.81
00e12e8b_6258,11595.5205
00e12e8b_6259,11595.508
00e12e8b_6260,11595.465
00e12e8b_6261,11595.754
00e12e8b_6262,11595.26
00e12e8b_6263,11595.123
00e12e8b_6264,11595.635
00e12e8b_6265,11595.163
00e12e8b_6266,11595.47
00e12e8b_6267,11595.177
00e12e8b_6268,11594.781
00e12e8b_6269,11595.156
00e12e8b_6270,11595.094
00e12e8b_6271,11595.286
00e12e8b_6272,11595.13
00e12e8b_6273,11595.03
00e12e8b_6274,11595.541
00e12e8b_6275,11595.032
00e12e8b_6276,11595.048
00e12e8b_6277,11595.179
00e12e8b_6278,11595.239
00e12e8b_6279,11594.951
00e12e8b_6280,11594.5
00e12e8b_6281,11594.734
00e12e8b_6282,11594.852
00e12e8b_6283,11594.652
00e12e8b_6284,11594.703
00e12e8b_6285,11594.823
00e12e8b_6286,11594.875
00e12e8b_6287,11594.475
00e12e8b_6288,11594.45
00e12e8b_6289,11594.439
00e12e8b_6290,11594.56
00e12e8b_6291,11594.536
00e12e8b_6292,11594.994
00e12e8b_6293,11595.118
00e12e8b_6294,11594.922
00e12e8b_6295,11594.682
00e12e8b_6296,11594.764
00e12e8b_6297,11594.529
00e12e8b_6298,11594.837
00e12e8b_6299,11594.83
00e12e8b_6300,11594.633
00e12e8b_6301,11594.799
00e12e8b_6302,11594.675
00e12e8b_6303,11594.674
00e12e8b_6304,11594.723
00e12e8b_6305,11594.732
00e12e8b_6306,11594.697
00e12e8b_6307,11594.637
00e12e8b_6308,11594.834
00e12e8b_6309,11594.776
00e12e8b_6310,11594.915
00e12e8b_6311,11594.993
00e12e8b_6312,11594.752
00e12e8b_6313,11594.709
00e12e8b_6314,11594.506
00e12e8b_6315,11594.506
00e12e8b_6316,11594.72
00e12e8b_6317,11594.48
00e12e8b_6318,11594.488
00e12e8b_6319,11594.653
00e12e8b_6320,11594.544
00e12e8b_6321,11594.443
00e12e8b_6322,11594.4375
00e12e8b_6323,11595.11
00e12e8b_6324,11594.512
00e12e8b_6325,11594.656
00e12e8b_6326,11594.656
00e12e8b_6327,11594.726
00e12e8b_6328,11594.355
00e12e8b_6329,11594.731
00e12e8b_6330,11594.433
00e12e8b_6331,11594.423
00e12e8b_6332,11594.475
00e12e8b_6333,11594.316
00e12e8b_6334,11594.386
00e12e8b_6335,11594.672
00e12e8b_6336,11594.739
00e12e8b_6337,11594.451
00e12e8b_6338,11595.031
00e12e8b_6339,11594.973
00e12e8b_6340,11595.041
00e12e8b_6341,11595.403
00e12e8b_6342,11595.36
00e12e8b_6343,11595.302
00e12e8b_6344,11595.366
00e12e8b_6345,11595.388
00e12e8b_6346,11595.159
00e12e8b_6347,11595.496
00e12e8b_6348,11595.406
00e12e8b_6349,11595.351
00e12e8b_6350,11595.189
00e12e8b_6351,11595.333
00e12e8b_6352,11595.744
00e12e8b_6353,11595.716
00e12e8b_6354,11595.469
00e12e8b_6355,11595.34
00e12e8b_6356,11595.724
00e12e8b_6357,11595.69
00e12e8b_6358,11595.931
00e12e8b_6359,11595.439
00e12e8b_6360,11595.595
00e12e8b_6361,11595.686
00e12e8b_6362,11595.587
00e12e8b_6363,11595.458
00e12e8b_6364,11595.768
00e12e8b_6365,11595.601
00e12e8b_6366,11595.482
00e12e8b_6367,11595.4795
00e12e8b_6368,11595.33
00e12e8b_6369,11595.978
00e12e8b_6370,11595.507
00e12e8b_6371,11595.452
00e12e8b_6372,11595.209
00e12e8b_6373,11595.5205
00e12e8b_6374,11595.483
00e12e8b_6375,11595.771
00e12e8b_6376,11595.503
00e12e8b_6377,11595.709
00e12e8b_6378,11595.606
00e12e8b_6379,11595.55
00e12e8b_6380,11595.833
00e12e8b_6381,11595.529
00e12e8b_6382,11595.5625
00e12e8b_6383,11595.586
